code,time,open,high,low,close
1000,2024/11/08,35.03,40.49,34.82,35.65
1000,2024/11/11,42.23,42.23,31.64,31.69
1000,2024/11/12,35.60,35.72,31.08,31.22
1000,2024/11/13,39.94,39.94,30.62,30.79
1000,2024/11/14,38.24,39.74,32.37,33.79
1000,2024/11/15,46.85,48.47,31.26,33.17
1000,2024/11/18,29.32,33.19,28.93,32.51
1000,2024/11/19,31.48,33.79,30.73,31.29
1000,2024/11/20,30.67,30.80,29.08,29.23
1000,2024/11/21,28.86,29.15,28.00,28.06
1000,2024/11/22,27.98,31.53,27.52,31.28
1000,2024/11/25,31.66,33.12,31.36,31.36
1000,2024/11/26,30.96,32.35,30.61,31.86
1000,2024/11/27,31.91,33.97,30.29,30.46
1000,2024/11/28,30.08,30.65,29.37,30.10
1000,2024/11/29,30.80,31.93,29.68,29.68
1000,2024/12/02,30.96,32.06,30.09,30.09
1000,2024/12/03,30.25,32.30,30.22,30.93
1000,2024/12/04,31.21,32.48,30.97,31.69
1000,2024/12/05,32.21,32.43,30.85,30.85
1000,2024/12/06,31.36,32.59,29.15,29.19
1000,2024/12/09,32.08,33.36,30.19,30.43
1000,2024/12/10,29.02,35.65,29.02,30.80
1000,2024/12/11,33.53,33.62,28.25,28.33
1000,2024/12/12,29.81,31.16,28.11,28.49
1000,2024/12/13,34.35,34.87,26.66,26.94
1000,2024/12/16,0.01,35.85,0.01,29.02
1000,2024/12/17,34.39,34.90,29.72,31.04
1000,2024/12/18,36.76,38.55,29.13,29.59
1000,2024/12/19,39.35,39.35,29.74,30.52
1000,2024/12/20,48.67,48.67,28.61,32.01
1000,2024/12/23,26.39,29.93,26.08,29.39
1000,2024/12/24,28.81,29.42,27.97,27.98
1000,2024/12/25,27.93,29.91,27.83,28.58
1000,2024/12/26,28.35,28.64,26.30,26.53
1000,2024/12/27,26.68,27.06,25.21,25.55
1000,2024/12/30,27.08,28.03,26.39,26.84
1000,2024/12/31,27.20,29.82,26.95,29.34
1000,2025/01/02,30.31,34.54,28.87,32.41
1000,2025/01/03,32.86,34.28,31.39,33.03
1000,2025/01/06,35.97,37.73,34.66,34.92
1000,2025/01/07,36.25,36.46,30.41,30.47
1000,2025/01/08,31.90,35.13,30.58,31.13
1000,2025/01/09,32.09,33.87,30.39,30.78
1000,2025/01/10,33.30,33.67,31.38,31.82
1000,2025/01/13,37.32,41.63,35.06,36.18
1000,2025/01/14,38.94,39.81,32.58,33.03
1000,2025/01/15,37.30,37.67,31.13,31.39
1000,2025/01/16,37.07,39.17,28.70,29.91
1000,2025/01/17,42.86,43.04,27.34,30.55
1000,2025/01/20,29.17,30.24,28.20,28.41
1000,2025/01/21,27.85,28.81,27.85,28.07
1000,2025/01/22,28.53,29.64,28.15,28.68
1000,2025/01/23,28.00,29.34,27.58,28.02
1000,2025/01/24,28.38,28.48,26.74,26.94
1000,2025/01/27,27.86,28.69,26.74,26.86
1000,2025/02/05,30.43,30.43,27.28,27.31
1000,2025/02/06,28.11,28.16,25.50,25.96
1000,2025/02/07,26.51,27.53,24.13,24.62
1000,2025/02/10,26.63,28.11,25.62,25.82
1000,2025/02/11,27.11,28.04,25.55,25.86
1000,2025/02/12,28.10,28.10,24.24,24.59
1000,2025/02/13,25.73,27.97,24.13,24.53
1000,2025/02/14,27.19,27.19,22.90,22.98
1000,2025/02/17,27.32,28.88,24.54,24.74
1000,2025/02/18,28.93,29.82,25.03,25.38
1000,2025/02/19,29.97,30.09,23.44,23.61
1000,2025/02/20,29.92,30.01,23.09,23.44
1000,2025/02/21,33.30,35.26,22.82,22.92
1000,2025/02/24,23.59,24.13,22.81,23.06
1000,2025/02/25,25.00,25.00,22.89,23.12
1000,2025/02/26,23.21,23.57,22.11,22.27
1000,2025/02/27,23.10,24.00,22.54,22.78
1000,2025/02/28,24.00,26.15,23.79,25.71
1000,2025/03/03,26.68,27.28,24.53,24.67
1000,2025/03/04,25.83,26.02,23.59,23.79
1000,2025/03/05,24.50,24.91,22.98,23.13
1000,2025/03/06,23.70,24.16,22.20,22.29
1000,2025/03/07,24.51,24.56,22.15,22.24
1000,2025/03/10,25.13,25.24,23.09,23.24
1000,2025/03/11,26.19,26.19,23.00,23.11
1000,2025/03/12,25.17,25.24,22.86,23.11
1000,2025/03/13,25.68,27.03,23.60,23.60
1000,2025/03/14,25.82,26.52,22.99,23.15
1000,2025/03/17,29.41,29.56,24.97,25.04
1000,2025/03/18,28.75,29.53,24.34,24.45
1000,2025/03/19,30.41,31.80,25.35,25.70
1000,2025/03/20,34.27,34.94,25.65,25.72
1000,2025/03/21,39.07,41.39,25.07,26.66
1000,2025/03/24,22.87,23.71,22.32,22.40
1000,2025/03/25,22.43,22.69,21.87,22.12
1000,2025/03/26,22.43,22.47,21.09,21.40
1000,2025/03/27,21.93,22.96,20.86,21.16
1000,2025/03/28,21.61,22.57,21.35,21.95
1000,2025/03/31,23.49,24.86,22.94,23.31
1000,2025/04/01,23.51,23.56,21.77,22.00
1000,2025/04/02,22.68,22.79,21.47,21.79
1000,2025/04/03,22.67,23.92,22.28,22.76
1000,2025/04/07,27.07,56.19,26.98,56.19
1000,2025/04/08,47.94,48.56,39.35,43.18
1000,2025/04/09,40.00,48.15,38.19,38.61
1000,2025/04/10,36.91,36.91,32.15,33.22
1000,2025/04/11,33.94,34.84,29.83,31.25
1000,2025/04/14,35.39,35.39,28.87,29.26
1000,2025/04/15,32.51,32.51,27.56,27.79
1000,2025/04/16,32.13,32.40,28.35,28.84
1000,2025/04/17,35.18,35.35,27.41,27.89
1000,2025/04/18,37.84,38.75,25.91,26.67
1000,2025/04/21,26.15,26.20,23.78,23.89
1000,2025/04/22,24.79,24.93,24.06,24.30
1000,2025/04/23,24.79,24.95,23.45,23.74
1000,2025/04/24,24.56,25.27,24.30,24.67
1000,2025/04/25,25.11,25.15,23.91,24.19
1000,2025/04/28,25.71,26.46,25.37,25.42
1000,2025/04/29,26.11,26.34,24.62,24.73
1000,2025/04/30,25.53,25.81,24.19,25.46
1000,2025/05/06,28.70,28.70,22.72,22.74
1000,2025/05/07,23.61,25.62,22.22,22.25
1000,2025/05/08,24.22,24.40,21.13,21.29
1000,2025/05/09,23.34,23.78,21.38,21.93
1000,2025/05/12,26.14,26.66,22.90,23.75
1000,2025/05/13,26.45,26.45,22.19,22.24
1000,2025/05/14,25.94,26.42,22.22,22.59
1000,2025/05/15,29.68,29.68,22.99,23.22
1000,2025/05/16,32.19,32.19,21.21,22.67
1000,2025/05/19,22.63,22.70,20.47,20.48
1000,2025/05/20,21.86,21.94,19.88,19.91
1000,2025/05/21,21.41,21.57,20.34,20.41
1000,2025/05/22,21.90,22.35,21.16,22.08
1000,2025/05/23,23.06,23.89,21.82,23.44
1000,2025/05/26,25.06,25.06,23.30,23.32
1000,2025/05/27,24.36,24.48,22.66,22.72
1000,2025/05/28,23.92,24.00,23.13,23.29
1000,2025/05/29,24.44,24.44,21.02,21.02
1000,2025/05/30,22.92,23.00,21.76,21.77
1000,2025/06/03,24.48,24.50,21.88,21.94
1000,2025/06/04,23.39,23.42,21.22,21.40
1000,2025/06/05,23.12,23.21,20.94,20.98
1000,2025/06/06,23.00,23.03,21.22,21.23
1000,2025/06/09,24.19,24.19,20.99,21.02
1000,2025/06/10,23.35,23.41,21.27,21.52
1000,2025/06/11,23.92,23.92,20.87,21.00
1000,2025/06/12,23.84,23.95,21.86,21.86
1000,2025/06/13,24.55,25.18,22.34,22.43
1000,2025/06/16,28.83,28.83,23.61,23.64
1000,2025/06/17,27.53,27.57,22.54,22.62
1000,2025/06/18,29.43,29.48,23.38,23.56
1000,2025/06/19,31.14,31.14,23.33,23.69
1000,2025/06/20,38.16,38.16,24.92,26.38
1000,2025/06/23,21.49,21.64,18.83,19.08
1000,2025/06/24,20.06,20.06,17.81,17.95
1000,2025/06/25,19.10,20.35,18.25,19.34
1000,2025/06/26,20.21,20.47,19.40,19.44
1000,2025/06/27,19.61,19.92,18.01,18.03
1000,2025/06/30,19.40,19.46,17.91,17.94
1000,2025/07/01,19.15,19.22,17.78,17.83
1000,2025/07/02,19.34,19.46,17.77,18.15
1000,2025/07/03,18.34,18.37,16.69,16.72
1000,2025/07/04,18.16,18.43,17.06,17.10
1000,2025/07/07,19.79,19.79,18.49,18.56
1000,2025/07/08,19.66,19.66,17.96,18.05
1000,2025/07/09,19.43,19.64,18.66,18.77
1000,2025/07/10,20.16,20.16,17.88,18.02
1000,2025/07/11,19.34,20.13,16.80,17.07
1000,2025/07/14,21.24,21.49,18.85,18.95
1000,2025/07/15,21.10,21.50,17.82,17.88
1000,2025/07/16,21.12,21.31,16.78,16.92
1000,2025/07/17,21.48,21.87,16.89,16.97
1000,2025/07/18,24.51,27.84,17.96,18.52
1000,2025/07/21,16.08,16.96,15.80,16.66
1000,2025/07/22,16.31,17.20,16.11,17.14
1000,2025/07/23,17.25,18.65,17.25,18.42
1000,2025/07/24,17.92,19.07,17.06,19.04
1000,2025/07/25,18.30,19.17,18.05,19.11
1000,2025/07/28,18.47,19.57,17.95,18.35
1000,2025/07/29,17.92,18.37,17.46,18.16
1000,2025/07/30,18.65,19.36,17.76,18.39
1000,2025/07/31,18.80,18.87,17.10,17.76
1000,2025/08/01,17.74,18.14,16.73,16.82
1000,2025/08/04,18.95,19.08,16.45,16.75
1000,2025/08/05,17.58,17.70,16.43,16.43
1000,2025/08/06,17.68,17.71,16.27,16.35
1000,2025/08/07,18.00,18.33,16.62,16.68
1000,2025/08/08,18.64,18.67,16.53,16.68
1000,2025/08/11,19.82,21.26,17.85,17.85
1000,2025/08/12,20.42,21.69,17.97,18.11
1000,2025/08/13,20.94,24.15,19.56,19.71
1000,2025/08/14,22.94,26.09,18.92,19.79
1000,2025/08/15,25.40,28.35,18.28,18.92
1000,2025/08/18,18.01,23.88,18.01,22.82
1000,2025/08/19,20.83,22.77,20.82,21.90
1000,2025/08/20,20.80,23.25,20.03,23.24
1000,2025/08/21,20.07,24.40,20.07,23.49
1000,2025/08/22,21.36,22.86,21.00,22.72
1000,2025/08/25,19.47,23.43,19.47,22.58
1000,2025/08/26,21.41,22.80,20.41,21.53
1000,2025/08/27,19.99,24.43,19.99,23.77
1000,2025/08/28,22.81,26.07,22.38,23.33
1000,2025/08/29,22.59,25.36,22.47,23.11
1000,2025/09/01,22.22,23.11,21.58,21.59
1000,2025/09/02,21.02,27.14,21.02,24.96
1000,2025/09/03,23.69,26.58,23.47,25.03
1000,2025/09/04,24.81,30.31,24.27,27.52
1000,2025/09/05,27.61,27.92,24.20,24.50
1000,2025/09/08,26.65,27.31,23.97,23.99
1000,2025/09/09,26.50,26.77,24.47,24.51
1000,2025/09/10,26.77,26.85,23.08,23.19
1000,2025/09/11,26.13,27.12,23.41,23.42
1000,2025/09/12,26.52,27.31,21.86,21.86
1000,2025/09/15,28.56,28.77,25.49,25.66
1000,2025/09/16,30.04,31.28,24.41,24.63
1000,2025/09/17,31.57,31.57,26.76,28.00
1000,2025/09/18,36.49,37.64,25.06,25.06
1000,2025/09/19,39.56,40.67,24.97,27.72
1000,2025/09/22,21.08,23.23,20.88,22.38
1000,2025/09/23,21.50,26.79,21.38,22.75
1000,2025/09/24,22.61,22.97,20.97,21.43
1000,2025/09/25,21.93,22.29,21.41,21.78
1000,2025/09/26,22.33,23.05,21.81,22.47
1000,2025/09/29,22.86,23.30,21.87,21.87
1000,2025/09/30,21.64,22.27,19.95,20.17
1000,2025/10/09,23.84,24.22,19.32,19.43
1000,2025/10/10,22.31,22.31,20.42,20.60
1000,2025/10/13,29.32,29.47,22.94,23.55
1000,2025/10/14,24.32,28.44,22.48,26.29
1000,2025/10/15,27.93,28.73,21.30,21.32
1000,2025/10/16,27.32,27.32,21.72,21.99
1000,2025/10/17,29.37,29.39,20.89,22.30
1000,2025/10/20,24.56,24.84,23.26,24.12
1000,2025/10/21,23.78,23.78,22.39,22.42
1000,2025/10/22,22.65,22.82,21.83,22.46
1000,2025/10/23,22.56,23.86,22.08,22.20
1000,2025/10/24,21.76,22.01,20.57,20.84
1000,2025/10/27,21.18,21.54,20.51,20.55
1000,2025/10/28,21.35,21.69,20.68,20.87
1000,2025/10/29,21.23,21.33,20.46,21.08
1000,2025/10/30,21.62,22.05,20.92,21.40
1000,2025/10/31,21.91,21.93,20.95,21.04
1000,2025/11/03,22.25,22.91,20.51,20.57
1000,2025/11/04,21.75,22.67,21.19,21.44
1000,2025/11/05,22.87,23.38,20.64,20.75
1000,2025/11/06,21.71,21.71,19.28,19.28
1000,2025/11/07,21.21,21.31,19.33,19.50
1000,2025/11/10,21.87,21.91,19.86,19.95
1000,2025/11/11,21.73,21.90,20.36,20.94
1000,2025/11/12,22.46,23.16,19.99,20.45
1000,2025/11/13,22.31,22.33,19.09,19.09
1000,2025/11/14,22.46,22.46,19.58,19.88
1000,2025/11/17,23.90,23.90,20.31,20.37
1000,2025/11/18,23.62,23.87,21.43,21.68
1000,2025/11/19,24.57,24.67,20.99,21.09
1000,2025/11/20,24.91,25.29,20.34,20.67
1000,2025/11/21,28.42,31.70,21.37,22.84
1000,2025/11/24,24.81,24.81,22.28,22.31
1000,2025/11/25,23.12,23.12,20.30,20.43
1000,2025/11/26,21.66,21.71,20.01,20.25
1000,2025/11/27,21.18,21.18,19.21,20.13
1000,2025/11/28,20.87,20.92,18.77,18.77
1000,2025/12/01,20.73,20.82,19.26,19.27
1000,2025/12/02,20.64,20.85,19.74,19.80
1000,2025/12/03,20.94,20.94,19.66,19.84
1000,2025/12/04,21.23,21.32,19.33,19.45
1000,2025/12/05,20.82,21.32,18.15,18.21
1000,2025/12/08,21.12,21.20,18.65,18.68
1000,2025/12/09,21.00,21.00,18.88,18.91
1000,2025/12/10,21.22,21.22,18.33,18.69
1000,2025/12/11,21.01,21.15,19.55,19.93
1000,2025/12/12,22.10,22.36,18.27,18.27
1000,2025/12/15,23.91,23.91,20.93,21.18
1000,2025/12/16,25.45,25.94,21.95,21.95
1000,2025/12/17,26.54,27.29,21.03,21.49
1000,2025/12/18,27.07,28.53,22.31,23.32
1000,2025/12/19,31.22,32.02,20.16,23.10
1000,2025/12/22,18.58,18.72,16.82,16.88
1000,2025/12/23,17.76,17.99,17.11,17.27
1000,2025/12/24,18.04,18.94,17.11,17.93
1000,2025/12/25,18.53,18.77,17.15,17.42
1000,2025/12/26,18.13,19.10,17.56,17.98
1000,2025/12/29,19.01,19.39,18.74,18.87
1000,2025/12/30,20.31,20.31,19.26,19.88
1000,2025/12/31,20.14,20.69,18.17,18.34
1000,2026/01/05,19.95,20.92,19.13,20.72
1000,2026/01/06,20.96,22.70,20.24,21.57
1000,2026/01/07,21.05,22.18,19.94,20.10
1000,2026/01/08,21.37,21.48,19.80,19.97
1000,2026/01/09,20.74,24.08,20.46,23.46
1000,2026/01/12,23.31,34.04,23.31,30.75
1000,2026/01/13,30.65,31.45,25.97,26.49
1000,2026/01/14,27.18,30.71,25.27,25.53
1000,2026/01/15,29.35,30.27,24.45,26.08
1000,2026/01/16,30.72,33.89,20.28,23.56
1000,2026/01/19,21.71,21.85,20.31,20.43
1000,2026/01/20,19.91,20.00,19.18,19.44
1000,2026/01/21,20.25,20.25,18.90,19.80
1000,2026/01/22,19.66,20.48,19.66,20.24
1000,2026/01/23,19.93,23.43,19.93,23.38
1000,2026/01/26,22.26,23.80,21.72,22.78
1000,2026/01/27,23.27,23.72,21.89,23.43
1000,2026/01/28,22.82,23.67,22.73,23.32
1000,2026/01/29,23.92,23.96,22.69,23.11
1000,2026/01/30,24.37,26.20,23.13,23.65
1000,2026/02/02,25.41,28.95,24.90,28.03
1000,2026/02/03,27.36,27.41,23.88,23.97
1000,2026/02/04,24.87,24.87,22.64,22.74
1000,2026/02/05,24.46,24.70,22.99,23.50
1000,2026/02/06,24.41,25.21,22.84,22.93
1000,2026/02/09,23.01,23.79,21.53,22.12
1000,2026/02/10,22.75,23.17,20.33,20.51
1000,2026/02/11,22.44,22.44,20.29,20.69
1000,2026/02/12,22.05,22.59,20.30,20.47
1000,2026/02/13,23.27,23.44,20.52,20.83
1000,2026/02/24,35.74,35.74,22.96,25.17
1000,2026/02/25,22.91,23.75,22.63,22.74
1000,2026/02/26,22.68,23.13,21.69,21.73
1000,2026/02/27,24.21,24.21,21.48,21.54
1000,2026/03/02,24.62,24.67,22.40,22.51
1000,2026/03/03,22.89,26.74,22.81,25.83
1000,2026/03/04,26.18,27.76,24.90,26.66
1000,2026/03/05,25.45,25.56,23.59,23.62
1000,2026/03/06,24.87,25.37,22.34,22.40
1000,2026/03/09,25.51,29.32,24.94,25.04
1000,2026/03/10,24.96,26.07,22.65,22.87
1000,2026/03/11,24.68,24.79,22.82,23.00
1000,2026/03/12,25.17,25.74,23.62,23.70
1000,2026/03/13,26.32,26.85,24.44,25.18
1000,2026/03/16,30.83,31.46,25.13,25.28
1000,2026/03/17,28.61,30.40,26.53,27.91
1000,2026/03/18,31.78,32.97,25.13,25.16
1000,2026/03/19,31.72,33.54,26.34,26.83
1000,2026/03/20,37.63,37.63,24.39,26.06
1000,2026/03/23,25.40,36.94,25.40,35.36
1000,2026/03/24,34.86,34.86,27.90,27.94
1000,2026/03/25,28.34,28.34,24.62,25.07
1000,2026/03/26,26.18,27.40,25.12,27.12
1000,2026/03/27,26.77,28.46,25.55,25.81
1000,2026/03/30,27.19,29.92,26.60,26.62
1000,2026/03/31,27.44,28.13,26.31,27.76
1000,2026/04/01,27.98,27.98,24.93,24.97
1000,2026/04/02,26.72,28.68,25.70,27.13
1000,2026/04/03,28.31,28.98,27.75,28.06
1000,2026/04/07,31.15,31.15,27.69,28.16
1000,2026/04/08,28.21,28.21,24.51,25.04
1000,2026/04/09,27.89,27.89,23.05,23.11
1000,2026/04/10,24.68,24.88,22.10,22.43
1000,2026/04/13,28.33,28.33,24.14,24.28
1000,2026/04/14,26.37,26.47,22.39,22.39
1000,2026/04/15,25.90,27.19,23.19,23.31
1000,2026/04/16,27.64,29.03,21.74,21.95
1000,2026/04/17,32.16,32.16,20.14,20.43
1000,2026/04/20,22.47,22.53,21.58,21.69
1000,2026/04/21,22.44,22.67,21.17,21.46
1000,2026/04/22,22.20,22.20,20.48,21.28
1000,2026/04/23,21.06,22.45,20.58,22.01
1000,2026/04/24,23.44,23.44,22.04,22.37
1000,2026/04/27,23.88,24.23,22.27,22.36
1000,2026/04/28,23.75,23.81,21.77,22.24
1000,2026/04/29,23.79,23.91,21.49,21.69
1000,2026/04/30,22.60,22.68,20.93,21.19
1000,2026/05/06,23.61,24.70,21.13,21.36
1000,2026/05/07,21.70,24.43,21.70,22.42
1000,2026/05/08,26.99,26.99,21.09,21.10
1000,2026/05/11,24.17,25.60,23.25,23.34
1000,2026/05/12,25.30,25.72,23.40,23.41
1000,2026/05/13,28.51,28.83,23.34,23.86
1000,2026/05/14,27.53,30.42,21.91,24.06
1000,2026/05/15,30.80,31.63,19.83,21.17
1000,2026/05/18,24.18,24.72,22.82,22.83
1000,2026/05/19,22.91,23.86,21.82,21.92
1000,2026/05/20,22.34,22.90,21.75,21.77
1000,2026/05/21,21.76,24.55,21.76,24.14
1000,2026/05/22,23.57,24.34,22.23,22.26
1000,2026/05/25,22.78,23.18,21.88,21.99
1000,2026/05/26,22.80,24.20,22.66,23.29
1000,2026/05/27,23.47,26.38,23.15,25.38
1000,2026/05/28,25.30,25.65,22.42,22.52
1000,2026/05/29,23.43,25.82,23.43,24.70
1000,2026/06/01,26.31,26.52,24.56,26.00
1000,2026/06/02,26.65,28.44,24.87,25.10
1000,2026/06/03,26.07,26.20,23.77,23.82
1000,2026/06/04,25.73,26.03,24.18,24.25
1000,2026/06/05,25.59,26.41,24.19,24.61
1000,2026/06/08,27.29,30.79,27.29,28.21
1000,2026/06/09,29.58,29.58,24.43,24.51
1000,2026/06/10,27.31,27.89,25.89,26.17
1000,2026/06/11,28.11,28.49,25.83,25.84
1000,2026/06/12,27.67,27.67,23.85,24.00
1000,2026/06/15,28.16,28.35,22.75,23.14
1000,2026/06/16,26.79,26.79,22.59,22.93
1000,2026/06/17,29.30,29.30,22.45,22.99
1000,2026/06/18,29.74,29.74,20.73,20.80
1000,2026/06/22,38.35,38.35,25.17,25.64
1000,2026/06/23,23.53,26.50,23.21,26.31
1000,2026/06/24,26.45,26.74,24.23,24.28
1000,2026/06/25,24.07,24.99,23.89,23.96
1000,2026/06/26,24.98,27.05,24.27,25.62
1000,2026/06/29,26.23,28.07,25.04,25.46
1000,2026/06/30,25.78,26.06,23.43,23.53
1000,2026/07/01,24.10,24.55,22.84,22.88
1000,2026/07/02,26.26,26.49,24.08,25.61
1000,2026/07/03,25.97,26.64,23.96,24.46
1000,2026/07/06,26.01,28.14,25.52,26.55
1000,2026/07/07,27.42,28.52,26.82,27.05
1000,2026/07/08,28.02,29.73,26.93,27.89
1000,2026/07/09,29.58,29.96,25.83,25.86
1000,2026/07/10,27.66,27.84,25.19,25.78
1000,2026/07/13,29.32,37.61,29.18,34.25
1000,2026/07/14,37.60,37.78,31.40,31.79
1000,2026/07/15,34.29,35.66,30.69,31.29
1000,2026/07/16,36.16,37.83,31.59,31.76
1000,2026/07/17,42.10,45.10,33.47,36.34
1000,2026/07/20,39.52,46.42,36.32,43.26
1000,2026/07/21,42.96,46.05,35.22,35.45
1000,2026/07/22,35.42,35.82,32.12,32.96
1000,2026/07/23,33.85,33.88,30.96,31.12
1000,2026/07/24,30.97,34.02,30.81,33.33
1000,2026/07/27,35.00,35.12,31.69,31.79
1000,2026/07/28,31.68,35.61,31.09,34.83
1000,2026/07/29,35.76,37.74,35.00,35.31
1000,2026/07/30,34.90,40.96,34.80,38.81
1000,2026/07/31,39.27,39.63,33.31,34.85
510050,2024/11/08,31.90,33.86,30.99,31.27
510050,2024/11/11,34.06,34.11,27.38,27.82
510050,2024/11/12,29.50,29.53,26.25,27.07
510050,2024/11/13,29.04,29.06,25.82,26.03
510050,2024/11/14,28.33,28.47,25.81,26.16
510050,2024/11/15,28.52,28.64,25.32,25.78
510050,2024/11/18,29.45,29.64,26.53,26.70
510050,2024/11/19,30.16,30.43,26.97,27.06
510050,2024/11/20,30.58,31.02,26.04,26.04
510050,2024/11/21,29.16,29.25,24.64,24.64
510050,2024/11/22,28.20,28.29,25.30,27.17
510050,2024/11/25,37.56,38.08,29.59,30.31
510050,2024/11/26,39.90,40.76,27.35,27.65
510050,2024/11/27,38.10,38.10,26.59,27.97
510050,2024/11/28,25.12,25.23,22.90,22.96
510050,2024/11/29,23.99,24.49,22.71,22.76
510050,2024/12/02,24.87,25.58,23.72,23.78
510050,2024/12/03,25.35,25.55,23.61,23.61
510050,2024/12/04,25.60,25.61,23.92,23.92
510050,2024/12/05,25.91,25.91,23.75,23.75
510050,2024/12/06,25.19,25.19,23.05,23.21
510050,2024/12/09,26.53,26.56,23.47,23.56
510050,2024/12/10,26.44,30.52,25.52,25.83
510050,2024/12/11,27.88,27.88,24.53,25.17
510050,2024/12/12,26.76,27.09,24.85,24.99
510050,2024/12/13,27.37,27.67,23.58,23.73
510050,2024/12/16,28.38,28.63,23.65,23.88
510050,2024/12/17,26.73,27.17,23.15,23.18
510050,2024/12/18,26.36,26.53,22.79,22.91
510050,2024/12/19,26.85,27.45,23.36,23.70
510050,2024/12/20,27.52,27.79,22.42,22.60
510050,2024/12/23,32.65,32.65,24.25,24.41
510050,2024/12/24,33.68,33.73,23.61,24.26
510050,2024/12/25,34.07,34.46,24.48,25.08
510050,2024/12/26,19.93,20.22,18.72,18.97
510050,2024/12/27,19.53,19.54,18.24,18.40
510050,2024/12/30,19.66,19.73,18.07,18.19
510050,2024/12/31,18.95,19.13,17.93,17.93
510050,2025/01/02,19.38,21.98,18.96,21.08
510050,2025/01/03,21.88,21.98,20.60,20.87
510050,2025/01/06,22.64,23.75,22.00,22.31
510050,2025/01/07,23.40,23.71,20.09,20.22
510050,2025/01/08,21.11,21.23,19.17,19.21
510050,2025/01/09,20.60,20.69,19.11,19.23
510050,2025/01/10,20.40,20.41,18.90,19.33
510050,2025/01/13,21.08,23.05,20.76,20.88
510050,2025/01/14,22.83,22.93,20.23,20.46
510050,2025/01/15,21.56,22.03,19.91,20.12
510050,2025/01/16,21.64,21.82,20.01,20.29
510050,2025/01/17,21.58,22.67,20.28,20.72
510050,2025/01/20,26.17,26.51,21.62,22.40
510050,2025/01/21,26.02,26.33,20.89,21.00
510050,2025/01/22,27.51,27.98,21.25,23.24
510050,2025/01/23,20.90,21.26,19.69,19.74
510050,2025/01/24,20.78,21.11,19.31,19.31
510050,2025/01/27,20.84,20.95,18.35,18.44
510050,2025/02/05,20.91,20.99,18.74,18.78
510050,2025/02/06,19.56,19.64,17.87,18.02
510050,2025/02/07,19.08,19.22,17.52,17.61
510050,2025/02/10,19.56,19.76,18.00,18.33
510050,2025/02/11,19.17,19.29,17.63,17.89
510050,2025/02/12,18.76,18.99,17.08,17.43
510050,2025/02/13,18.86,19.11,16.21,16.29
510050,2025/02/14,18.50,18.50,16.22,16.52
510050,2025/02/17,18.80,19.31,17.18,17.18
510050,2025/02/18,19.18,19.35,16.65,16.94
510050,2025/02/19,19.32,19.38,16.38,16.85
510050,2025/02/20,19.10,19.11,16.53,16.56
510050,2025/02/21,18.34,19.63,16.42,16.48
510050,2025/02/24,23.16,23.35,18.21,18.40
510050,2025/02/25,22.54,22.69,18.42,18.59
510050,2025/02/26,23.98,23.98,18.26,18.75
510050,2025/02/27,19.33,19.64,17.28,17.28
510050,2025/02/28,19.07,19.10,17.73,17.93
510050,2025/03/03,19.90,19.93,17.56,17.65
510050,2025/03/04,18.96,19.27,17.14,17.19
510050,2025/03/05,18.50,18.65,16.32,16.56
510050,2025/03/06,17.84,18.04,16.43,16.78
510050,2025/03/07,18.75,18.75,16.11,16.29
510050,2025/03/10,18.27,18.64,15.77,15.77
510050,2025/03/11,18.51,18.78,16.04,16.07
510050,2025/03/12,18.31,18.68,16.63,16.63
510050,2025/03/13,18.49,18.69,16.72,16.76
510050,2025/03/14,18.78,19.95,16.61,17.82
510050,2025/03/17,21.54,23.18,19.09,19.23
510050,2025/03/18,21.18,22.19,19.08,19.43
510050,2025/03/19,21.90,21.90,18.74,19.22
510050,2025/03/20,21.51,22.74,18.33,18.52
510050,2025/03/21,22.31,22.31,17.98,17.98
510050,2025/03/24,25.59,25.59,19.43,19.55
510050,2025/03/25,25.08,25.85,19.54,19.54
510050,2025/03/26,27.27,27.67,19.90,20.94
510050,2025/03/27,15.48,15.51,14.32,14.39
510050,2025/03/28,14.93,15.04,14.60,14.72
510050,2025/03/31,16.07,16.58,15.44,15.60
510050,2025/04/01,16.26,16.45,15.54,15.59
510050,2025/04/02,16.15,16.20,15.39,15.47
510050,2025/04/03,16.36,16.73,15.19,15.19
510050,2025/04/07,18.29,44.24,18.29,38.68
510050,2025/04/08,36.17,36.17,25.12,25.52
510050,2025/04/09,27.52,28.47,22.76,23.22
510050,2025/04/10,23.42,23.94,19.41,19.79
510050,2025/04/11,21.56,21.56,18.63,19.07
510050,2025/04/14,21.84,21.84,17.33,17.36
510050,2025/04/15,19.39,19.42,16.64,16.85
510050,2025/04/16,18.02,18.44,15.72,16.51
510050,2025/04/17,19.38,19.38,15.53,16.17
510050,2025/04/18,19.18,19.18,16.06,16.60
510050,2025/04/21,22.07,22.12,17.77,18.37
510050,2025/04/22,22.72,22.72,18.09,18.37
510050,2025/04/23,24.50,25.41,18.78,19.80
510050,2025/04/24,15.98,16.06,15.09,15.16
510050,2025/04/25,15.71,15.79,15.18,15.23
510050,2025/04/28,16.44,16.54,15.40,15.48
510050,2025/04/29,16.10,16.15,15.39,15.39
510050,2025/04/30,16.25,16.39,15.85,16.12
510050,2025/05/06,17.14,17.14,14.50,14.50
510050,2025/05/07,14.72,15.88,13.44,13.44
510050,2025/05/08,14.86,14.86,13.20,13.43
510050,2025/05/09,15.10,15.13,14.03,14.04
510050,2025/05/12,15.57,15.75,13.66,14.83
510050,2025/05/13,16.06,16.14,14.35,14.40
510050,2025/05/14,15.17,17.68,13.79,15.62
510050,2025/05/15,17.73,17.84,15.00,15.00
510050,2025/05/16,16.83,17.30,13.86,13.91
510050,2025/05/19,16.64,16.69,13.98,14.09
510050,2025/05/20,15.57,15.62,14.05,14.10
510050,2025/05/21,16.06,16.06,14.30,14.55
510050,2025/05/22,17.43,17.43,14.61,14.89
510050,2025/05/23,17.82,17.82,15.20,15.33
510050,2025/05/26,21.01,21.01,16.17,16.35
510050,2025/05/27,20.94,20.94,16.39,16.92
510050,2025/05/28,22.77,23.09,16.76,17.26
510050,2025/05/29,16.37,16.37,14.87,15.01
510050,2025/05/30,16.09,16.12,14.67,14.68
510050,2025/06/03,16.33,16.33,14.70,14.74
510050,2025/06/04,15.52,15.61,14.55,14.60
510050,2025/06/05,15.41,15.57,14.53,14.62
510050,2025/06/06,15.42,15.63,14.26,14.28
510050,2025/06/09,16.11,16.12,14.68,14.79
510050,2025/06/10,15.95,16.09,14.63,14.73
510050,2025/06/11,16.13,16.13,14.29,14.46
510050,2025/06/12,16.24,16.24,14.58,14.60
510050,2025/06/13,16.22,16.22,14.80,14.81
510050,2025/06/16,17.70,17.70,15.16,15.30
510050,2025/06/17,17.42,17.42,15.42,15.49
510050,2025/06/18,17.65,17.65,15.37,15.58
510050,2025/06/19,17.69,17.82,15.29,15.29
510050,2025/06/20,18.05,18.05,13.95,14.19
510050,2025/06/23,20.95,21.05,15.72,16.25
510050,2025/06/24,22.03,22.03,16.09,16.19
510050,2025/06/25,24.71,24.88,18.04,19.05
510050,2025/06/26,16.10,16.33,14.89,14.89
510050,2025/06/27,14.92,15.68,14.50,14.55
510050,2025/06/30,15.15,15.15,13.91,14.10
510050,2025/07/01,14.60,14.81,13.82,14.04
510050,2025/07/02,14.26,14.38,13.46,13.54
510050,2025/07/03,14.20,14.36,13.61,13.62
510050,2025/07/04,14.26,15.51,13.49,13.49
510050,2025/07/07,15.39,15.49,14.27,14.39
510050,2025/07/08,15.03,15.34,14.39,14.73
510050,2025/07/09,15.21,16.08,14.73,14.90
510050,2025/07/10,15.99,15.99,14.59,14.83
510050,2025/07/11,16.00,18.84,15.40,16.07
510050,2025/07/14,18.23,18.23,16.23,16.34
510050,2025/07/15,17.26,17.55,15.13,15.37
510050,2025/07/16,16.63,16.75,15.35,15.63
510050,2025/07/17,16.90,17.08,15.19,15.48
510050,2025/07/18,17.08,17.69,14.33,14.99
510050,2025/07/21,20.41,21.10,15.90,15.90
510050,2025/07/22,20.15,20.46,15.36,15.68
510050,2025/07/23,23.85,24.24,17.18,18.69
510050,2025/07/24,17.18,17.41,16.36,16.55
510050,2025/07/25,17.07,17.34,16.66,16.69
510050,2025/07/28,17.54,17.77,16.63,16.79
510050,2025/07/29,17.42,17.46,16.63,16.87
510050,2025/07/30,17.65,17.71,16.27,16.38
510050,2025/07/31,17.45,17.45,16.28,16.29
510050,2025/08/01,17.26,17.33,15.65,15.66
510050,2025/08/04,16.88,16.97,15.38,15.43
510050,2025/08/05,16.07,16.07,14.93,15.03
510050,2025/08/06,15.96,15.96,14.81,14.97
510050,2025/08/07,15.50,15.93,14.59,14.59
510050,2025/08/08,15.89,15.89,14.47,14.52
510050,2025/08/11,15.81,15.91,14.78,14.96
510050,2025/08/12,15.93,16.05,14.26,14.75
510050,2025/08/13,16.40,16.93,15.47,16.16
510050,2025/08/14,17.21,18.97,16.04,16.21
510050,2025/08/15,17.74,18.45,16.41,18.29
510050,2025/08/18,20.77,22.36,20.18,21.06
510050,2025/08/19,22.89,23.25,19.55,19.68
510050,2025/08/20,21.11,21.12,18.07,19.27
510050,2025/08/21,21.45,22.06,18.42,18.85
510050,2025/08/22,20.55,21.91,17.54,20.07
510050,2025/08/25,27.93,33.06,24.66,29.35
510050,2025/08/26,32.06,33.41,24.41,24.41
510050,2025/08/27,30.66,31.30,23.92,25.98
510050,2025/08/28,24.59,24.59,22.68,23.60
510050,2025/08/29,25.13,26.16,23.35,23.84
510050,2025/09/01,25.22,25.92,22.46,22.96
510050,2025/09/02,23.70,23.93,22.03,22.34
510050,2025/09/03,24.14,24.34,21.74,21.81
510050,2025/09/04,23.30,24.32,22.12,22.49
510050,2025/09/05,24.07,24.30,19.90,20.25
510050,2025/09/08,23.15,23.59,20.78,20.87
510050,2025/09/09,22.60,22.66,19.72,19.82
510050,2025/09/10,22.03,22.03,19.06,19.17
510050,2025/09/11,21.80,21.80,19.57,20.46
510050,2025/09/12,22.71,23.35,19.80,20.01
510050,2025/09/15,23.25,24.75,21.97,22.22
510050,2025/09/16,24.18,24.61,22.82,23.03
510050,2025/09/17,26.27,26.46,23.94,24.46
510050,2025/09/18,26.74,27.04,22.35,22.35
510050,2025/09/19,26.58,26.68,21.58,21.70
510050,2025/09/22,30.39,30.39,23.65,23.81
510050,2025/09/23,29.51,29.91,22.63,22.72
510050,2025/09/24,31.37,31.56,22.67,23.57
510050,2025/09/25,19.51,19.55,17.92,18.06
510050,2025/09/26,18.67,18.72,18.14,18.32
510050,2025/09/29,19.65,19.76,18.30,18.74
510050,2025/09/30,19.25,20.01,18.60,18.63
510050,2025/10/09,21.00,21.34,17.71,18.48
510050,2025/10/10,20.10,20.10,18.43,18.86
510050,2025/10/13,23.36,25.97,20.86,21.30
510050,2025/10/14,21.35,21.84,19.69,20.80
510050,2025/10/15,22.32,22.50,18.89,19.72
510050,2025/10/16,21.35,21.39,18.37,18.74
510050,2025/10/17,20.74,21.07,19.14,19.49
510050,2025/10/20,24.12,24.65,19.56,20.00
510050,2025/10/21,24.19,24.51,18.92,19.02
510050,2025/10/22,26.81,26.99,20.72,20.73
510050,2025/10/23,17.50,17.88,16.57,16.70
510050,2025/10/24,17.21,17.94,16.31,16.35
510050,2025/10/27,18.06,18.15,16.50,16.55
510050,2025/10/28,17.65,18.00,16.42,16.69
510050,2025/10/29,17.21,17.50,16.71,16.82
510050,2025/10/30,17.55,18.10,16.27,16.32
510050,2025/10/31,17.22,17.78,16.67,16.84
510050,2025/11/03,18.50,18.50,16.51,16.81
510050,2025/11/04,17.20,17.46,16.38,16.56
510050,2025/11/05,17.79,18.25,16.20,16.52
510050,2025/11/06,16.76,17.02,15.43,15.61
510050,2025/11/07,16.48,16.91,15.41,15.41
510050,2025/11/10,16.72,17.01,15.84,15.99
510050,2025/11/11,16.94,17.31,16.11,16.53
510050,2025/11/12,17.75,17.75,15.75,15.80
510050,2025/11/13,17.49,17.49,15.16,15.66
510050,2025/11/14,17.67,17.70,15.70,16.01
510050,2025/11/17,18.50,18.59,16.78,16.80
510050,2025/11/18,18.62,19.03,17.25,17.51
510050,2025/11/19,19.47,19.47,16.43,16.96
510050,2025/11/20,18.69,19.09,16.33,16.61
510050,2025/11/21,19.63,20.66,17.13,18.29
510050,2025/11/24,23.92,23.93,18.63,19.51
510050,2025/11/25,23.49,23.70,18.17,18.36
510050,2025/11/26,24.42,24.42,18.89,19.97
510050,2025/11/27,16.19,16.32,14.75,14.78
510050,2025/11/28,15.75,15.75,14.49,14.67
510050,2025/12/01,15.62,15.90,14.04,14.04
510050,2025/12/02,15.14,15.41,14.42,14.42
510050,2025/12/03,15.60,15.66,14.60,14.61
510050,2025/12/04,15.18,15.56,13.81,14.03
510050,2025/12/05,15.01,15.24,13.37,13.37
510050,2025/12/08,15.81,16.32,14.31,14.53
510050,2025/12/09,16.70,16.70,14.45,14.76
510050,2025/12/10,16.33,16.33,14.30,14.54
510050,2025/12/11,16.00,16.15,14.91,14.91
510050,2025/12/12,16.18,16.36,14.18,14.56
510050,2025/12/15,17.49,17.56,15.26,15.74
510050,2025/12/16,18.13,18.31,16.24,16.29
510050,2025/12/17,18.71,19.34,15.16,15.18
510050,2025/12/18,18.19,18.42,16.34,16.48
510050,2025/12/19,18.56,18.88,15.25,15.81
510050,2025/12/22,21.12,21.57,16.75,16.95
510050,2025/12/23,21.22,21.32,16.27,16.53
510050,2025/12/24,23.62,23.63,17.70,17.70
510050,2025/12/25,14.14,14.22,13.45,13.69
510050,2025/12/26,13.75,14.26,13.56,14.15
510050,2025/12/29,14.51,14.54,14.06,14.21
510050,2025/12/30,14.88,14.92,14.23,14.60
510050,2025/12/31,14.77,14.98,14.28,14.29
510050,2026/01/05,15.00,15.06,14.01,14.40
510050,2026/01/06,15.06,17.65,14.80,17.27
510050,2026/01/07,17.66,18.80,17.12,17.36
510050,2026/01/08,18.49,18.49,16.43,16.81
510050,2026/01/09,17.38,18.25,16.51,17.01
510050,2026/01/12,18.28,20.28,18.00,19.61
510050,2026/01/13,20.15,22.47,18.51,18.76
510050,2026/01/14,19.40,20.41,17.78,18.44
510050,2026/01/15,19.73,19.73,16.66,16.70
510050,2026/01/16,17.54,17.96,16.40,16.45
510050,2026/01/19,19.14,19.23,16.53,16.60
510050,2026/01/20,17.80,17.80,15.81,16.00
510050,2026/01/21,18.22,18.22,16.09,16.50
510050,2026/01/22,18.37,18.37,16.59,16.62
510050,2026/01/23,18.93,19.29,17.44,18.19
510050,2026/01/26,23.55,23.55,20.15,20.72
510050,2026/01/27,25.55,25.55,19.08,19.17
510050,2026/01/28,25.11,25.43,20.38,21.27
510050,2026/01/29,18.78,18.97,16.77,17.01
510050,2026/01/30,18.97,19.97,18.08,18.29
510050,2026/02/02,20.19,23.46,19.44,22.23
510050,2026/02/03,22.84,22.84,18.46,18.54
510050,2026/02/04,19.16,19.31,16.41,16.41
510050,2026/02/05,17.35,17.77,16.26,16.32
510050,2026/02/06,17.65,18.87,16.34,16.50
510050,2026/02/09,17.63,17.82,15.77,16.07
510050,2026/02/10,16.78,16.98,15.13,15.26
510050,2026/02/11,16.25,16.26,15.28,15.38
510050,2026/02/12,16.13,16.37,15.60,15.60
510050,2026/02/13,17.03,17.24,16.32,16.32
510050,2026/02/24,24.68,24.68,18.34,18.81
510050,2026/02/25,23.92,23.92,18.09,19.43
510050,2026/02/26,16.24,16.52,14.93,15.06
510050,2026/02/27,16.04,16.08,14.81,14.97
510050,2026/03/02,16.36,16.84,15.26,15.36
510050,2026/03/03,16.74,17.59,15.58,17.14
510050,2026/03/04,18.21,19.73,17.61,18.11
510050,2026/03/05,18.83,18.83,15.92,16.18
510050,2026/03/06,17.36,17.58,15.77,15.82
510050,2026/03/09,17.76,22.10,17.53,17.86
510050,2026/03/10,18.47,18.47,16.39,16.56
510050,2026/03/11,17.54,17.54,16.38,16.56
510050,2026/03/12,17.15,18.13,16.75,16.76
510050,2026/03/13,17.92,18.30,17.16,17.82
510050,2026/03/16,19.42,20.40,17.41,17.73
510050,2026/03/17,19.65,19.65,16.92,17.40
510050,2026/03/18,19.75,19.75,17.04,17.08
510050,2026/03/19,18.77,20.81,18.71,19.47
510050,2026/03/20,21.02,21.12,18.45,19.70
510050,2026/03/23,25.39,33.53,25.39,30.89
510050,2026/03/24,36.85,36.85,23.64,24.15
510050,2026/03/25,30.48,30.48,21.07,22.21
510050,2026/03/26,17.63,18.61,16.97,18.51
510050,2026/03/27,17.88,19.13,17.22,17.56
510050,2026/03/30,18.80,19.86,18.20,18.31
510050,2026/03/31,18.91,18.91,17.48,17.98
510050,2026/04/01,18.17,18.17,16.66,16.75
510050,2026/04/02,17.16,17.94,16.99,17.41
510050,2026/04/03,18.20,19.40,18.06,19.01
510050,2026/04/07,20.23,20.23,18.07,18.45
510050,2026/04/08,18.19,18.19,15.89,16.46
510050,2026/04/09,17.62,17.68,16.02,16.02
510050,2026/04/10,17.02,17.05,15.96,16.10
510050,2026/04/13,18.41,18.41,17.01,17.06
510050,2026/04/14,17.66,18.21,16.90,17.22
510050,2026/04/15,18.06,18.52,16.57,16.81
510050,2026/04/16,18.15,18.65,17.35,17.67
510050,2026/04/17,18.72,18.79,16.70,17.11
510050,2026/04/20,21.18,21.18,17.50,18.13
510050,2026/04/21,20.89,21.30,18.20,18.23
510050,2026/04/22,23.04,23.04,18.37,18.66
510050,2026/04/23,16.63,16.63,15.51,15.60
510050,2026/04/24,16.50,16.51,15.34,15.47
510050,2026/04/27,16.77,16.77,15.53,15.56
510050,2026/04/28,16.30,16.30,15.04,15.14
510050,2026/04/29,16.11,16.11,14.60,14.60
510050,2026/04/30,15.40,15.40,14.28,14.75
510050,2026/05/06,16.18,16.93,15.30,15.73
510050,2026/05/07,16.77,17.16,16.59,16.91
510050,2026/05/08,17.92,17.92,16.77,16.85
510050,2026/05/11,17.31,18.09,16.88,17.58
510050,2026/05/12,18.84,18.84,17.75,17.90
510050,2026/05/13,19.01,19.03,17.55,17.55
510050,2026/05/14,18.40,18.89,17.63,17.86
510050,2026/05/15,19.01,19.01,17.35,17.49
510050,2026/05/18,19.12,20.02,17.95,18.47
510050,2026/05/19,19.74,19.79,17.41,17.54
510050,2026/05/20,19.25,19.48,17.27,17.50
510050,2026/05/21,18.68,18.94,17.55,18.19
510050,2026/05/22,20.23,20.49,17.96,18.21
510050,2026/05/25,23.09,23.09,19.05,19.10
510050,2026/05/26,22.96,23.17,19.28,20.07
510050,2026/05/27,25.14,25.63,20.13,21.58
510050,2026/05/28,20.86,20.86,18.83,18.86
510050,2026/05/29,20.05,20.05,18.77,18.88
510050,2026/06/01,20.60,20.60,19.13,19.36
510050,2026/06/02,20.65,20.65,18.28,18.33
510050,2026/06/03,19.56,19.58,18.07,18.20
510050,2026/06/04,19.21,19.46,18.61,18.74
510050,2026/06/05,19.77,20.23,18.66,18.86
510050,2026/06/08,21.27,23.21,20.58,20.59
510050,2026/06/09,22.57,22.73,19.36,19.38
510050,2026/06/10,21.09,21.34,18.90,19.05
510050,2026/06/11,21.11,21.11,18.44,18.79
510050,2026/06/12,20.18,20.18,17.06,17.38
510050,2026/06/15,21.00,21.00,18.38,18.59
510050,2026/06/16,20.92,20.92,19.49,19.54
510050,2026/06/17,21.73,21.99,19.78,20.07
510050,2026/06/18,22.13,22.13,19.53,19.95
510050,2026/06/22,26.88,27.35,21.21,21.57
510050,2026/06/23,30.35,30.61,24.26,24.26
510050,2026/06/24,30.82,31.02,24.02,24.27
510050,2026/06/25,21.46,21.46,19.82,19.98
510050,2026/06/26,20.99,23.07,20.34,21.73
510050,2026/06/29,22.88,22.89,19.66,19.70
510050,2026/06/30,20.91,21.30,20.26,20.41
510050,2026/07/01,21.67,21.72,19.93,20.33
510050,2026/07/02,22.36,23.25,21.72,23.06
510050,2026/07/03,23.78,23.78,21.27,21.49
510050,2026/07/06,22.49,22.49,20.67,21.11
510050,2026/07/07,22.52,22.60,21.07,21.62
510050,2026/07/08,22.34,22.34,20.39,21.40
510050,2026/07/09,22.27,22.27,18.20,18.20
510050,2026/07/10,20.56,20.56,18.67,19.24
510050,2026/07/13,22.20,23.72,20.88,23.17
510050,2026/07/14,24.75,25.33,19.06,19.06
510050,2026/07/15,22.29,22.29,18.73,20.53
510050,2026/07/16,22.84,23.90,22.32,23.32
510050,2026/07/17,25.32,30.77,23.67,24.79
510050,2026/07/20,30.18,30.18,24.57,25.03
510050,2026/07/21,27.41,29.29,20.41,20.59
510050,2026/07/22,28.25,28.25,21.52,21.96
510050,2026/07/23,17.59,18.32,17.01,17.23
510050,2026/07/24,18.25,18.42,17.42,18.00
510050,2026/07/27,18.55,19.23,17.38,17.69
510050,2026/07/28,18.92,20.39,18.92,19.35
510050,2026/07/29,19.57,21.54,19.37,19.75
510050,2026/07/30,20.83,22.57,19.64,20.37
510050,2026/07/31,20.53,20.53,18.74,19.02
510300,2024/11/08,30.76,33.65,30.53,31.02
510300,2024/11/11,33.87,33.87,26.61,27.09
510300,2024/11/12,29.21,29.21,25.22,25.86
510300,2024/11/13,28.44,28.44,24.45,24.98
510300,2024/11/14,27.40,27.49,24.27,25.10
510300,2024/11/15,27.13,27.34,24.64,25.02
510300,2024/11/18,27.50,28.37,26.09,26.80
510300,2024/11/19,28.87,29.62,26.04,26.15
510300,2024/11/20,29.64,30.02,24.62,24.83
510300,2024/11/21,28.18,28.21,23.42,23.63
510300,2024/11/22,26.65,26.82,24.04,25.81
510300,2024/11/25,33.90,34.13,28.68,28.76
510300,2024/11/26,35.27,36.51,26.75,26.76
510300,2024/11/27,34.93,35.53,25.12,25.12
510300,2024/11/28,25.78,25.91,22.86,23.10
510300,2024/11/29,24.10,25.73,23.22,23.25
510300,2024/12/02,25.37,26.14,24.32,24.37
510300,2024/12/03,25.34,26.27,24.53,24.99
510300,2024/12/04,26.48,26.74,25.05,25.11
510300,2024/12/05,26.64,26.77,24.18,24.24
510300,2024/12/06,25.41,26.00,23.85,24.19
510300,2024/12/09,27.27,27.80,24.16,24.26
510300,2024/12/10,27.12,30.42,25.40,25.83
510300,2024/12/11,28.27,28.32,25.00,25.79
510300,2024/12/12,27.17,27.97,25.51,26.00
510300,2024/12/13,28.99,29.29,23.87,23.94
510300,2024/12/16,28.21,28.47,24.13,24.16
510300,2024/12/17,27.45,27.46,23.26,23.96
510300,2024/12/18,26.73,26.73,23.46,23.74
510300,2024/12/19,28.48,28.48,23.58,23.82
510300,2024/12/20,28.55,28.55,22.73,23.17
510300,2024/12/23,33.21,33.21,25.01,25.09
510300,2024/12/24,32.44,32.44,22.89,24.47
510300,2024/12/25,35.24,35.24,24.63,25.98
510300,2024/12/26,21.61,21.62,19.98,20.16
510300,2024/12/27,20.37,20.64,19.13,19.33
510300,2024/12/30,20.60,20.60,19.34,19.51
510300,2024/12/31,20.00,20.16,19.37,19.46
510300,2025/01/02,20.33,23.64,20.10,22.43
510300,2025/01/03,23.24,23.51,21.83,22.14
510300,2025/01/06,23.90,25.16,23.47,23.93
510300,2025/01/07,24.92,25.60,21.03,21.05
510300,2025/01/08,21.70,22.68,20.28,20.31
510300,2025/01/09,21.30,21.87,20.22,20.22
510300,2025/01/10,21.56,21.76,19.96,20.70
510300,2025/01/13,23.21,24.61,22.23,22.49
510300,2025/01/14,24.91,24.91,21.11,21.63
510300,2025/01/15,23.13,23.79,21.53,21.60
510300,2025/01/16,23.28,23.31,21.74,22.04
510300,2025/01/17,23.57,23.93,21.41,21.41
510300,2025/01/20,27.89,27.89,22.52,23.19
510300,2025/01/21,27.44,27.74,21.74,21.97
510300,2025/01/22,27.53,28.66,21.11,23.66
510300,2025/01/23,21.70,22.00,20.19,20.19
510300,2025/01/24,21.33,21.46,19.70,19.79
510300,2025/01/27,21.34,21.54,19.20,19.40
510300,2025/02/05,21.99,21.99,19.24,19.25
510300,2025/02/06,20.00,20.13,18.06,18.39
510300,2025/02/07,19.63,19.82,17.97,18.21
510300,2025/02/10,20.26,20.57,18.99,19.17
510300,2025/02/11,19.97,20.33,18.33,18.50
510300,2025/02/12,19.72,19.84,17.72,17.92
510300,2025/02/13,19.76,20.01,17.26,17.30
510300,2025/02/14,19.16,19.16,17.07,17.10
510300,2025/02/17,19.84,20.26,17.96,18.44
510300,2025/02/18,20.39,20.39,17.96,18.09
510300,2025/02/19,20.10,20.10,17.51,17.92
510300,2025/02/20,19.98,19.99,17.42,17.82
510300,2025/02/21,19.73,20.32,17.23,17.89
510300,2025/02/24,23.69,23.86,18.49,18.59
510300,2025/02/25,23.10,23.27,18.91,19.12
510300,2025/02/26,24.30,24.53,18.75,20.01
510300,2025/02/27,19.61,20.01,17.82,17.86
510300,2025/02/28,19.56,19.58,18.51,18.58
510300,2025/03/03,20.61,20.61,17.96,17.96
510300,2025/03/04,19.38,19.84,17.78,17.78
510300,2025/03/05,19.07,19.24,17.17,17.22
510300,2025/03/06,18.51,18.85,17.30,17.39
510300,2025/03/07,19.09,19.12,16.83,16.85
510300,2025/03/10,19.09,19.33,16.97,16.97
510300,2025/03/11,19.23,19.52,17.29,17.35
510300,2025/03/12,19.34,19.43,17.31,17.54
510300,2025/03/13,19.53,19.67,17.84,17.95
510300,2025/03/14,19.63,19.73,18.20,18.47
510300,2025/03/17,22.35,22.94,19.65,19.91
510300,2025/03/18,22.24,22.42,19.32,19.92
510300,2025/03/19,22.67,22.67,18.90,19.64
510300,2025/03/20,22.32,22.82,18.92,19.22
510300,2025/03/21,22.40,22.50,18.26,18.26
510300,2025/03/24,26.31,26.31,20.14,20.66
510300,2025/03/25,24.87,25.25,19.30,20.20
510300,2025/03/26,27.19,27.19,19.77,19.89
510300,2025/03/27,15.85,15.88,14.65,14.77
510300,2025/03/28,15.42,15.58,14.90,15.02
510300,2025/03/31,16.21,16.85,15.79,15.88
510300,2025/04/01,16.61,16.63,15.54,15.64
510300,2025/04/02,16.34,16.34,15.52,15.65
510300,2025/04/03,16.60,17.16,15.72,15.72
510300,2025/04/07,19.61,47.06,19.61,42.92
510300,2025/04/08,39.48,39.57,27.71,29.29
510300,2025/04/09,30.91,31.75,25.71,25.99
510300,2025/04/10,27.49,27.52,21.21,21.65
510300,2025/04/11,23.82,23.82,20.38,20.82
510300,2025/04/14,23.48,23.63,19.50,19.72
510300,2025/04/15,21.38,21.38,18.35,18.69
510300,2025/04/16,20.58,20.60,18.16,18.55
510300,2025/04/17,20.54,20.78,17.62,18.03
510300,2025/04/18,21.02,21.02,17.54,17.91
510300,2025/04/21,23.00,23.21,18.59,19.22
510300,2025/04/22,23.17,23.61,19.18,19.38
510300,2025/04/23,25.44,26.10,18.94,20.13
510300,2025/04/24,17.05,17.10,16.23,16.37
510300,2025/04/25,17.06,17.06,16.34,16.40
510300,2025/04/28,17.52,17.52,16.68,16.68
510300,2025/04/29,17.49,17.61,16.80,16.80
510300,2025/04/30,17.54,17.70,17.17,17.37
510300,2025/05/06,18.59,18.60,15.43,15.47
510300,2025/05/07,15.82,17.14,14.68,14.70
510300,2025/05/08,15.68,16.09,14.29,14.39
510300,2025/05/09,15.79,15.88,14.72,14.82
510300,2025/05/12,16.29,16.49,14.41,15.37
510300,2025/05/13,16.74,16.74,14.79,14.84
510300,2025/05/14,15.76,17.21,14.16,15.77
510300,2025/05/15,17.83,17.83,15.31,15.76
510300,2025/05/16,17.70,17.70,14.49,14.87
510300,2025/05/19,17.36,17.40,14.56,14.85
510300,2025/05/20,16.55,16.55,14.50,14.58
510300,2025/05/21,16.26,16.45,14.61,14.94
510300,2025/05/22,16.63,17.10,15.54,15.70
510300,2025/05/23,18.17,18.46,15.61,15.68
510300,2025/05/26,21.11,21.12,16.59,16.71
510300,2025/05/27,21.25,21.25,16.60,16.67
510300,2025/05/28,23.00,23.00,18.66,19.87
510300,2025/05/29,16.70,16.76,15.13,15.15
510300,2025/05/30,16.13,16.36,15.01,15.01
510300,2025/06/03,16.95,17.12,14.90,14.98
510300,2025/06/04,15.91,15.91,14.84,14.93
510300,2025/06/05,15.68,15.68,14.73,14.80
510300,2025/06/06,15.85,15.85,14.56,14.65
510300,2025/06/09,16.28,16.33,14.85,14.97
510300,2025/06/10,16.08,16.08,14.96,15.00
510300,2025/06/11,16.37,16.50,14.66,15.00
510300,2025/06/12,16.84,16.84,15.04,15.22
510300,2025/06/13,16.85,16.85,15.64,15.69
510300,2025/06/16,18.58,18.67,15.96,16.13
510300,2025/06/17,17.83,18.01,15.95,15.99
510300,2025/06/18,17.87,17.94,16.00,16.18
510300,2025/06/19,18.51,18.63,16.00,16.06
510300,2025/06/20,18.37,18.63,15.33,15.36
510300,2025/06/23,21.02,21.03,15.89,16.19
510300,2025/06/24,21.16,21.17,16.16,16.44
510300,2025/06/25,23.35,23.73,18.24,19.49
510300,2025/06/26,17.13,17.13,15.18,15.29
510300,2025/06/27,15.17,16.34,14.65,14.66
510300,2025/06/30,15.32,15.32,14.20,14.20
510300,2025/07/01,14.57,14.73,13.84,13.88
510300,2025/07/02,14.17,14.24,13.65,13.78
510300,2025/07/03,14.10,14.29,13.48,13.67
510300,2025/07/04,14.27,15.44,13.28,13.69
510300,2025/07/07,15.04,15.22,14.00,14.39
510300,2025/07/08,14.83,15.47,14.39,14.60
510300,2025/07/09,15.64,15.96,14.82,15.55
510300,2025/07/10,15.76,16.09,15.01,15.15
510300,2025/07/11,16.10,18.80,15.48,16.63
510300,2025/07/14,18.30,18.30,16.55,16.93
510300,2025/07/15,16.99,17.63,15.64,15.84
510300,2025/07/16,16.82,17.05,15.41,16.03
510300,2025/07/17,16.59,16.86,15.33,15.33
510300,2025/07/18,16.28,18.10,14.70,15.23
510300,2025/07/21,20.14,20.29,15.65,16.50
510300,2025/07/22,19.53,20.34,16.04,16.15
510300,2025/07/23,23.09,23.81,17.29,17.34
510300,2025/07/24,17.43,17.50,16.94,17.30
510300,2025/07/25,17.42,17.74,17.01,17.42
510300,2025/07/28,17.99,18.34,17.30,17.54
510300,2025/07/29,17.58,17.81,16.95,17.20
510300,2025/07/30,17.80,18.09,16.53,16.53
510300,2025/07/31,17.17,17.39,16.55,16.80
510300,2025/08/01,17.43,17.43,16.06,16.07
510300,2025/08/04,17.00,17.15,15.54,15.55
510300,2025/08/05,16.11,16.13,15.10,15.14
510300,2025/08/06,15.62,15.71,15.23,15.33
510300,2025/08/07,15.79,16.47,15.37,15.41
510300,2025/08/08,16.15,16.15,15.07,15.16
510300,2025/08/11,16.24,16.29,15.12,15.13
510300,2025/08/12,16.04,16.26,14.70,15.09
510300,2025/08/13,15.69,17.81,15.69,16.99
510300,2025/08/14,17.61,19.51,16.92,17.12
510300,2025/08/15,18.40,19.24,16.69,18.78
510300,2025/08/18,20.57,22.40,19.98,20.94
510300,2025/08/19,22.25,22.38,19.17,19.36
510300,2025/08/20,20.82,21.01,18.03,19.37
510300,2025/08/21,21.41,22.18,17.94,18.23
510300,2025/08/22,21.34,21.59,17.57,18.76
510300,2025/08/25,26.14,29.64,21.79,23.60
510300,2025/08/26,31.40,31.40,23.49,25.08
510300,2025/08/27,30.23,30.23,22.19,24.71
510300,2025/08/28,23.89,24.17,21.92,22.94
510300,2025/08/29,24.46,25.07,22.81,23.38
510300,2025/09/01,24.24,25.32,21.64,21.64
510300,2025/09/02,22.35,22.96,21.27,21.57
510300,2025/09/03,22.79,23.63,20.66,20.66
510300,2025/09/04,21.49,23.97,21.37,22.12
510300,2025/09/05,23.20,23.36,19.61,20.17
510300,2025/09/08,21.94,23.24,19.93,20.00
510300,2025/09/09,22.66,22.66,19.05,19.06
510300,2025/09/10,20.26,20.50,18.27,18.29
510300,2025/09/11,21.09,21.94,18.48,19.70
510300,2025/09/12,22.03,23.85,19.73,20.18
510300,2025/09/15,23.38,24.21,20.96,21.52
510300,2025/09/16,23.04,24.65,21.78,22.15
510300,2025/09/17,25.82,26.13,22.20,23.10
510300,2025/09/18,25.11,26.98,20.90,21.17
510300,2025/09/19,25.12,26.01,20.99,21.23
510300,2025/09/22,26.28,29.80,21.61,21.64
510300,2025/09/23,25.70,26.87,21.34,21.34
510300,2025/09/24,32.07,32.15,20.98,20.98
510300,2025/09/25,18.67,18.80,17.45,17.61
510300,2025/09/26,18.17,18.95,17.68,18.56
510300,2025/09/29,18.86,20.11,18.35,19.43
510300,2025/09/30,19.41,19.97,19.16,19.40
510300,2025/10/09,20.80,21.08,17.26,17.43
510300,2025/10/10,20.30,20.30,17.88,18.98
510300,2025/10/13,22.89,24.49,21.41,21.53
510300,2025/10/14,20.41,23.24,19.27,22.54
510300,2025/10/15,22.68,22.68,20.60,20.87
510300,2025/10/16,21.15,21.26,19.39,19.83
510300,2025/10/17,20.74,22.00,20.39,21.51
510300,2025/10/20,24.76,24.76,20.87,21.69
510300,2025/10/21,23.53,23.89,18.69,18.69
510300,2025/10/22,24.61,24.64,18.03,18.12
510300,2025/10/23,19.32,19.56,18.42,18.51
510300,2025/10/24,19.09,19.31,17.71,17.73
510300,2025/10/27,18.60,18.75,17.57,17.74
510300,2025/10/28,18.71,18.87,17.60,17.82
510300,2025/10/29,18.27,18.42,17.82,17.93
510300,2025/10/30,18.78,19.15,17.58,17.78
510300,2025/10/31,18.46,18.78,18.02,18.28
510300,2025/11/03,19.32,19.32,17.82,17.90
510300,2025/11/04,18.68,18.81,17.96,17.98
510300,2025/11/05,19.34,19.95,17.83,17.85
510300,2025/11/06,18.42,18.57,16.55,16.55
510300,2025/11/07,18.10,18.20,16.70,16.72
510300,2025/11/10,18.40,18.40,17.07,17.20
510300,2025/11/11,18.17,18.73,17.55,17.88
510300,2025/11/12,19.26,19.46,17.45,17.59
510300,2025/11/13,18.86,18.95,16.67,16.80
510300,2025/11/14,19.03,19.03,17.04,17.45
510300,2025/11/17,19.76,19.76,18.04,18.16
510300,2025/11/18,19.65,20.19,18.55,19.12
510300,2025/11/19,20.44,20.87,18.12,18.22
510300,2025/11/20,19.97,20.10,17.87,17.97
510300,2025/11/21,20.17,23.50,18.82,20.68
510300,2025/11/24,26.01,26.01,19.49,20.44
510300,2025/11/25,24.48,24.48,18.55,18.87
510300,2025/11/26,24.72,24.72,18.05,18.61
510300,2025/11/27,18.20,18.23,16.30,16.47
510300,2025/11/28,17.65,17.73,16.33,16.37
510300,2025/12/01,18.12,18.12,16.14,16.16
510300,2025/12/02,17.56,17.95,16.40,16.40
510300,2025/12/03,17.61,17.61,16.35,16.35
510300,2025/12/04,17.76,17.76,16.07,16.07
510300,2025/12/05,17.61,17.62,15.34,15.34
510300,2025/12/08,18.51,18.51,15.87,15.87
510300,2025/12/09,18.34,18.64,16.17,16.31
510300,2025/12/10,18.82,18.82,16.33,16.42
510300,2025/12/11,18.46,18.46,16.98,17.16
510300,2025/12/12,19.13,19.13,15.72,15.72
510300,2025/12/15,20.28,20.45,17.55,17.56
510300,2025/12/16,20.60,20.60,17.86,17.92
510300,2025/12/17,20.64,20.93,17.08,17.26
510300,2025/12/18,21.74,22.20,18.23,18.55
510300,2025/12/19,21.32,21.35,17.34,17.34
510300,2025/12/22,23.08,23.35,18.28,18.63
510300,2025/12/23,22.77,23.32,17.73,17.73
510300,2025/12/24,23.49,25.49,18.57,19.05
510300,2025/12/25,15.69,15.77,15.29,15.57
510300,2025/12/26,15.54,16.21,15.45,15.60
510300,2025/12/29,16.34,16.35,15.80,16.04
510300,2025/12/30,16.57,16.60,16.01,16.13
510300,2025/12/31,16.54,16.91,16.42,16.47
510300,2026/01/05,16.92,16.92,15.67,15.82
510300,2026/01/06,16.35,17.68,16.35,17.36
510300,2026/01/07,17.55,18.41,17.36,17.51
510300,2026/01/08,18.33,18.33,17.03,17.29
510300,2026/01/09,18.23,18.64,17.35,17.86
510300,2026/01/12,19.03,21.52,19.03,20.56
510300,2026/01/13,20.99,23.67,20.33,20.40
510300,2026/01/14,20.68,21.20,18.38,18.92
510300,2026/01/15,20.49,20.61,17.32,17.41
510300,2026/01/16,17.84,18.43,16.66,16.84
510300,2026/01/19,19.15,19.80,16.69,16.86
510300,2026/01/20,18.13,18.13,16.25,16.46
510300,2026/01/21,18.25,18.25,16.22,16.31
510300,2026/01/22,18.22,18.24,16.22,16.25
510300,2026/01/23,18.57,18.58,17.30,17.92
510300,2026/01/26,22.46,22.47,19.82,19.82
510300,2026/01/27,23.64,23.64,17.62,18.49
510300,2026/01/28,24.00,24.00,17.94,18.33
510300,2026/01/29,19.83,19.92,17.89,18.00
510300,2026/01/30,19.45,20.56,18.37,18.51
510300,2026/02/02,20.41,23.00,19.99,22.10
510300,2026/02/03,22.98,22.98,19.07,19.17
510300,2026/02/04,20.15,20.21,17.03,17.05
510300,2026/02/05,18.14,18.29,16.61,16.65
510300,2026/02/06,18.17,19.25,17.05,17.17
510300,2026/02/09,18.39,18.41,16.72,16.79
510300,2026/02/10,17.86,17.90,15.89,15.90
510300,2026/02/11,16.90,16.92,16.10,16.17
510300,2026/02/12,16.80,17.08,16.16,16.33
510300,2026/02/13,17.56,17.79,16.84,16.84
510300,2026/02/24,24.29,24.29,17.18,17.42
510300,2026/02/25,21.36,21.36,16.48,16.61
510300,2026/02/26,17.04,17.51,15.18,15.19
510300,2026/02/27,16.86,16.92,14.99,15.08
510300,2026/03/02,17.48,17.87,14.96,15.16
510300,2026/03/03,16.35,18.06,15.47,17.26
510300,2026/03/04,19.06,19.89,17.82,18.15
510300,2026/03/05,18.57,18.57,16.01,16.12
510300,2026/03/06,17.50,17.61,15.48,15.53
510300,2026/03/09,18.20,22.68,17.56,17.76
510300,2026/03/10,18.74,18.74,15.95,16.08
510300,2026/03/11,17.21,17.37,16.03,16.04
510300,2026/03/12,17.32,18.49,16.62,16.86
510300,2026/03/13,18.93,18.93,17.42,17.99
510300,2026/03/16,20.66,20.66,17.92,18.09
510300,2026/03/17,20.03,20.03,17.41,18.30
510300,2026/03/18,20.23,20.57,17.60,17.81
510300,2026/03/19,20.90,21.30,19.15,19.32
510300,2026/03/20,21.66,21.66,18.67,19.96
510300,2026/03/23,26.21,34.28,25.08,29.53
510300,2026/03/24,33.54,33.54,22.26,22.39
510300,2026/03/25,28.28,28.28,19.52,20.55
510300,2026/03/26,17.92,19.30,17.31,19.04
510300,2026/03/27,19.16,19.84,18.11,18.34
510300,2026/03/30,19.69,20.97,19.27,19.48
510300,2026/03/31,19.51,19.75,18.32,19.40
510300,2026/04/01,18.79,18.84,17.32,17.56
510300,2026/04/02,18.35,19.13,17.95,18.48
510300,2026/04/03,18.96,20.35,18.60,19.83
510300,2026/04/07,20.86,20.86,19.04,19.36
510300,2026/04/08,18.07,18.07,16.42,16.51
510300,2026/04/09,17.97,17.97,16.20,16.23
510300,2026/04/10,17.12,17.12,15.56,15.57
510300,2026/04/13,18.36,18.36,16.86,17.03
510300,2026/04/14,17.80,18.35,16.89,16.97
510300,2026/04/15,18.52,19.36,17.07,17.71
510300,2026/04/16,18.78,19.32,17.18,17.33
510300,2026/04/17,19.62,19.62,16.58,16.58
510300,2026/04/20,21.72,22.38,17.46,17.55
510300,2026/04/21,21.64,21.64,17.67,17.83
510300,2026/04/22,23.96,24.02,16.57,17.22
510300,2026/04/23,15.99,16.11,15.51,15.65
510300,2026/04/24,16.73,16.73,15.86,15.99
510300,2026/04/27,16.73,16.77,15.94,15.96
510300,2026/04/28,16.92,16.92,15.58,15.64
510300,2026/04/29,16.49,16.52,15.21,15.21
510300,2026/04/30,15.78,16.01,15.39,15.51
510300,2026/05/06,15.92,17.03,15.91,16.29
510300,2026/05/07,16.96,17.65,16.53,16.57
510300,2026/05/08,18.15,18.17,16.72,16.90
510300,2026/05/11,17.58,18.75,17.37,18.70
510300,2026/05/12,19.14,19.80,18.58,18.84
510300,2026/05/13,20.54,20.54,18.40,18.48
510300,2026/05/14,18.88,20.12,18.15,18.21
510300,2026/05/15,19.63,19.77,17.92,18.86
510300,2026/05/18,21.53,21.53,18.69,18.69
510300,2026/05/19,20.16,20.27,18.09,18.22
510300,2026/05/20,20.12,20.18,17.67,17.73
510300,2026/05/21,18.49,19.13,17.66,19.02
510300,2026/05/22,20.28,20.28,16.92,17.07
510300,2026/05/25,22.22,22.22,17.67,17.69
510300,2026/05/26,23.34,23.40,17.76,17.94
510300,2026/05/27,25.13,25.13,19.12,20.43
510300,2026/05/28,20.02,20.16,18.32,18.38
510300,2026/05/29,18.74,19.40,17.87,18.94
510300,2026/06/01,19.88,20.27,18.83,19.50
510300,2026/06/02,20.17,20.27,18.65,18.69
510300,2026/06/03,19.22,19.52,18.08,18.10
510300,2026/06/04,20.31,20.51,18.79,18.83
510300,2026/06/05,19.93,19.96,18.61,19.22
510300,2026/06/08,22.17,23.44,21.02,21.76
510300,2026/06/09,22.62,22.62,19.05,19.13
510300,2026/06/10,21.65,21.93,20.29,20.36
510300,2026/06/11,21.84,21.84,20.04,20.16
510300,2026/06/12,20.57,20.64,18.72,18.80
510300,2026/06/15,21.20,21.53,18.95,19.17
510300,2026/06/16,21.23,21.69,20.27,21.16
510300,2026/06/17,22.60,22.64,21.24,21.79
510300,2026/06/18,23.87,23.87,21.36,21.36
510300,2026/06/22,29.46,29.46,23.30,23.49
510300,2026/06/23,31.89,31.89,24.86,25.18
510300,2026/06/24,30.80,31.13,23.02,23.40
510300,2026/06/25,22.43,22.48,21.52,21.79
510300,2026/06/26,22.34,24.60,21.98,23.57
510300,2026/06/29,24.05,24.20,23.15,23.35
510300,2026/06/30,23.56,23.56,22.31,22.58
510300,2026/07/01,23.08,23.26,22.07,22.07
510300,2026/07/02,23.14,24.85,23.12,24.46
510300,2026/07/03,24.94,24.94,23.02,23.19
510300,2026/07/06,24.25,24.37,23.11,23.26
510300,2026/07/07,24.00,24.15,22.72,22.90
510300,2026/07/08,23.93,23.94,22.42,22.99
510300,2026/07/09,24.16,24.16,20.95,21.05
510300,2026/07/10,22.97,22.97,21.73,21.83
510300,2026/07/13,24.26,25.81,23.67,24.87
510300,2026/07/14,26.94,27.20,22.46,22.53
510300,2026/07/15,24.83,24.83,22.28,22.58
510300,2026/07/16,24.34,26.13,23.83,25.25
510300,2026/07/17,27.28,35.50,27.25,27.64
510300,2026/07/20,33.34,33.34,27.61,28.58
510300,2026/07/21,32.94,33.26,22.68,22.82
510300,2026/07/22,29.50,29.85,22.73,24.40
510300,2026/07/23,21.33,21.33,19.36,19.36
510300,2026/07/24,20.63,20.77,20.00,20.77
510300,2026/07/27,22.05,22.05,19.95,20.05
510300,2026/07/28,21.33,23.70,21.32,22.60
510300,2026/07/29,23.52,24.94,22.71,22.99
510300,2026/07/30,24.01,26.74,23.42,24.33
510300,2026/07/31,24.58,24.58,22.18,22.31
510500,2024/11/08,34.33,36.13,33.64,34.13
510500,2024/11/11,36.99,37.17,28.26,28.26
510500,2024/11/12,30.50,30.59,27.57,27.90
510500,2024/11/13,30.80,31.59,26.90,26.90
510500,2024/11/14,30.20,31.11,27.63,28.27
510500,2024/11/15,31.49,31.79,27.90,28.40
510500,2024/11/18,33.00,33.54,29.97,31.48
510500,2024/11/19,34.38,34.66,29.72,29.86
510500,2024/11/20,34.51,35.37,27.98,27.98
510500,2024/11/21,32.91,33.86,27.37,27.37
510500,2024/11/22,32.55,33.08,29.07,31.22
510500,2024/11/25,41.29,41.39,32.81,33.07
510500,2024/11/26,42.79,42.90,32.44,32.67
510500,2024/11/27,44.47,44.56,28.51,30.31
510500,2024/11/28,30.42,31.25,27.49,27.96
510500,2024/11/29,29.18,30.15,27.07,27.22
510500,2024/12/02,29.97,30.22,28.28,28.31
510500,2024/12/03,30.00,31.45,28.80,29.26
510500,2024/12/04,30.83,32.16,29.57,29.57
510500,2024/12/05,32.10,32.10,28.84,28.85
510500,2024/12/06,30.37,30.78,26.26,26.72
510500,2024/12/09,29.65,31.04,27.47,27.99
510500,2024/12/10,29.50,33.12,28.68,29.16
510500,2024/12/11,32.53,32.53,27.24,27.89
510500,2024/12/12,30.56,31.71,27.58,27.94
510500,2024/12/13,34.30,34.30,26.86,26.87
510500,2024/12/16,33.87,34.02,28.10,28.22
510500,2024/12/17,31.95,32.61,27.85,28.03
510500,2024/12/18,31.61,32.00,27.31,27.47
510500,2024/12/19,33.49,33.57,27.55,27.56
510500,2024/12/20,33.36,34.36,26.06,26.43
510500,2024/12/23,37.34,39.53,30.28,31.35
510500,2024/12/24,38.15,38.24,26.49,26.82
510500,2024/12/25,39.46,42.04,26.38,26.87
510500,2024/12/26,26.49,26.58,23.83,23.99
510500,2024/12/27,24.63,24.68,22.71,23.12
510500,2024/12/30,24.86,24.89,23.45,23.84
510500,2024/12/31,24.82,26.10,24.73,25.40
510500,2025/01/02,26.56,30.33,25.61,28.45
510500,2025/01/03,29.34,30.77,27.83,29.34
510500,2025/01/06,32.04,32.79,30.82,31.17
510500,2025/01/07,33.06,33.16,27.18,27.35
510500,2025/01/08,29.14,30.53,26.48,26.79
510500,2025/01/09,29.03,29.54,26.59,26.92
510500,2025/01/10,28.99,29.05,27.50,27.91
510500,2025/01/13,31.53,33.53,29.01,30.38
510500,2025/01/14,33.29,33.33,28.95,29.38
510500,2025/01/15,32.21,32.42,28.43,28.69
510500,2025/01/16,31.31,31.49,28.52,28.70
510500,2025/01/17,31.94,32.49,28.40,28.40
510500,2025/01/20,37.55,37.55,29.18,30.46
510500,2025/01/21,35.12,36.72,25.86,26.31
510500,2025/01/22,35.78,35.78,25.78,26.28
510500,2025/01/23,27.16,27.81,25.47,25.97
510500,2025/01/24,27.08,27.08,24.66,24.66
510500,2025/01/27,26.49,27.04,24.55,24.79
510500,2025/02/05,27.75,27.75,23.82,23.83
510500,2025/02/06,25.35,25.35,22.25,22.76
510500,2025/02/07,24.64,24.70,21.53,21.53
510500,2025/02/10,24.74,25.33,22.89,22.99
510500,2025/02/11,24.88,25.77,22.31,22.33
510500,2025/02/12,25.11,25.11,20.60,20.92
510500,2025/02/13,23.40,24.68,20.23,20.63
510500,2025/02/14,24.14,24.14,19.47,19.94
510500,2025/02/17,23.94,24.17,20.70,20.83
510500,2025/02/18,25.66,25.66,21.78,21.78
510500,2025/02/19,25.04,25.04,20.76,20.96
510500,2025/02/20,23.68,24.59,20.17,20.37
510500,2025/02/21,24.26,24.82,19.45,19.75
510500,2025/02/24,28.63,29.20,22.01,22.04
510500,2025/02/25,29.50,29.68,21.22,21.22
510500,2025/02/26,29.84,29.87,19.04,22.11
510500,2025/02/27,23.66,23.93,20.83,20.83
510500,2025/02/28,24.24,24.29,22.70,23.29
510500,2025/03/03,25.48,26.04,22.31,22.34
510500,2025/03/04,25.43,25.43,21.51,21.51
510500,2025/03/05,23.48,23.73,20.52,20.54
510500,2025/03/06,22.78,22.83,20.35,20.36
510500,2025/03/07,24.05,24.05,20.20,20.22
510500,2025/03/10,23.33,23.61,20.97,21.08
510500,2025/03/11,24.94,24.94,20.95,20.96
510500,2025/03/12,23.58,23.61,20.95,21.13
510500,2025/03/13,24.67,25.40,21.55,21.55
510500,2025/03/14,24.92,25.12,20.95,21.22
510500,2025/03/17,26.74,27.34,22.39,22.50
510500,2025/03/18,26.22,26.22,21.23,22.15
510500,2025/03/19,27.56,27.56,22.03,22.42
510500,2025/03/20,26.85,27.52,22.46,22.59
510500,2025/03/21,28.72,28.72,21.59,21.71
510500,2025/03/24,31.25,32.46,24.21,24.95
510500,2025/03/25,32.08,32.40,21.35,21.35
510500,2025/03/26,32.61,32.83,20.41,21.15
510500,2025/03/27,19.34,19.94,17.68,17.84
510500,2025/03/28,18.92,19.20,17.98,18.67
510500,2025/03/31,20.33,21.96,19.89,20.08
510500,2025/04/01,20.93,20.93,18.13,19.17
510500,2025/04/02,20.30,20.37,18.27,19.05
510500,2025/04/03,20.92,21.18,19.71,19.73
510500,2025/04/07,24.60,53.13,24.29,46.05
510500,2025/04/08,43.45,43.66,35.68,37.70
510500,2025/04/09,38.61,42.62,32.86,33.22
510500,2025/04/10,34.81,34.96,27.15,27.91
510500,2025/04/11,30.62,30.62,25.70,26.44
510500,2025/04/14,30.14,30.14,24.23,24.27
510500,2025/04/15,27.23,27.74,22.96,23.84
510500,2025/04/16,27.08,27.24,24.21,24.41
510500,2025/04/17,27.01,28.18,23.10,23.56
510500,2025/04/18,27.39,27.56,22.44,22.83
510500,2025/04/21,31.80,31.80,23.05,23.30
510500,2025/04/22,30.36,30.46,23.77,23.77
510500,2025/04/23,31.87,32.63,23.48,27.50
510500,2025/04/24,22.87,22.87,21.32,21.39
510500,2025/04/25,22.47,22.47,20.86,20.89
510500,2025/04/28,22.81,22.81,21.53,21.54
510500,2025/04/29,23.00,23.00,21.45,21.45
510500,2025/04/30,22.77,22.81,21.48,21.71
510500,2025/05/06,23.99,23.99,18.23,18.23
510500,2025/05/07,20.10,20.98,18.28,18.28
510500,2025/05/08,20.35,20.35,17.70,17.73
510500,2025/05/09,19.66,19.82,17.97,18.07
510500,2025/05/12,20.78,20.78,18.44,18.68
510500,2025/05/13,20.97,21.06,18.44,18.45
510500,2025/05/14,20.70,20.75,18.28,18.76
510500,2025/05/15,22.53,22.53,19.21,19.24
510500,2025/05/16,22.47,22.47,18.89,18.92
510500,2025/05/19,22.67,22.67,18.66,18.70
510500,2025/05/20,21.40,21.78,18.14,18.28
510500,2025/05/21,22.08,22.08,19.00,19.00
510500,2025/05/22,23.36,23.36,19.32,19.34
510500,2025/05/23,23.23,23.23,19.35,20.11
510500,2025/05/26,28.30,28.39,21.08,21.23
510500,2025/05/27,27.29,27.33,21.11,21.11
510500,2025/05/28,28.64,28.91,22.76,24.15
510500,2025/05/29,22.43,22.43,18.48,18.48
510500,2025/05/30,21.15,21.15,18.63,18.63
510500,2025/06/03,21.73,21.97,18.56,18.57
510500,2025/06/04,20.38,20.54,18.55,18.57
510500,2025/06/05,20.75,20.75,18.24,18.24
510500,2025/06/06,20.95,20.99,18.58,18.58
510500,2025/06/09,21.60,21.60,18.02,18.06
510500,2025/06/10,20.83,20.96,18.39,18.43
510500,2025/06/11,21.39,21.39,18.04,18.05
510500,2025/06/12,21.64,21.70,18.40,18.49
510500,2025/06/13,22.18,22.18,18.98,19.03
510500,2025/06/16,24.18,24.19,19.18,19.32
510500,2025/06/17,22.49,22.77,18.72,18.81
510500,2025/06/18,22.35,22.65,19.13,19.52
510500,2025/06/19,23.73,23.73,19.14,19.31
510500,2025/06/20,23.93,24.17,18.33,18.33
510500,2025/06/23,27.64,28.12,19.34,19.92
510500,2025/06/24,26.17,26.67,18.20,18.86
510500,2025/06/25,29.23,29.37,21.47,25.23
510500,2025/06/26,20.52,20.52,18.59,18.59
510500,2025/06/27,19.21,19.50,17.60,17.62
510500,2025/06/30,19.07,19.15,17.05,17.18
510500,2025/07/01,18.43,18.43,16.87,16.89
510500,2025/07/02,18.18,18.27,16.33,16.35
510500,2025/07/03,17.90,17.90,16.27,16.36
510500,2025/07/04,18.45,18.45,16.34,16.50
510500,2025/07/07,19.11,19.11,17.57,17.64
510500,2025/07/08,18.99,18.99,17.47,17.63
510500,2025/07/09,19.49,19.59,18.15,18.31
510500,2025/07/10,19.83,19.83,17.86,17.88
510500,2025/07/11,19.88,19.91,17.99,18.25
510500,2025/07/14,21.21,22.01,19.50,19.58
510500,2025/07/15,21.94,21.94,18.07,18.18
510500,2025/07/16,20.44,20.87,18.23,18.42
510500,2025/07/17,20.41,20.82,17.14,17.14
510500,2025/07/18,20.92,21.44,17.33,17.35
510500,2025/07/21,23.24,25.72,18.95,19.04
510500,2025/07/22,23.71,24.29,18.13,18.44
510500,2025/07/23,27.18,28.54,20.22,20.73
510500,2025/07/24,20.93,21.07,19.19,19.45
510500,2025/07/25,20.21,20.22,19.63,19.77
510500,2025/07/28,20.94,20.99,19.39,19.58
510500,2025/07/29,20.69,20.69,18.94,18.98
510500,2025/07/30,20.64,20.64,18.99,19.17
510500,2025/07/31,20.56,20.56,18.95,18.97
510500,2025/08/01,20.10,20.17,17.90,17.96
510500,2025/08/04,20.10,20.10,17.44,17.44
510500,2025/08/05,19.01,19.01,16.58,16.97
510500,2025/08/06,19.48,19.48,16.74,16.74
510500,2025/08/07,18.30,18.45,16.62,16.62
510500,2025/08/08,19.76,19.76,16.72,16.84
510500,2025/08/11,19.60,19.60,16.60,16.67
510500,2025/08/12,18.96,19.10,16.91,16.91
510500,2025/08/13,19.28,20.10,17.85,18.74
510500,2025/08/14,22.75,22.75,19.55,19.59
510500,2025/08/15,22.72,22.72,19.64,20.80
510500,2025/08/18,24.38,27.75,24.07,24.07
510500,2025/08/19,26.81,28.14,22.77,22.83
510500,2025/08/20,27.89,27.89,21.81,22.87
510500,2025/08/21,27.06,28.76,22.65,23.39
510500,2025/08/22,27.34,27.64,21.10,24.44
510500,2025/08/25,32.60,37.32,27.06,27.33
510500,2025/08/26,40.99,41.02,26.68,26.68
510500,2025/08/27,36.22,36.22,25.69,25.76
510500,2025/08/28,27.64,28.19,25.96,26.69
510500,2025/08/29,27.99,28.83,26.06,26.16
510500,2025/09/01,29.01,29.28,25.20,25.30
510500,2025/09/02,28.34,28.47,25.74,25.95
510500,2025/09/03,27.88,28.20,25.92,26.47
510500,2025/09/04,28.36,29.54,26.94,27.47
510500,2025/09/05,29.43,29.47,23.51,23.73
510500,2025/09/08,28.00,28.27,23.61,23.61
510500,2025/09/09,28.03,28.03,23.50,23.59
510500,2025/09/10,27.19,27.39,22.80,22.86
510500,2025/09/11,26.16,26.51,23.16,23.28
510500,2025/09/12,27.10,27.99,22.70,22.86
510500,2025/09/15,28.39,29.41,25.07,26.06
510500,2025/09/16,29.44,30.62,25.51,26.79
510500,2025/09/17,33.42,33.42,26.83,28.08
510500,2025/09/18,34.83,34.83,26.01,26.01
510500,2025/09/19,31.34,32.42,26.87,27.37
510500,2025/09/22,36.03,36.73,26.44,26.44
510500,2025/09/23,32.24,33.21,24.90,25.06
510500,2025/09/24,36.91,36.94,23.16,23.65
510500,2025/09/25,24.87,25.29,23.66,23.94
510500,2025/09/26,25.38,25.38,24.20,24.84
510500,2025/09/29,25.75,25.89,23.40,23.41
510500,2025/09/30,24.75,25.14,22.99,23.19
510500,2025/10/09,26.67,26.67,21.40,21.46
510500,2025/10/10,24.32,25.19,22.10,22.37
510500,2025/10/13,28.18,30.56,25.39,25.60
510500,2025/10/14,25.66,28.99,23.50,27.39
510500,2025/10/15,28.45,28.66,23.65,23.91
510500,2025/10/16,27.74,27.74,23.74,23.74
510500,2025/10/17,26.96,27.84,25.35,26.59
510500,2025/10/20,32.01,32.02,26.31,27.42
510500,2025/10/21,31.34,31.34,22.35,22.70
510500,2025/10/22,30.55,30.91,21.50,23.34
510500,2025/10/23,26.18,26.68,23.84,23.89
510500,2025/10/24,25.51,25.62,21.66,21.66
510500,2025/10/27,24.37,24.54,21.36,21.36
510500,2025/10/28,23.78,23.93,21.72,21.86
510500,2025/10/29,23.85,23.85,21.35,21.46
510500,2025/10/30,24.16,24.98,22.18,22.29
510500,2025/10/31,24.26,24.29,22.30,22.30
510500,2025/11/03,24.90,25.48,22.33,22.33
510500,2025/11/04,24.38,25.07,22.74,22.76
510500,2025/11/05,26.00,26.43,22.10,22.31
510500,2025/11/06,24.55,24.59,20.82,21.00
510500,2025/11/07,24.58,24.58,21.60,21.68
510500,2025/11/10,24.78,24.86,21.88,21.96
510500,2025/11/11,24.36,24.36,22.59,23.07
510500,2025/11/12,26.10,26.80,21.95,22.07
510500,2025/11/13,25.45,25.45,21.28,21.39
510500,2025/11/14,25.87,25.87,21.63,22.00
510500,2025/11/17,26.09,26.09,22.05,22.52
510500,2025/11/18,26.47,26.47,23.02,23.34
510500,2025/11/19,26.89,26.89,22.60,22.94
510500,2025/11/20,26.22,26.22,22.46,22.70
510500,2025/11/21,27.01,29.65,22.68,24.68
510500,2025/11/24,32.94,33.00,23.90,24.92
510500,2025/11/25,31.08,31.08,23.10,23.80
510500,2025/11/26,31.61,31.61,22.59,23.55
510500,2025/11/27,25.55,25.55,22.12,22.24
510500,2025/11/28,25.05,25.05,21.72,21.72
510500,2025/12/01,25.61,25.61,21.38,21.39
510500,2025/12/02,26.61,26.75,22.37,22.37
510500,2025/12/03,25.28,25.28,22.37,22.39
510500,2025/12/04,25.23,25.23,21.58,21.59
510500,2025/12/05,25.23,26.05,19.63,20.25
510500,2025/12/08,25.82,25.82,20.74,20.74
510500,2025/12/09,26.19,26.19,21.02,21.11
510500,2025/12/10,25.14,25.92,20.54,20.68
510500,2025/12/11,25.35,25.35,21.15,21.69
510500,2025/12/12,26.27,26.27,19.90,19.90
510500,2025/12/15,30.01,30.01,22.00,22.54
510500,2025/12/16,28.03,28.11,23.01,23.19
510500,2025/12/17,30.22,30.22,20.51,21.06
510500,2025/12/18,30.89,30.89,23.30,23.30
510500,2025/12/19,30.37,30.37,21.77,21.87
510500,2025/12/22,28.88,31.16,22.14,22.20
510500,2025/12/23,28.40,28.40,20.64,20.64
510500,2025/12/24,29.31,29.31,19.87,23.84
510500,2025/12/25,18.61,19.29,18.48,19.09
510500,2025/12/26,18.62,19.77,18.54,19.36
510500,2025/12/29,19.62,20.15,19.55,19.97
510500,2025/12/30,20.68,20.68,19.96,20.38
510500,2025/12/31,20.48,20.88,19.76,19.81
510500,2026/01/05,20.14,20.61,18.84,19.75
510500,2026/01/06,20.30,22.43,20.30,22.43
510500,2026/01/07,22.01,23.23,21.96,22.17
510500,2026/01/08,23.75,23.81,22.06,22.06
510500,2026/01/09,22.53,24.17,22.05,24.03
510500,2026/01/12,25.00,31.54,25.00,29.58
510500,2026/01/13,29.46,32.03,27.81,28.19
510500,2026/01/14,28.03,30.34,27.56,27.96
510500,2026/01/15,31.08,31.08,26.98,27.25
510500,2026/01/16,27.59,28.95,24.50,24.60
510500,2026/01/19,28.55,28.69,24.08,24.66
510500,2026/01/20,25.06,26.37,21.77,21.98
510500,2026/01/21,27.17,27.17,22.48,22.86
510500,2026/01/22,25.30,27.22,22.55,23.23
510500,2026/01/23,24.94,27.35,23.85,24.67
510500,2026/01/26,31.10,37.86,27.47,29.58
510500,2026/01/27,35.06,35.58,25.26,27.89
510500,2026/01/28,32.59,34.79,24.19,24.57
510500,2026/01/29,28.36,28.41,24.93,24.96
510500,2026/01/30,28.05,28.35,25.19,25.32
510500,2026/02/02,28.50,34.29,27.98,32.61
510500,2026/02/03,32.45,32.45,26.51,26.55
510500,2026/02/04,28.33,28.66,24.70,24.77
510500,2026/02/05,27.55,28.18,24.79,25.48
510500,2026/02/06,28.67,30.24,25.64,25.75
510500,2026/02/09,28.00,28.00,24.38,24.39
510500,2026/02/10,26.39,26.80,22.18,22.30
510500,2026/02/11,25.42,25.42,22.21,22.38
510500,2026/02/12,25.05,25.05,22.42,22.65
510500,2026/02/13,26.80,26.87,23.51,23.64
510500,2026/02/24,36.23,36.23,23.79,23.79
510500,2026/02/25,31.32,31.60,22.83,23.13
510500,2026/02/26,28.67,29.34,24.36,24.40
510500,2026/02/27,28.49,28.49,23.67,23.70
510500,2026/03/02,30.25,30.25,24.43,24.51
510500,2026/03/03,27.76,28.53,25.92,27.75
510500,2026/03/04,31.82,31.92,28.37,29.09
510500,2026/03/05,30.36,30.36,25.85,25.94
510500,2026/03/06,29.64,29.64,24.78,24.98
510500,2026/03/09,31.83,34.58,27.31,27.32
510500,2026/03/10,29.31,29.31,24.68,25.10
510500,2026/03/11,28.55,28.55,25.30,25.37
510500,2026/03/12,30.02,30.24,25.73,26.07
510500,2026/03/13,31.69,31.69,26.74,27.36
510500,2026/03/16,34.49,34.60,26.91,27.15
510500,2026/03/17,31.80,32.19,27.84,28.70
510500,2026/03/18,33.33,33.33,26.19,26.34
510500,2026/03/19,32.53,33.35,28.30,28.32
510500,2026/03/20,33.55,33.55,26.65,28.82
510500,2026/03/23,42.62,46.55,34.16,43.81
510500,2026/03/24,47.97,47.97,30.06,31.48
510500,2026/03/25,39.82,39.83,25.33,26.30
510500,2026/03/26,26.60,28.67,26.11,28.67
510500,2026/03/27,29.27,29.33,27.18,27.29
510500,2026/03/30,29.52,31.72,28.95,28.96
510500,2026/03/31,29.29,29.58,28.22,29.22
510500,2026/04/01,28.10,28.20,26.26,26.55
510500,2026/04/02,27.79,29.62,27.42,28.21
510500,2026/04/03,28.77,30.34,28.68,29.13
510500,2026/04/07,31.25,31.25,28.33,28.89
510500,2026/04/08,27.29,27.29,24.78,25.44
510500,2026/04/09,27.66,27.74,24.27,24.35
510500,2026/04/10,26.00,26.28,24.30,24.37
510500,2026/04/13,29.11,29.11,25.95,26.33
510500,2026/04/14,27.92,28.13,25.43,25.67
510500,2026/04/15,27.66,28.22,25.85,25.97
510500,2026/04/16,28.57,28.98,25.04,25.58
510500,2026/04/17,29.16,29.26,23.57,24.26
510500,2026/04/20,31.61,31.61,25.65,26.50
510500,2026/04/21,31.43,32.40,25.36,25.65
510500,2026/04/22,32.83,32.88,23.29,23.95
510500,2026/04/23,24.96,25.06,23.82,23.90
510500,2026/04/24,26.45,26.45,23.63,23.98
510500,2026/04/27,25.83,25.88,23.99,24.01
510500,2026/04/28,25.56,26.02,23.53,23.59
510500,2026/04/29,25.40,25.42,22.90,22.96
510500,2026/04/30,24.57,24.78,22.88,22.91
510500,2026/05/06,25.31,25.33,23.37,23.62
510500,2026/05/07,24.89,25.69,24.01,24.27
510500,2026/05/08,27.30,27.30,24.09,24.13
510500,2026/05/11,25.93,27.24,25.73,25.87
510500,2026/05/12,27.68,28.34,26.05,26.39
510500,2026/05/13,29.77,29.91,25.64,26.00
510500,2026/05/14,28.76,29.18,26.15,26.35
510500,2026/05/15,28.45,28.45,25.55,26.38
510500,2026/05/18,31.18,31.18,25.34,25.59
510500,2026/05/19,28.14,29.11,24.22,24.26
510500,2026/05/20,28.39,28.44,23.88,24.01
510500,2026/05/21,26.77,27.69,24.41,26.92
510500,2026/05/22,28.85,28.85,23.71,23.96
510500,2026/05/25,31.23,31.26,24.97,25.01
510500,2026/05/26,32.48,32.48,24.59,25.15
510500,2026/05/27,33.98,41.53,24.55,26.27
510500,2026/05/28,30.65,30.65,27.03,27.18
510500,2026/05/29,28.06,28.53,27.10,27.61
510500,2026/06/01,29.50,29.50,27.50,27.94
510500,2026/06/02,29.26,30.15,26.99,26.99
510500,2026/06/03,28.74,29.21,25.98,25.98
510500,2026/06/04,29.21,29.21,26.22,26.30
510500,2026/06/05,29.10,29.78,26.41,26.51
510500,2026/06/08,30.90,32.61,29.39,29.39
510500,2026/06/09,31.97,31.97,26.46,26.71
510500,2026/06/10,30.32,30.32,27.74,27.92
510500,2026/06/11,30.59,31.32,27.03,27.51
510500,2026/06/12,29.69,29.69,25.55,25.86
510500,2026/06/15,31.08,31.08,25.06,25.82
510500,2026/06/16,30.33,30.85,26.40,26.45
510500,2026/06/17,32.16,32.24,26.57,26.86
510500,2026/06/18,33.97,33.97,25.83,25.88
510500,2026/06/22,39.67,39.67,28.38,28.73
510500,2026/06/23,44.12,44.12,30.17,30.78
510500,2026/06/24,41.07,41.32,25.00,25.13
510500,2026/06/25,27.68,27.70,26.32,26.42
510500,2026/06/26,28.78,28.78,26.78,27.50
510500,2026/06/29,28.54,29.04,26.95,27.01
510500,2026/06/30,28.05,28.29,25.38,25.39
510500,2026/07/01,26.46,27.61,25.74,25.86
510500,2026/07/02,28.11,28.71,27.17,28.16
510500,2026/07/03,29.47,29.47,26.49,26.86
510500,2026/07/06,28.16,28.86,27.23,27.80
510500,2026/07/07,29.07,29.35,27.51,27.66
510500,2026/07/08,28.24,29.20,26.71,27.78
510500,2026/07/09,28.63,29.35,26.15,26.20
510500,2026/07/10,27.59,27.91,26.58,26.87
510500,2026/07/13,30.37,34.72,30.01,33.22
510500,2026/07/14,34.76,36.07,30.30,30.72
510500,2026/07/15,32.26,32.67,30.24,31.25
510500,2026/07/16,31.72,34.67,31.54,32.95
510500,2026/07/17,35.33,44.42,32.42,37.09
510500,2026/07/20,46.33,53.40,38.15,45.46
510500,2026/07/21,51.03,53.51,34.27,35.09
510500,2026/07/22,41.03,43.48,28.29,28.29
510500,2026/07/23,31.77,31.77,29.01,29.11
510500,2026/07/24,30.22,31.85,29.77,31.44
510500,2026/07/27,32.91,32.96,29.67,29.71
510500,2026/07/28,29.74,34.08,29.74,33.06
510500,2026/07/29,33.90,35.63,33.34,33.63
510500,2026/07/30,33.48,40.55,33.48,38.80
510500,2026/07/31,37.58,37.58,32.79,34.09
588000,2025/08/04,29.24,29.24,26.44,26.93
588000,2025/08/05,27.74,28.00,26.01,26.36
588000,2025/08/06,27.44,28.01,26.18,27.03
588000,2025/08/07,27.95,28.52,25.07,26.22
588000,2025/08/08,28.42,28.44,25.93,26.34
588000,2025/08/11,28.48,28.48,26.69,26.94
588000,2025/08/12,28.24,28.70,25.14,26.74
588000,2025/08/13,28.42,31.27,27.32,29.50
588000,2025/08/14,29.60,33.61,27.53,27.80
588000,2025/08/15,31.26,32.38,28.86,30.13
588000,2025/08/18,32.58,36.79,31.86,33.86
588000,2025/08/19,37.47,38.14,32.42,32.63
588000,2025/08/20,36.75,36.80,30.36,32.98
588000,2025/08/21,35.54,39.24,30.96,31.59
588000,2025/08/22,34.22,42.72,29.71,42.44
588000,2025/08/25,49.61,76.72,46.36,51.95
588000,2025/08/26,61.50,61.50,45.96,46.37
588000,2025/08/27,51.86,56.46,39.10,42.09
588000,2025/08/28,42.44,50.78,41.81,50.78
588000,2025/08/29,55.40,57.26,49.02,51.77
588000,2025/09/01,53.01,56.57,48.33,48.68
588000,2025/09/02,52.00,52.49,45.84,46.33
588000,2025/09/03,49.90,50.24,43.30,43.52
588000,2025/09/04,46.71,51.26,43.92,46.38
588000,2025/09/05,48.10,49.55,41.79,43.92
588000,2025/09/08,47.82,49.19,42.96,42.99
588000,2025/09/09,47.88,47.88,41.50,41.85
588000,2025/09/10,44.47,45.76,40.65,41.11
588000,2025/09/11,46.12,51.27,39.76,44.67
588000,2025/09/12,48.49,51.71,44.00,44.42
588000,2025/09/15,48.15,53.07,47.60,47.86
588000,2025/09/16,50.15,55.70,47.31,47.31
588000,2025/09/17,55.22,55.45,48.69,49.67
588000,2025/09/18,50.87,55.39,45.79,45.96
588000,2025/09/19,49.68,56.88,44.30,44.42
588000,2025/09/22,61.14,62.93,43.68,45.02
588000,2025/09/23,58.30,59.57,42.19,44.19
588000,2025/09/24,62.50,62.50,38.73,39.04
588000,2025/09/25,41.52,43.31,39.58,39.97
588000,2025/09/26,43.09,43.09,40.44,42.12
588000,2025/09/29,44.93,44.98,42.58,42.66
588000,2025/09/30,41.98,45.36,40.93,41.53
588000,2025/10/09,43.80,45.78,40.25,40.44
588000,2025/10/10,48.49,48.49,42.56,42.99
588000,2025/10/13,53.06,56.28,46.29,47.11
588000,2025/10/14,47.14,50.25,44.17,49.40
588000,2025/10/15,50.11,50.33,45.19,46.09
588000,2025/10/16,48.10,48.27,43.29,43.88
588000,2025/10/17,45.92,46.50,43.01,45.13
588000,2025/10/20,52.45,52.48,41.43,43.11
588000,2025/10/21,49.59,49.59,37.45,38.55
588000,2025/10/22,50.59,50.94,37.11,38.67
588000,2025/10/23,39.04,39.55,36.00,36.33
588000,2025/10/24,37.07,37.81,34.39,34.77
588000,2025/10/27,36.84,38.17,35.68,35.76
588000,2025/10/28,39.58,39.58,35.83,36.62
588000,2025/10/29,38.12,38.17,36.83,37.34
588000,2025/10/30,39.14,40.72,36.87,37.03
588000,2025/10/31,40.29,40.29,37.73,37.77
588000,2025/11/03,41.03,41.03,37.75,37.99
588000,2025/11/04,38.69,39.04,37.62,38.04
588000,2025/11/05,40.31,41.22,37.15,37.27
588000,2025/11/06,38.33,38.60,35.53,35.66
588000,2025/11/07,38.89,38.90,35.33,35.44
588000,2025/11/10,37.70,38.38,36.03,36.15
588000,2025/11/11,37.80,38.30,36.68,36.87
588000,2025/11/12,39.30,39.67,35.97,36.24
588000,2025/11/13,37.83,38.62,34.77,34.95
588000,2025/11/14,38.09,38.09,35.28,35.94
588000,2025/11/17,40.04,40.06,36.75,36.84
588000,2025/11/18,39.76,40.14,36.97,37.23
588000,2025/11/19,39.99,39.99,36.00,36.24
588000,2025/11/20,39.24,39.64,35.71,35.78
588000,2025/11/21,39.58,43.31,35.54,36.75
588000,2025/11/24,49.62,49.62,37.46,39.72
588000,2025/11/25,46.66,46.66,37.44,38.35
588000,2025/11/26,46.32,48.02,36.33,37.11
588000,2025/11/27,35.11,35.11,31.32,31.89
588000,2025/11/28,35.79,35.79,31.05,31.13
588000,2025/12/01,34.86,36.14,30.89,30.98
588000,2025/12/02,34.56,34.69,31.61,31.67
588000,2025/12/03,34.48,34.48,31.69,31.69
588000,2025/12/04,34.75,34.75,30.25,30.54
588000,2025/12/05,33.55,33.94,30.23,30.45
588000,2025/12/08,35.00,35.00,31.32,31.82
588000,2025/12/09,37.17,37.17,31.94,32.33
588000,2025/12/10,36.48,36.72,31.33,31.55
588000,2025/12/11,34.45,35.06,32.06,32.74
588000,2025/12/12,34.88,34.88,29.70,29.70
588000,2025/12/15,37.32,37.32,33.60,34.01
588000,2025/12/16,36.84,37.56,34.51,34.51
588000,2025/12/17,38.47,38.47,32.44,32.79
588000,2025/12/18,39.00,39.28,34.08,34.78
588000,2025/12/19,38.45,38.45,33.05,33.05
588000,2025/12/22,42.44,42.44,33.57,33.85
588000,2025/12/23,40.65,40.65,33.58,33.72
588000,2025/12/24,42.30,42.97,34.12,34.40
588000,2025/12/25,27.79,28.20,27.70,27.80
588000,2025/12/26,27.99,29.25,27.99,28.06
588000,2025/12/29,28.72,29.62,28.65,29.05
588000,2025/12/30,29.56,29.56,28.76,28.93
588000,2025/12/31,28.93,30.60,28.93,29.21
588000,2026/01/05,30.65,30.65,28.54,30.41
588000,2026/01/06,30.89,34.00,30.61,31.80
588000,2026/01/07,30.62,33.41,30.46,32.15
588000,2026/01/08,32.89,34.44,31.18,32.42
588000,2026/01/09,34.68,34.77,32.12,33.33
588000,2026/01/12,34.18,40.88,33.87,38.99
588000,2026/01/13,39.20,42.99,38.20,38.90
588000,2026/01/14,36.59,40.69,36.24,37.80
588000,2026/01/15,39.09,39.15,33.74,35.83
588000,2026/01/16,33.68,36.93,33.64,36.27
588000,2026/01/19,38.49,38.49,31.44,33.23
588000,2026/01/20,32.13,32.61,29.00,30.30
588000,2026/01/21,31.00,33.14,28.10,30.93
588000,2026/01/22,31.68,36.05,30.62,31.82
588000,2026/01/23,38.02,38.02,31.76,33.93
588000,2026/01/26,41.72,41.96,34.74,34.81
588000,2026/01/27,42.97,42.97,32.03,32.03
588000,2026/01/28,39.08,42.03,33.40,33.84
588000,2026/01/29,34.94,35.49,33.40,34.28
588000,2026/01/30,36.39,37.51,33.34,33.75
588000,2026/02/02,37.10,40.88,35.70,39.83
588000,2026/02/03,39.29,39.29,34.54,34.61
588000,2026/02/04,37.05,37.26,32.46,32.56
588000,2026/02/05,34.66,35.77,32.33,32.62
588000,2026/02/06,34.80,36.50,32.32,32.74
588000,2026/02/09,34.57,34.57,30.89,31.15
588000,2026/02/10,32.27,32.27,29.04,29.22
588000,2026/02/11,30.82,31.00,28.41,28.68
588000,2026/02/12,29.47,29.61,27.90,28.67
588000,2026/02/13,31.86,32.21,29.60,30.06
588000,2026/02/24,41.23,41.23,31.84,32.34
588000,2026/02/25,39.08,39.08,31.26,31.55
588000,2026/02/26,31.88,32.69,28.48,28.58
588000,2026/02/27,32.46,32.66,28.14,28.25
588000,2026/03/02,33.15,33.62,29.13,29.13
588000,2026/03/03,30.96,34.35,30.40,33.96
588000,2026/03/04,37.55,37.55,33.83,34.14
588000,2026/03/05,35.17,35.17,30.50,30.51
588000,2026/03/06,33.28,33.28,29.20,29.20
588000,2026/03/09,34.46,39.10,31.91,32.29
588000,2026/03/10,33.82,33.82,30.09,30.25
588000,2026/03/11,33.17,33.17,31.11,31.80
588000,2026/03/12,34.86,35.09,32.24,32.35
588000,2026/03/13,36.06,37.09,32.27,33.59
588000,2026/03/16,39.54,40.02,33.70,33.70
588000,2026/03/17,37.34,37.78,33.57,34.97
588000,2026/03/18,38.42,38.42,33.42,33.50
588000,2026/03/19,37.22,39.93,35.76,36.82
588000,2026/03/20,41.43,41.43,35.24,37.28
588000,2026/03/23,47.57,55.72,45.25,51.89
588000,2026/03/24,59.17,59.17,39.74,41.45
588000,2026/03/25,51.01,51.01,38.53,40.78
588000,2026/03/26,31.70,32.60,31.00,32.38
588000,2026/03/27,33.14,34.43,31.59,31.73
588000,2026/03/30,33.68,36.12,33.24,33.24
588000,2026/03/31,33.70,35.31,32.66,35.19
588000,2026/04/01,34.49,34.49,32.61,32.61
588000,2026/04/02,33.26,36.12,32.96,35.01
588000,2026/04/03,35.83,36.47,34.98,35.60
588000,2026/04/07,38.46,38.46,34.51,35.40
588000,2026/04/08,33.56,33.56,30.57,31.17
588000,2026/04/09,32.53,32.60,30.06,30.10
588000,2026/04/10,30.95,31.22,29.57,29.59
588000,2026/04/13,33.89,33.89,31.24,31.84
588000,2026/04/14,32.51,33.56,30.85,31.73
588000,2026/04/15,33.92,35.89,31.07,32.12
588000,2026/04/16,34.34,34.34,31.73,31.74
588000,2026/04/17,36.26,36.26,29.93,30.00
588000,2026/04/20,36.40,36.46,30.47,30.74
588000,2026/04/21,37.23,37.48,31.94,32.59
588000,2026/04/22,40.11,40.11,31.80,33.79
588000,2026/04/23,29.44,31.98,29.44,31.36
588000,2026/04/24,31.76,32.85,31.18,31.18
588000,2026/04/27,32.20,33.14,31.86,32.32
588000,2026/04/28,34.78,34.78,31.52,31.74
588000,2026/04/29,33.76,33.76,31.02,31.07
588000,2026/04/30,30.76,33.19,30.76,31.49
588000,2026/05/06,31.34,48.20,31.34,34.94
588000,2026/05/07,36.11,37.95,35.59,37.26
588000,2026/05/08,40.81,40.81,36.64,37.10
588000,2026/05/11,37.48,42.10,37.48,39.06
588000,2026/05/12,44.15,44.15,39.70,40.76
588000,2026/05/13,44.85,44.85,40.79,42.51
588000,2026/05/14,41.67,44.81,41.45,41.99
588000,2026/05/15,45.11,45.11,39.87,42.28
588000,2026/05/18,47.76,47.76,41.29,41.52
588000,2026/05/19,46.25,46.25,39.52,43.04
588000,2026/05/20,48.62,48.62,38.53,41.63
588000,2026/05/21,43.18,45.87,39.43,44.04
588000,2026/05/22,45.74,46.01,39.24,39.30
588000,2026/05/25,48.14,49.72,39.41,43.61
588000,2026/05/26,61.45,61.45,42.37,42.83
588000,2026/05/27,52.09,55.75,43.26,44.48
588000,2026/05/28,48.86,48.86,44.83,45.20
588000,2026/05/29,44.49,48.13,44.49,46.20
588000,2026/06/01,48.20,48.20,44.07,45.53
588000,2026/06/02,45.76,46.50,43.02,43.22
588000,2026/06/03,43.85,44.92,43.12,43.54
588000,2026/06/04,46.40,46.93,44.36,44.97
588000,2026/06/05,47.99,48.15,44.28,44.62
588000,2026/06/08,49.96,51.53,48.00,48.10
588000,2026/06/09,48.20,48.20,44.35,44.43
588000,2026/06/10,47.48,47.48,45.27,46.24
588000,2026/06/11,48.29,48.29,45.04,45.29
588000,2026/06/12,46.40,46.40,44.07,44.09
588000,2026/06/15,47.87,49.70,43.45,46.51
588000,2026/06/16,47.84,48.76,44.03,45.11
588000,2026/06/17,51.89,51.89,45.17,46.96
588000,2026/06/18,54.38,54.38,46.81,47.63
588000,2026/06/22,59.86,61.12,48.91,49.24
588000,2026/06/23,67.45,67.45,51.54,52.46
588000,2026/06/24,72.42,72.42,44.16,46.88
588000,2026/06/25,49.52,51.54,49.52,51.33
588000,2026/06/26,55.75,56.57,52.03,55.08
588000,2026/06/29,54.22,56.73,52.86,56.25
588000,2026/06/30,55.19,57.57,54.88,55.87
588000,2026/07/01,55.81,60.07,55.81,59.22
588000,2026/07/02,61.99,62.74,58.90,59.12
588000,2026/07/03,60.40,60.91,53.84,53.89
588000,2026/07/06,55.90,57.22,52.24,53.97
588000,2026/07/07,55.83,55.83,51.56,52.34
588000,2026/07/08,52.46,53.89,50.96,51.53
588000,2026/07/09,53.35,56.08,50.92,55.24
588000,2026/07/10,56.93,59.13,54.43,55.00
588000,2026/07/13,61.33,62.05,56.90,60.45
588000,2026/07/14,61.84,64.68,58.80,59.09
588000,2026/07/15,61.42,64.11,60.01,61.23
588000,2026/07/16,63.83,68.56,62.02,63.89
588000,2026/07/17,65.17,76.91,64.51,68.20
588000,2026/07/20,80.26,80.26,66.14,68.07
588000,2026/07/21,77.49,77.49,54.75,56.06
588000,2026/07/22,74.29,74.87,52.12,55.80
588000,2026/07/23,56.34,57.03,53.79,53.82
588000,2026/07/24,55.28,55.54,53.98,55.18
588000,2026/07/27,57.90,57.96,53.39,53.55
588000,2026/07/28,55.46,58.30,55.40,56.48
588000,2026/07/29,57.68,65.30,56.61,58.33
588000,2026/07/30,59.16,67.03,59.16,65.49
588000,2026/07/31,64.31,64.31,59.93,60.29
159901,2025/08/04,20.54,20.58,18.50,18.55
159901,2025/08/05,18.16,19.16,17.78,18.14
159901,2025/08/06,19.05,19.06,17.79,18.51
159901,2025/08/07,17.93,20.43,17.69,20.37
159901,2025/08/08,19.73,19.91,18.49,19.57
159901,2025/08/11,19.33,20.18,18.21,19.74
159901,2025/08/12,18.51,20.50,18.51,19.09
159901,2025/08/13,17.96,22.50,17.96,20.32
159901,2025/08/14,19.29,23.25,19.27,22.16
159901,2025/08/15,22.60,23.41,19.95,23.18
159901,2025/08/18,23.04,29.71,21.11,27.91
159901,2025/08/19,29.16,30.39,25.65,28.41
159901,2025/08/20,28.58,30.34,24.15,26.15
159901,2025/08/21,25.23,29.53,24.33,26.30
159901,2025/08/22,30.17,30.45,24.64,25.88
159901,2025/08/25,31.58,40.54,31.34,32.30
159901,2025/08/26,42.29,43.93,33.04,34.36
159901,2025/08/27,44.54,44.54,31.93,36.41
159901,2025/08/28,30.10,30.10,24.84,28.22
159901,2025/08/29,30.83,34.57,28.77,31.60
159901,2025/09/01,30.53,33.63,29.61,31.63
159901,2025/09/02,32.03,33.66,27.47,33.04
159901,2025/09/03,31.06,37.27,28.70,36.44
159901,2025/09/04,28.31,33.08,28.21,31.67
159901,2025/09/05,32.34,33.22,29.30,32.24
159901,2025/09/08,30.52,36.09,30.01,32.95
159901,2025/09/09,33.97,33.97,29.57,29.77
159901,2025/09/10,29.75,31.97,27.00,30.02
159901,2025/09/11,28.63,33.28,26.58,31.31
159901,2025/09/12,30.64,37.69,28.77,33.51
159901,2025/09/15,29.44,37.13,28.31,35.28
159901,2025/09/16,31.61,39.63,31.61,34.05
159901,2025/09/17,36.50,40.19,31.26,35.13
159901,2025/09/18,36.24,41.31,33.02,33.60
159901,2025/09/19,37.11,55.25,31.15,49.40
159901,2025/09/22,37.26,47.26,35.81,36.29
159901,2025/09/23,39.53,62.56,38.60,45.13
159901,2025/09/24,52.46,52.46,35.94,36.58
159901,2025/09/25,27.11,27.63,24.75,25.46
159901,2025/09/26,26.96,30.10,25.25,30.02
159901,2025/09/29,28.84,30.60,26.68,29.96
159901,2025/09/30,26.62,28.86,26.06,27.61
159901,2025/10/09,31.17,31.17,25.95,26.96
159901,2025/10/10,27.52,29.01,26.54,28.07
159901,2025/10/13,29.77,40.57,29.77,32.07
159901,2025/10/14,29.38,33.63,28.14,32.95
159901,2025/10/15,31.73,33.87,30.42,33.29
159901,2025/10/16,30.24,33.72,30.03,32.13
159901,2025/10/17,29.97,33.23,29.69,31.46
159901,2025/10/20,36.02,37.50,32.51,34.99
159901,2025/10/21,35.22,43.85,33.31,40.28
159901,2025/10/22,39.82,42.93,36.34,36.76
159901,2025/10/23,28.10,28.34,26.01,26.11
159901,2025/10/24,25.88,26.23,25.41,25.72
159901,2025/10/27,24.37,26.86,24.37,26.42
159901,2025/10/28,27.84,27.84,25.53,27.25
159901,2025/10/29,25.11,26.15,24.55,25.75
159901,2025/10/30,27.09,28.28,24.86,26.87
159901,2025/10/31,25.52,27.32,23.89,26.02
159901,2025/11/03,27.35,27.41,25.62,26.17
159901,2025/11/04,26.76,27.75,25.26,27.65
159901,2025/11/05,27.66,27.66,25.77,26.85
159901,2025/11/06,26.35,26.50,24.87,26.40
159901,2025/11/07,27.26,27.86,25.62,26.80
159901,2025/11/10,26.25,29.00,25.09,27.72
159901,2025/11/11,25.39,29.05,25.31,28.81
159901,2025/11/12,27.94,28.85,26.41,26.84
159901,2025/11/13,27.84,29.09,27.31,28.77
159901,2025/11/14,27.61,28.34,26.44,27.64
159901,2025/11/17,28.23,29.42,28.23,28.64
159901,2025/11/18,28.68,28.81,26.80,28.27
159901,2025/11/19,29.18,29.18,26.58,27.27
159901,2025/11/20,27.17,28.48,26.18,27.66
159901,2025/11/21,27.19,31.36,27.19,29.40
159901,2025/11/24,36.10,36.96,30.89,36.96
159901,2025/11/25,35.89,37.60,33.26,35.20
159901,2025/11/26,38.47,38.71,31.37,33.08
159901,2025/11/27,783.10,792.44,24.65,26.67
159901,2025/11/28,26.68,27.35,24.92,25.14
159901,2025/12/01,25.29,26.73,24.69,25.14
159901,2025/12/02,25.46,27.79,25.19,26.40
159901,2025/12/03,25.89,27.01,24.86,25.60
159901,2025/12/04,27.06,27.63,25.24,25.32
159901,2025/12/05,25.58,27.41,24.67,24.68
159901,2025/12/08,26.57,26.84,25.72,25.75
159901,2025/12/09,30.02,30.50,26.03,26.77
159901,2025/12/10,30.09,30.33,27.42,27.71
159901,2025/12/11,29.78,29.99,26.69,28.34
159901,2025/12/12,27.67,28.92,25.24,27.74
159901,2025/12/15,32.00,32.01,29.29,29.83
159901,2025/12/16,31.72,31.76,27.59,27.93
159901,2025/12/17,31.06,31.06,28.20,29.32
159901,2025/12/18,32.34,33.57,30.73,31.43
159901,2025/12/19,31.64,32.86,28.56,28.92
159901,2025/12/22,32.95,34.30,30.68,32.20
159901,2025/12/23,34.01,39.83,33.49,35.11
159901,2025/12/24,42.45,42.86,33.44,34.27
159901,2025/12/25,20.75,21.76,19.94,20.15
159901,2025/12/26,20.83,21.22,20.18,20.81
159901,2025/12/29,21.74,21.99,21.15,21.49
159901,2025/12/30,21.50,21.50,20.73,21.25
159901,2025/12/31,21.07,22.15,21.00,21.64
159901,2026/01/05,21.90,22.11,21.18,22.01
159901,2026/01/06,21.97,22.83,20.86,22.80
159901,2026/01/07,21.63,23.04,21.63,22.66
159901,2026/01/08,22.88,22.95,22.13,22.73
159901,2026/01/09,22.69,23.46,22.56,23.09
159901,2026/01/12,23.37,26.08,23.37,25.47
159901,2026/01/13,25.33,27.89,25.05,26.01
159901,2026/01/14,24.90,25.33,23.44,24.59
159901,2026/01/15,24.62,25.06,22.65,24.84
159901,2026/01/16,22.37,25.55,22.37,25.06
159901,2026/01/19,24.88,25.97,23.55,25.29
159901,2026/01/20,23.58,23.93,21.95,23.15
159901,2026/01/21,23.60,24.14,21.87,24.14
159901,2026/01/22,23.38,25.86,22.40,25.84
159901,2026/01/23,24.49,27.13,24.34,27.01
159901,2026/01/26,29.31,33.65,28.44,32.83
159901,2026/01/27,32.43,34.26,30.10,30.35
159901,2026/01/28,34.56,38.28,33.27,33.57
159901,2026/01/29,25.18,25.76,24.17,25.51
159901,2026/01/30,25.26,26.29,24.94,26.18
159901,2026/02/02,25.67,28.10,24.68,27.98
159901,2026/02/03,27.48,27.48,26.14,26.73
159901,2026/02/04,25.41,27.10,25.35,26.43
159901,2026/02/05,23.68,25.35,23.63,24.87
159901,2026/02/06,23.97,25.06,23.74,24.80
159901,2026/02/09,23.84,25.46,23.17,25.29
159901,2026/02/10,23.12,24.03,22.81,23.54
159901,2026/02/11,22.63,24.61,22.52,24.56
159901,2026/02/12,22.40,25.17,21.92,25.17
159901,2026/02/13,24.12,27.08,23.66,27.08
159901,2026/02/24,33.90,33.90,30.37,32.81
159901,2026/02/25,33.24,33.52,29.45,33.52
159901,2026/02/26,27.91,27.91,23.84,25.69
159901,2026/02/27,27.63,28.53,24.63,28.41
159901,2026/03/02,26.98,27.54,24.99,25.58
159901,2026/03/03,26.95,28.53,25.43,28.50
159901,2026/03/04,29.29,29.29,28.03,28.41
159901,2026/03/05,30.11,30.11,26.47,28.05
159901,2026/03/06,29.33,30.98,28.49,30.97
159901,2026/03/09,29.96,31.34,27.98,31.26
159901,2026/03/10,32.22,32.22,29.91,30.90
159901,2026/03/11,33.51,34.36,18.90,31.31
159901,2026/03/12,31.72,35.28,28.98,33.33
159901,2026/03/13,34.44,36.19,32.84,33.73
159901,2026/03/16,38.31,39.83,36.51,36.81
159901,2026/03/17,34.62,36.40,32.76,33.20
159901,2026/03/18,37.90,39.75,36.00,37.92
159901,2026/03/19,36.09,42.62,34.44,41.15
159901,2026/03/20,34.89,39.53,31.39,38.86
159901,2026/03/23,42.54,43.21,38.72,41.65
159901,2026/03/24,47.69,51.83,45.90,48.42
159901,2026/03/25,46.19,64.07,43.52,52.74
159901,2026/03/26,23.25,24.62,22.22,24.52
159901,2026/03/27,23.40,24.07,22.73,23.92
159901,2026/03/30,23.59,25.57,23.59,25.48
159901,2026/03/31,24.91,26.42,24.34,26.37
159901,2026/04/01,24.78,24.78,23.83,23.87
159901,2026/04/02,23.15,25.26,23.15,25.05
159901,2026/04/03,23.72,25.26,23.57,24.78
159901,2026/04/07,25.58,25.70,24.49,25.48
159901,2026/04/08,23.80,24.81,22.65,24.30
159901,2026/04/09,24.47,24.83,22.37,22.67
159901,2026/04/10,22.86,26.20,22.15,24.47
159901,2026/04/13,24.22,28.58,23.88,27.64
159901,2026/04/14,24.56,28.20,24.56,27.27
159901,2026/04/15,25.36,31.27,25.24,30.42
159901,2026/04/16,25.75,28.66,25.36,27.61
159901,2026/04/17,26.53,29.87,26.47,28.33
159901,2026/04/20,33.74,35.34,28.59,35.14
159901,2026/04/21,35.69,36.84,32.00,32.37
159901,2026/04/22,41.58,41.58,28.84,29.25
159901,2026/04/23,19.99,25.76,19.74,24.70
159901,2026/04/24,23.28,24.18,21.97,23.97
159901,2026/04/27,21.86,25.94,21.26,25.72
159901,2026/04/28,23.41,25.55,23.09,24.83
159901,2026/04/29,21.79,23.37,20.89,22.75
159901,2026/04/30,22.07,24.50,20.62,24.06
159901,2026/05/06,21.10,25.58,21.09,25.48
159901,2026/05/07,23.01,26.68,22.65,25.96
159901,2026/05/08,25.92,30.90,24.83,29.99
159901,2026/05/11,23.70,26.00,23.17,25.56
159901,2026/05/12,21.74,29.56,21.74,27.74
159901,2026/05/13,27.58,29.50,26.15,28.52
159901,2026/05/14,24.74,31.64,24.23,29.25
159901,2026/05/15,26.12,32.39,26.11,30.29
159901,2026/05/18,31.03,35.58,30.56,34.39
159901,2026/05/19,30.93,34.51,30.25,32.42
159901,2026/05/20,29.70,32.49,28.77,31.10
159901,2026/05/21,26.62,33.06,26.53,32.83
159901,2026/05/22,29.56,32.38,28.99,30.47
159901,2026/05/25,32.73,36.83,32.01,33.32
159901,2026/05/26,36.86,36.87,28.65,28.65
159901,2026/05/27,36.53,37.86,28.42,29.13
159901,2026/05/28,29.09,32.54,28.59,31.69
159901,2026/05/29,26.17,33.96,25.98,33.43
159901,2026/06/01,27.29,32.63,27.08,32.09
159901,2026/06/02,27.09,30.11,26.18,29.32
159901,2026/06/03,25.69,33.05,25.57,32.04
159901,2026/06/04,29.39,31.78,27.92,30.33
159901,2026/06/05,29.81,31.05,28.22,28.55
159901,2026/06/08,30.63,32.56,30.59,31.70
159901,2026/06/09,30.92,32.32,30.41,31.06
159901,2026/06/10,31.50,36.31,30.84,35.50
159901,2026/06/11,31.30,33.20,30.57,32.04
159901,2026/06/12,29.52,34.78,28.09,33.53
159901,2026/06/15,31.35,39.25,31.00,39.24
159901,2026/06/16,33.29,43.88,33.29,41.36
159901,2026/06/17,38.48,42.84,36.97,37.86
159901,2026/06/18,35.90,36.01,31.74,33.86
159901,2026/06/22,38.52,45.21,36.08,36.98
159901,2026/06/23,47.60,49.24,38.80,38.80
159901,2026/06/24,49.62,51.40,35.97,36.16
159901,2026/06/25,29.52,32.73,29.10,32.35
159901,2026/06/26,30.12,34.37,30.10,33.76
159901,2026/06/29,33.15,33.80,31.75,33.80
159901,2026/06/30,32.67,33.15,31.69,33.07
159901,2026/07/01,30.33,34.01,30.32,33.69
159901,2026/07/02,31.51,34.37,31.51,34.05
159901,2026/07/03,34.00,34.00,32.70,33.00
159901,2026/07/06,32.47,34.08,32.28,33.21
159901,2026/07/07,32.14,33.30,31.49,33.10
159901,2026/07/08,31.79,33.44,31.33,32.44
159901,2026/07/09,32.84,33.49,31.68,33.22
159901,2026/07/10,32.15,33.43,31.63,31.70
159901,2026/07/13,33.79,35.75,32.80,34.38
159901,2026/07/14,36.97,37.52,33.25,34.16
159901,2026/07/15,34.06,34.33,32.64,33.98
159901,2026/07/16,32.27,36.54,32.27,36.40
159901,2026/07/17,35.75,52.58,33.74,42.18
159901,2026/07/20,51.47,52.13,40.88,48.94
159901,2026/07/21,51.52,57.16,44.02,44.11
159901,2026/07/22,49.84,51.44,37.37,39.51
159901,2026/07/23,30.50,30.82,27.92,28.34
159901,2026/07/24,27.82,30.64,27.17,30.64
159901,2026/07/27,30.18,30.18,28.63,29.08
159901,2026/07/28,28.28,33.03,28.28,32.93
159901,2026/07/29,32.16,34.38,31.07,33.67
159901,2026/07/30,32.31,37.27,32.31,36.38
159901,2026/07/31,35.24,35.24,32.37,33.29
159915,2022/10/27,30.00,30.97,28.40,28.70
159915,2022/10/28,29.09,31.06,28.94,30.66
159915,2022/10/31,30.76,33.56,30.76,32.74
159915,2022/11/01,32.92,33.96,29.50,29.50
159915,2022/11/02,29.91,30.26,28.02,28.27
159915,2022/11/03,29.34,29.79,28.42,28.42
159915,2022/11/04,29.50,29.57,27.09,27.59
159915,2022/11/07,31.03,31.55,29.08,29.51
159915,2022/11/08,30.35,31.19,27.57,28.05
159915,2022/11/09,29.83,29.83,27.79,28.08
159915,2022/11/10,29.69,29.97,28.71,28.81
159915,2022/11/11,24.52,30.85,24.52,26.94
159915,2022/11/14,30.02,31.71,28.74,29.45
159915,2022/11/15,31.04,31.20,27.78,28.07
159915,2022/11/16,30.95,31.72,28.11,28.59
159915,2022/11/17,30.64,31.90,27.00,27.26
159915,2022/11/18,29.48,29.98,24.29,24.29
159915,2022/11/21,33.68,33.68,24.74,26.81
159915,2022/11/22,32.32,33.14,26.69,28.56
159915,2022/11/23,36.31,37.52,25.54,27.74
159915,2022/11/24,28.45,28.45,26.57,26.60
159915,2022/11/25,27.11,27.40,26.38,26.53
159915,2022/11/28,27.26,29.37,26.62,26.80
159915,2022/11/29,27.28,27.29,25.74,26.31
159915,2022/11/30,26.98,27.17,26.23,26.37
159915,2022/12/01,26.66,26.66,23.92,23.95
159915,2022/12/02,24.79,24.87,23.54,23.60
159915,2022/12/05,25.05,25.62,24.50,24.58
159915,2022/12/06,25.64,25.69,23.69,23.94
159915,2022/12/07,24.26,24.81,22.53,22.96
159915,2022/12/08,24.11,24.27,22.59,23.09
159915,2022/12/09,23.94,23.96,22.25,22.30
159915,2022/12/12,24.49,24.72,23.16,23.45
159915,2022/12/13,24.21,24.44,22.63,23.07
159915,2022/12/14,23.88,23.88,22.48,22.82
159915,2022/12/15,23.76,23.80,20.69,20.71
159915,2022/12/16,22.12,22.12,20.28,20.28
159915,2022/12/19,23.10,23.10,21.69,22.13
159915,2022/12/20,23.38,23.87,21.17,22.41
159915,2022/12/21,24.78,24.78,20.35,21.50
159915,2022/12/22,22.66,22.70,19.96,21.61
159915,2022/12/23,23.31,24.93,20.50,21.02
159915,2022/12/26,29.35,29.52,22.68,22.96
159915,2022/12/27,28.74,28.88,20.75,20.84
159915,2022/12/28,30.45,30.45,22.30,24.86
159915,2022/12/29,19.91,20.15,18.61,18.88
159915,2022/12/30,19.26,19.30,18.46,18.49
159915,2023/01/03,19.83,20.07,18.49,18.57
159915,2023/01/04,19.31,19.37,18.48,18.66
159915,2023/01/05,19.21,19.34,17.51,17.72
159915,2023/01/06,19.58,19.58,16.85,17.66
159915,2023/01/09,19.14,20.54,18.60,19.65
159915,2023/01/10,20.31,21.10,18.77,18.83
159915,2023/01/11,20.67,21.05,19.66,19.81
159915,2023/01/12,20.18,20.36,18.67,18.92
159915,2023/01/13,19.93,19.93,16.33,16.33
159915,2023/01/16,19.87,21.43,17.92,18.78
159915,2023/01/17,20.00,21.95,17.84,18.44
159915,2023/01/18,19.70,22.33,18.04,18.64
159915,2023/01/19,21.82,22.05,18.88,20.27
159915,2023/01/20,21.71,24.04,19.17,19.25
159915,2023/01/30,30.39,38.57,24.00,26.27
159915,2023/01/31,24.80,25.30,22.29,22.42
159915,2023/02/01,22.75,23.05,21.81,22.52
159915,2023/02/02,23.79,23.99,22.56,22.60
159915,2023/02/03,23.51,23.65,21.53,22.05
159915,2023/02/06,23.67,23.88,22.53,22.84
159915,2023/02/07,23.16,23.35,21.95,22.19
159915,2023/02/08,22.71,22.72,21.54,21.76
159915,2023/02/09,22.75,22.92,20.64,20.72
159915,2023/02/10,21.88,22.27,20.05,20.11
159915,2023/02/13,22.63,22.83,19.94,20.86
159915,2023/02/14,21.77,22.82,20.62,20.78
159915,2023/02/15,22.45,22.52,20.25,20.53
159915,2023/02/16,21.81,22.03,18.97,20.78
159915,2023/02/17,22.83,23.00,18.84,21.83
159915,2023/02/20,26.01,29.24,22.27,22.47
159915,2023/02/21,27.58,28.07,22.24,23.51
159915,2023/02/22,30.01,31.85,24.08,26.69
159915,2023/02/23,23.62,23.62,21.42,21.63
159915,2023/02/24,22.01,22.33,21.53,21.71
159915,2023/02/27,22.78,23.36,22.14,22.37
159915,2023/02/28,23.08,23.09,21.65,21.71
159915,2023/03/01,22.20,22.53,21.01,21.13
159915,2023/03/02,21.59,21.86,21.16,21.24
159915,2023/03/03,22.53,22.53,20.93,20.93
159915,2023/03/06,22.69,22.81,21.38,21.38
159915,2023/03/07,22.23,22.66,21.30,22.64
159915,2023/03/08,23.07,23.97,22.42,22.63
159915,2023/03/09,23.82,23.99,22.05,22.65
159915,2023/03/10,23.33,24.51,22.20,23.23
159915,2023/03/13,24.96,26.60,23.64,24.50
159915,2023/03/14,25.10,26.31,23.02,24.49
159915,2023/03/15,27.32,27.36,22.49,22.95
159915,2023/03/16,23.60,26.20,23.01,24.84
159915,2023/03/17,28.01,28.01,22.30,23.77
159915,2023/03/20,33.10,33.10,25.13,27.39
159915,2023/03/21,33.73,33.73,22.29,23.45
159915,2023/03/22,31.91,31.91,22.30,23.91
159915,2023/03/23,20.08,20.27,18.13,18.17
159915,2023/03/24,18.32,19.10,18.18,18.18
159915,2023/03/27,19.27,19.36,17.79,18.13
159915,2023/03/28,18.63,19.10,17.95,18.16
159915,2023/03/29,18.72,18.77,17.94,18.26
159915,2023/03/30,18.69,18.69,17.74,17.90
159915,2023/03/31,18.08,18.52,17.56,17.60
159915,2023/04/03,18.89,18.98,17.86,17.96
159915,2023/04/04,18.89,19.34,18.25,18.44
159915,2023/04/06,19.80,19.87,18.70,18.81
159915,2023/04/07,19.85,19.86,17.64,18.31
159915,2023/04/10,18.23,20.26,17.54,17.94
159915,2023/04/11,19.00,19.10,17.31,17.60
159915,2023/04/12,18.08,18.74,16.53,17.18
159915,2023/04/13,18.40,18.40,16.61,16.99
159915,2023/04/14,17.84,17.93,15.56,15.91
159915,2023/04/17,18.48,19.17,16.84,16.94
159915,2023/04/18,19.75,19.75,17.22,17.33
159915,2023/04/19,17.97,19.12,16.08,16.80
159915,2023/04/20,18.33,18.41,16.03,16.75
159915,2023/04/21,18.11,19.15,16.65,18.99
159915,2023/04/24,23.65,24.76,20.17,22.98
159915,2023/04/25,27.04,28.18,21.77,22.03
159915,2023/04/26,29.14,30.77,20.12,21.52
159915,2023/04/27,19.82,20.69,18.29,18.42
159915,2023/04/28,19.02,19.02,17.67,17.76
159915,2023/05/04,19.65,19.77,18.83,18.99
159915,2023/05/05,19.16,19.65,18.80,19.15
159915,2023/05/08,20.70,20.70,18.74,19.32
159915,2023/05/09,19.81,20.34,19.15,20.27
159915,2023/05/10,20.55,21.60,19.71,20.13
159915,2023/05/11,21.49,21.81,19.06,19.48
159915,2023/05/12,20.43,20.53,19.38,20.21
159915,2023/05/15,23.01,23.54,19.83,20.43
159915,2023/05/16,21.81,21.81,20.13,20.42
159915,2023/05/17,21.78,21.90,20.43,20.46
159915,2023/05/18,22.46,22.46,19.23,19.23
159915,2023/05/19,20.77,21.77,18.35,18.80
159915,2023/05/22,24.99,24.99,19.11,19.65
159915,2023/05/23,25.05,25.05,19.01,21.11
159915,2023/05/24,26.22,28.21,20.09,23.84
159915,2023/05/25,19.66,19.85,18.28,18.36
159915,2023/05/26,18.77,19.47,17.37,17.58
159915,2023/05/29,19.11,19.11,17.92,18.07
159915,2023/05/30,18.17,19.02,17.92,18.19
159915,2023/05/31,18.29,19.69,18.29,18.89
159915,2023/06/01,20.18,20.37,18.52,18.80
159915,2023/06/02,19.92,19.92,17.92,17.98
159915,2023/06/05,19.00,19.72,18.67,18.92
159915,2023/06/06,19.32,20.37,18.56,20.32
159915,2023/06/07,20.84,22.16,20.74,21.54
159915,2023/06/08,22.33,22.99,20.92,21.49
159915,2023/06/09,23.17,23.17,19.53,19.94
159915,2023/06/12,20.38,22.25,18.84,19.33
159915,2023/06/13,19.58,21.25,18.01,18.77
159915,2023/06/14,20.32,20.32,17.93,18.06
159915,2023/06/15,20.47,20.47,16.01,16.90
159915,2023/06/16,18.51,19.35,16.26,16.41
159915,2023/06/19,19.25,20.25,17.70,18.28
159915,2023/06/20,19.81,19.94,16.86,17.57
159915,2023/06/21,19.60,19.68,17.32,18.37
159915,2023/06/26,25.68,30.67,20.54,20.54
159915,2023/06/27,28.30,28.80,21.22,21.71
159915,2023/06/28,29.15,29.64,22.54,24.19
159915,2023/06/29,18.99,19.20,17.89,18.08
159915,2023/06/30,18.35,18.74,17.58,17.64
159915,2023/07/03,18.68,18.97,17.98,18.21
159915,2023/07/04,18.79,18.84,17.82,17.96
159915,2023/07/05,18.44,18.51,17.83,17.85
159915,2023/07/06,18.37,18.57,17.96,18.31
159915,2023/07/07,18.54,19.07,18.41,18.58
159915,2023/07/10,20.12,20.18,18.45,18.68
159915,2023/07/11,19.39,19.45,18.06,18.27
159915,2023/07/12,19.10,19.11,18.11,18.51
159915,2023/07/13,19.16,19.31,17.21,17.93
159915,2023/07/14,18.51,18.87,17.74,17.75
159915,2023/07/17,20.15,20.15,18.50,18.50
159915,2023/07/18,19.68,19.73,17.85,18.52
159915,2023/07/19,19.83,19.83,18.41,18.68
159915,2023/07/20,20.81,20.81,18.16,19.64
159915,2023/07/21,21.28,21.67,18.13,18.16
159915,2023/07/24,24.10,25.40,19.11,19.11
159915,2023/07/25,25.20,25.20,18.96,19.00
159915,2023/07/26,25.99,26.49,20.03,20.46
159915,2023/07/27,19.26,19.26,17.07,17.24
159915,2023/07/28,17.55,17.91,17.17,17.63
159915,2023/07/31,18.91,20.56,18.88,19.32
159915,2023/08/01,20.02,20.12,18.70,19.01
159915,2023/08/02,19.59,19.59,18.69,18.99
159915,2023/08/03,19.80,19.80,18.62,18.67
159915,2023/08/04,18.97,20.86,18.77,19.16
159915,2023/08/07,20.46,20.48,19.32,19.50
159915,2023/08/08,20.32,20.32,19.48,19.58
159915,2023/08/09,20.31,20.48,19.58,19.88
159915,2023/08/10,20.46,20.69,19.08,19.26
159915,2023/08/11,19.96,20.47,19.27,19.71
159915,2023/08/14,21.66,23.49,19.86,20.35
159915,2023/08/15,21.67,22.03,19.08,19.99
159915,2023/08/16,20.91,22.02,19.49,21.25
159915,2023/08/17,22.08,24.39,20.07,20.83
159915,2023/08/18,22.34,23.71,20.45,22.77
159915,2023/08/21,29.02,30.60,24.19,28.17
159915,2023/08/22,34.57,34.57,23.37,25.28
159915,2023/08/23,31.88,34.93,26.90,33.74
159915,2023/08/24,25.63,25.63,22.43,22.61
159915,2023/08/25,22.83,24.51,22.83,24.28
159915,2023/08/28,23.40,30.14,23.38,26.22
159915,2023/08/29,26.20,26.86,23.50,23.56
159915,2023/08/30,24.27,24.54,22.39,22.52
159915,2023/08/31,23.02,23.21,21.76,21.76
159915,2023/09/01,22.68,23.04,21.33,21.64
159915,2023/09/04,23.40,23.40,21.45,21.63
159915,2023/09/05,22.20,22.28,21.31,21.40
159915,2023/09/06,21.91,22.41,21.07,21.24
159915,2023/09/07,22.02,22.37,21.45,22.04
159915,2023/09/08,22.94,23.71,22.39,22.64
159915,2023/09/11,25.22,25.22,21.60,21.88
159915,2023/09/12,22.52,23.26,21.46,21.81
159915,2023/09/13,22.07,23.56,21.51,22.46
159915,2023/09/14,22.91,24.45,22.24,22.82
159915,2023/09/15,24.98,25.52,22.60,23.01
159915,2023/09/18,25.80,27.58,22.39,23.34
159915,2023/09/19,24.44,26.48,22.75,24.24
159915,2023/09/20,25.34,27.31,23.10,24.13
159915,2023/09/21,26.20,29.10,23.56,25.58
159915,2023/09/22,28.13,31.14,23.12,26.18
159915,2023/09/25,32.90,34.65,25.06,25.20
159915,2023/09/26,31.72,33.26,25.62,27.90
159915,2023/09/27,33.00,37.43,25.04,27.81
159915,2023/09/28,21.57,21.79,19.79,20.37
159915,2023/10/09,23.18,23.18,19.12,19.28
159915,2023/10/10,20.42,20.57,18.61,19.07
159915,2023/10/11,20.09,20.11,18.12,18.34
159915,2023/10/12,19.62,19.66,17.73,17.84
159915,2023/10/13,18.41,18.86,18.00,18.05
159915,2023/10/16,20.74,20.93,19.27,20.90
159915,2023/10/17,22.38,22.55,19.08,19.61
159915,2023/10/18,20.72,21.53,19.24,20.34
159915,2023/10/19,21.73,23.85,21.04,23.20
159915,2023/10/20,25.35,26.51,22.14,24.22
159915,2023/10/23,29.33,32.46,27.05,30.47
159915,2023/10/24,37.06,37.06,25.10,26.60
159915,2023/10/25,33.72,34.11,25.25,26.78
159915,2023/10/26,21.51,22.84,19.80,20.17
159915,2023/10/27,20.26,20.97,19.12,19.12
159915,2023/10/30,20.40,20.86,18.72,18.77
159915,2023/10/31,20.63,20.63,18.82,19.40
159915,2023/11/01,20.21,20.21,18.74,18.97
159915,2023/11/02,19.78,20.01,18.90,18.94
159915,2023/11/03,19.86,20.17,18.57,18.75
159915,2023/11/06,20.62,21.65,19.63,20.66
159915,2023/11/07,22.25,22.25,20.26,21.03
159915,2023/11/08,22.02,22.12,19.96,19.98
159915,2023/11/09,21.76,21.98,20.28,20.52
159915,2023/11/10,21.56,21.56,20.11,20.11
159915,2023/11/13,22.51,23.08,20.83,20.85
159915,2023/11/14,22.76,22.76,20.54,20.97
159915,2023/11/15,21.74,23.08,19.61,19.94
159915,2023/11/16,22.32,22.44,19.42,19.66
159915,2023/11/17,21.89,22.30,18.75,18.75
159915,2023/11/20,24.80,25.20,18.88,19.04
159915,2023/11/21,24.16,24.65,19.27,19.27
159915,2023/11/22,26.21,27.45,21.40,22.17
159915,2023/11/23,20.23,20.39,18.32,18.48
159915,2023/11/24,18.93,19.10,18.60,18.65
159915,2023/11/27,19.58,20.31,19.38,19.69
159915,2023/11/28,20.01,20.50,19.33,19.38
159915,2023/11/29,19.87,20.02,19.35,19.40
159915,2023/11/30,20.85,20.85,19.37,19.39
159915,2023/12/01,20.13,20.57,19.00,19.19
159915,2023/12/04,20.54,21.39,19.96,20.42
159915,2023/12/05,21.12,22.12,21.08,22.02
159915,2023/12/06,22.71,23.67,20.70,20.80
159915,2023/12/07,21.20,22.88,20.90,21.02
159915,2023/12/08,22.74,22.85,20.29,20.57
159915,2023/12/11,22.22,23.47,21.23,21.44
159915,2023/12/12,22.51,22.87,21.11,21.58
159915,2023/12/13,22.32,22.58,21.66,22.02
159915,2023/12/14,24.45,24.71,22.09,22.48
159915,2023/12/15,25.33,25.37,22.01,22.86
159915,2023/12/18,24.79,27.58,24.43,25.42
159915,2023/12/19,26.53,28.90,23.81,24.62
159915,2023/12/20,28.11,28.98,25.03,26.96
159915,2023/12/21,28.73,31.53,23.55,24.19
159915,2023/12/22,27.55,29.22,22.81,23.97
159915,2023/12/25,32.01,34.95,24.91,26.98
159915,2023/12/26,31.69,33.09,26.27,27.80
159915,2023/12/27,37.81,38.56,29.91,33.01
159915,2023/12/28,22.83,22.89,20.44,21.20
159915,2023/12/29,21.78,22.44,20.70,20.87
159915,2024/01/02,22.46,22.46,20.65,20.72
159915,2024/01/03,21.22,21.70,20.73,20.78
159915,2024/01/04,21.56,22.56,21.49,22.00
159915,2024/01/05,22.89,24.14,22.39,23.59
159915,2024/01/08,24.98,29.05,24.98,27.88
159915,2024/01/09,28.65,29.21,25.96,26.28
159915,2024/01/10,26.06,28.85,25.81,26.66
159915,2024/01/11,27.35,28.39,24.69,24.89
159915,2024/01/12,25.41,27.05,24.80,24.92
159915,2024/01/15,26.62,29.14,24.90,25.78
159915,2024/01/16,26.03,27.76,24.55,25.26
159915,2024/01/17,25.70,30.53,25.70,30.53
159915,2024/01/18,31.61,36.46,26.59,27.38
159915,2024/01/19,30.11,31.84,25.73,26.32
159915,2024/01/22,32.67,41.30,30.60,36.48
159915,2024/01/23,42.41,45.12,28.37,31.17
159915,2024/01/24,39.96,41.67,31.75,34.23
159915,2024/01/25,28.13,28.45,24.87,25.02
159915,2024/01/26,26.34,26.39,25.04,25.17
159915,2024/01/29,27.19,29.28,26.65,28.56
159915,2024/01/30,28.62,30.75,28.39,30.60
159915,2024/01/31,31.72,33.34,29.36,30.13
159915,2024/02/01,30.99,32.76,29.03,29.73
159915,2024/02/02,31.42,37.48,31.07,32.49
159915,2024/02/05,34.04,45.57,33.70,37.73
159915,2024/02/06,37.76,39.57,30.95,31.58
159915,2024/02/07,33.02,33.06,28.05,28.15
159915,2024/02/08,29.59,32.95,28.00,28.94
159915,2024/02/19,36.01,38.34,29.19,30.24
159915,2024/02/20,33.54,33.66,27.06,27.42
159915,2024/02/21,28.86,31.02,25.63,26.64
159915,2024/02/22,30.13,30.54,26.81,27.01
159915,2024/02/23,29.67,31.43,26.90,27.25
159915,2024/02/26,37.08,37.08,28.57,29.22
159915,2024/02/27,35.69,35.69,27.10,27.27
159915,2024/02/28,36.90,38.96,29.40,30.80
159915,2024/02/29,31.58,32.39,28.79,29.23
159915,2024/03/01,30.65,30.65,28.60,28.63
159915,2024/03/04,31.47,31.47,29.20,29.50
159915,2024/03/05,30.75,30.83,27.30,28.01
159915,2024/03/06,29.14,29.18,26.54,26.57
159915,2024/03/07,29.09,29.09,26.00,27.32
159915,2024/03/08,28.03,28.03,25.64,26.05
159915,2024/03/11,28.55,28.55,23.13,23.25
159915,2024/03/12,26.03,27.20,24.17,24.39
159915,2024/03/13,26.38,27.22,24.82,25.33
159915,2024/03/14,27.48,27.48,24.14,24.14
159915,2024/03/15,27.30,27.30,23.67,23.85
159915,2024/03/18,27.35,28.60,24.68,25.02
159915,2024/03/19,30.95,30.95,24.56,24.69
159915,2024/03/20,27.77,29.29,24.14,24.27
159915,2024/03/21,26.75,27.58,23.72,23.95
159915,2024/03/22,28.35,28.49,23.98,24.25
159915,2024/03/25,35.24,35.24,28.10,28.88
159915,2024/03/26,35.08,35.59,27.28,27.63
159915,2024/03/27,40.38,40.70,30.25,31.00
159915,2024/03/28,26.65,27.13,24.60,24.68
159915,2024/03/29,25.20,25.33,23.82,23.90
159915,2024/04/01,24.69,24.88,22.88,22.88
159915,2024/04/02,23.62,24.43,23.02,23.32
159915,2024/04/03,24.36,24.42,23.03,23.10
159915,2024/04/08,25.98,25.98,24.01,24.15
159915,2024/04/09,24.84,24.85,23.08,23.36
159915,2024/04/10,24.48,25.36,23.89,24.16
159915,2024/04/11,25.31,25.95,24.14,24.76
159915,2024/04/12,25.91,25.93,24.10,24.19
159915,2024/04/15,26.81,27.22,25.10,25.79
159915,2024/04/16,27.67,29.76,27.32,28.69
159915,2024/04/17,29.19,29.73,24.75,25.25
159915,2024/04/18,27.30,28.24,25.62,25.91
159915,2024/04/19,28.11,30.51,26.45,26.77
159915,2024/04/22,34.56,35.01,28.03,28.58
159915,2024/04/23,34.24,34.24,26.68,27.46
159915,2024/04/24,35.68,36.23,25.76,28.48
159915,2024/04/25,24.34,24.34,21.80,21.91
159915,2024/04/26,22.51,22.66,20.95,22.04
159915,2024/04/29,23.58,27.73,23.43,24.41
159915,2024/04/30,25.79,26.44,22.94,23.24
159915,2024/05/06,25.52,27.43,23.86,23.90
159915,2024/05/07,25.93,26.06,22.81,23.13
159915,2024/05/08,25.27,25.47,22.12,22.74
159915,2024/05/09,23.07,24.27,22.04,22.22
159915,2024/05/10,23.55,25.00,21.51,21.51
159915,2024/05/13,26.07,26.07,23.07,23.40
159915,2024/05/14,24.98,25.26,23.01,23.29
159915,2024/05/15,24.65,25.25,22.83,23.16
159915,2024/05/16,24.37,25.21,21.56,21.56
159915,2024/05/17,24.87,24.87,19.60,21.44
159915,2024/05/20,28.42,29.30,21.33,22.30
159915,2024/05/21,28.81,28.81,22.75,23.24
159915,2024/05/22,30.12,30.12,22.04,22.16
159915,2024/05/23,22.21,22.31,20.74,20.84
159915,2024/05/24,21.60,22.02,20.99,21.66
159915,2024/05/27,22.97,23.08,21.17,21.21
159915,2024/05/28,21.88,22.20,21.21,21.35
159915,2024/05/29,22.53,22.53,20.95,21.07
159915,2024/05/30,22.02,22.38,20.89,21.14
159915,2024/05/31,22.25,22.25,20.68,20.97
159915,2024/06/03,22.64,22.83,20.93,21.06
159915,2024/06/04,22.18,22.26,19.93,20.14
159915,2024/06/05,21.39,21.51,19.79,20.11
159915,2024/06/06,21.00,21.58,20.00,21.07
159915,2024/06/07,22.06,24.83,21.58,21.59
159915,2024/06/11,24.38,25.21,22.12,22.36
159915,2024/06/12,22.91,23.80,21.82,22.42
159915,2024/06/13,23.75,23.86,20.79,21.13
159915,2024/06/14,23.28,23.48,19.90,20.40
159915,2024/06/17,23.73,24.70,20.95,21.34
159915,2024/06/18,23.64,23.95,20.43,20.43
159915,2024/06/19,23.20,23.53,21.09,21.45
159915,2024/06/20,23.61,25.06,21.53,22.74
159915,2024/06/21,24.53,26.76,20.52,21.52
159915,2024/06/24,29.58,31.53,25.14,27.91
159915,2024/06/25,32.83,35.62,27.25,30.81
159915,2024/06/26,41.00,41.42,27.15,29.34
159915,2024/06/27,22.23,22.55,21.67,21.95
159915,2024/06/28,22.46,22.69,21.15,21.83
159915,2024/07/01,23.00,24.42,22.10,22.34
159915,2024/07/02,22.56,23.49,22.37,22.53
159915,2024/07/03,23.31,23.40,21.67,22.00
159915,2024/07/04,22.75,22.96,21.82,22.20
159915,2024/07/05,23.11,24.30,21.30,21.70
159915,2024/07/08,23.54,24.50,23.01,23.44
159915,2024/07/09,24.18,24.91,22.54,22.88
159915,2024/07/10,23.23,24.56,22.23,22.51
159915,2024/07/11,23.63,23.77,21.09,21.10
159915,2024/07/12,22.93,23.12,20.70,20.70
159915,2024/07/15,24.06,24.19,21.31,21.69
159915,2024/07/16,23.14,23.66,19.66,20.17
159915,2024/07/17,22.62,22.62,19.78,20.44
159915,2024/07/18,22.91,23.32,19.59,20.07
159915,2024/07/19,23.70,23.70,17.95,18.06
159915,2024/07/22,25.33,25.38,21.71,22.38
159915,2024/07/23,26.49,27.09,22.96,26.85
159915,2024/07/24,31.55,33.08,26.74,32.83
159915,2024/07/25,23.50,23.83,21.35,21.62
159915,2024/07/26,22.49,22.49,20.19,20.26
159915,2024/07/29,22.08,22.08,20.99,21.29
159915,2024/07/30,21.96,22.16,21.00,21.04
159915,2024/07/31,21.78,21.91,20.11,20.31
159915,2024/08/01,20.86,21.42,20.49,20.58
159915,2024/08/02,21.24,22.45,21.19,21.89
159915,2024/08/05,23.09,27.43,23.09,27.30
159915,2024/08/06,26.88,26.88,24.56,24.62
159915,2024/08/07,25.19,25.88,23.70,23.90
159915,2024/08/08,24.44,24.80,22.76,22.92
159915,2024/08/09,24.03,24.03,22.67,23.05
159915,2024/08/12,25.47,25.48,23.09,23.49
159915,2024/08/13,24.87,24.89,22.53,22.87
159915,2024/08/14,23.49,24.42,22.90,23.42
159915,2024/08/15,24.53,24.74,22.29,22.69
159915,2024/08/16,23.83,24.36,22.06,22.24
159915,2024/08/19,24.71,25.53,21.38,21.72
159915,2024/08/20,24.41,24.49,22.87,23.39
159915,2024/08/21,23.92,26.14,22.38,23.65
159915,2024/08/22,26.74,27.20,22.47,24.22
159915,2024/08/23,25.57,28.11,22.74,23.09
159915,2024/08/26,33.14,33.75,25.78,27.73
159915,2024/08/27,31.98,34.86,26.93,28.69
159915,2024/08/28,36.54,38.11,29.19,30.44
159915,2024/08/29,21.63,23.81,20.72,20.79
159915,2024/08/30,22.77,22.90,19.79,20.09
159915,2024/09/02,22.17,23.02,21.57,22.12
159915,2024/09/03,24.27,24.33,21.01,21.11
159915,2024/09/04,21.71,23.29,21.12,21.44
159915,2024/09/05,23.36,23.40,20.55,20.55
159915,2024/09/06,22.58,22.70,21.04,21.04
159915,2024/09/09,22.78,24.42,22.54,22.98
159915,2024/09/10,24.79,24.90,22.85,23.26
159915,2024/09/11,24.74,25.81,22.64,23.10
159915,2024/09/12,24.92,25.02,21.68,22.29
159915,2024/09/13,24.56,24.71,21.12,21.55
159915,2024/09/18,25.88,27.02,22.53,22.64
159915,2024/09/19,27.79,27.79,22.46,23.17
159915,2024/09/20,26.24,26.40,22.53,22.73
159915,2024/09/23,30.17,31.68,23.98,25.71
159915,2024/09/24,31.98,32.25,22.47,26.56
159915,2024/09/25,34.06,38.25,25.27,25.27
159915,2024/09/26,22.44,28.96,21.51,28.96
159915,2024/09/27,28.06,57.66,27.66,39.36
159915,2024/09/30,35.48,72.76,35.48,70.56
159915,2024/10/08,93.05,126.19,78.01,93.65
159915,2024/10/09,118.75,118.75,72.59,80.97
159915,2024/10/10,80.76,86.77,61.84,63.32
159915,2024/10/11,69.58,69.98,56.15,64.05
159915,2024/10/14,63.53,70.59,48.29,49.31
159915,2024/10/15,61.16,61.45,43.03,45.35
159915,2024/10/16,55.13,55.30,44.34,45.85
159915,2024/10/17,48.83,53.26,44.30,45.51
159915,2024/10/18,56.01,108.83,46.22,55.45
159915,2024/10/21,79.67,87.98,60.21,61.80
159915,2024/10/22,83.18,83.77,55.22,55.94
159915,2024/10/23,81.76,83.14,50.75,51.10
159915,2024/10/24,47.44,47.99,41.54,42.41
159915,2024/10/25,41.00,52.43,41.00,45.28
159915,2024/10/28,46.92,48.01,44.49,47.09
159915,2024/10/29,46.64,49.15,46.08,47.89
159915,2024/10/30,49.91,49.91,46.55,48.79
159915,2024/10/31,51.25,54.35,50.84,52.87
159915,2024/11/01,53.53,55.38,53.28,54.37
159915,2024/11/04,57.64,58.39,55.22,55.45
159915,2024/11/05,57.32,60.61,56.53,57.41
159915,2024/11/06,57.85,60.13,54.73,55.22
159915,2024/11/07,57.46,57.56,50.12,51.54
159915,2024/11/08,50.86,56.90,50.86,52.78
159915,2024/11/11,58.60,58.60,43.83,44.65
159915,2024/11/12,43.97,47.41,42.91,43.77
159915,2024/11/13,50.73,50.73,40.92,41.38
159915,2024/11/14,47.33,48.09,41.67,42.67
159915,2024/11/15,47.81,47.81,42.53,43.73
159915,2024/11/18,49.85,51.85,46.70,47.84
159915,2024/11/19,51.71,53.15,46.70,46.70
159915,2024/11/20,54.10,54.72,43.62,43.62
159915,2024/11/21,50.97,51.29,43.60,43.63
159915,2024/11/22,49.29,49.60,44.01,45.16
159915,2024/11/25,59.68,61.22,48.90,49.32
159915,2024/11/26,63.27,63.99,46.02,47.56
159915,2024/11/27,63.17,63.88,42.51,42.80
159915,2024/11/28,41.61,41.97,37.33,37.45
159915,2024/11/29,40.52,40.52,35.58,35.58
159915,2024/12/02,41.23,41.32,37.75,37.91
159915,2024/12/03,40.77,41.68,38.01,39.02
159915,2024/12/04,41.86,42.38,39.47,39.94
159915,2024/12/05,42.76,42.76,38.65,38.65
159915,2024/12/06,39.81,42.02,37.01,37.09
159915,2024/12/09,43.05,43.21,38.27,38.63
159915,2024/12/10,42.59,48.57,39.96,41.10
159915,2024/12/11,44.79,44.79,38.67,39.78
159915,2024/12/12,43.79,44.28,38.57,39.11
159915,2024/12/13,44.65,45.02,36.19,36.42
159915,2024/12/16,44.89,44.99,38.79,39.54
159915,2024/12/17,43.68,43.75,37.80,40.45
159915,2024/12/18,41.74,44.61,38.95,39.45
159915,2024/12/19,45.06,45.06,37.47,37.79
159915,2024/12/20,44.42,44.42,36.89,37.06
159915,2024/12/23,54.34,54.34,42.42,43.49
159915,2024/12/24,56.50,56.50,40.54,40.87
159915,2024/12/25,57.91,61.49,41.90,43.74
159915,2024/12/26,30.61,31.39,27.62,27.69
159915,2024/12/27,28.79,29.37,26.64,26.75
159915,2024/12/30,29.49,29.51,27.15,27.61
159915,2024/12/31,29.40,30.41,28.62,29.44
159915,2025/01/02,31.62,38.06,31.09,36.24
159915,2025/01/03,37.13,38.06,34.60,35.86
159915,2025/01/06,38.70,39.68,37.19,37.60
159915,2025/01/07,38.73,40.88,32.94,33.04
159915,2025/01/08,34.89,36.37,32.27,32.52
159915,2025/01/09,33.84,35.89,31.42,31.57
159915,2025/01/10,33.69,34.15,31.36,32.93
159915,2025/01/13,35.66,39.37,34.62,35.84
159915,2025/01/14,39.66,39.69,33.60,35.10
159915,2025/01/15,38.73,39.32,34.82,34.82
159915,2025/01/16,38.27,40.04,34.78,34.78
159915,2025/01/17,38.83,39.77,33.97,34.51
159915,2025/01/20,44.77,45.59,34.59,35.05
159915,2025/01/21,42.42,43.10,32.69,33.19
159915,2025/01/22,43.86,44.37,32.35,33.37
159915,2025/01/23,33.74,34.96,31.17,31.66
159915,2025/01/24,34.39,34.39,30.20,30.23
159915,2025/01/27,33.14,33.52,30.47,30.68
159915,2025/02/05,35.27,35.27,29.78,29.94
159915,2025/02/06,32.15,32.30,27.68,28.30
159915,2025/02/07,30.93,30.93,26.75,27.36
159915,2025/02/10,30.97,32.19,28.65,29.44
159915,2025/02/11,32.16,32.50,28.92,29.03
159915,2025/02/12,31.84,31.84,27.31,27.75
159915,2025/02/13,31.55,31.71,26.88,26.92
159915,2025/02/14,30.34,30.34,24.96,24.96
159915,2025/02/17,29.17,31.29,27.05,27.97
159915,2025/02/18,31.63,32.08,27.87,27.92
159915,2025/02/19,31.49,31.49,26.40,26.40
159915,2025/02/20,31.49,31.49,25.93,26.13
159915,2025/02/21,30.18,33.56,26.00,26.40
159915,2025/02/24,37.29,37.73,28.85,28.97
159915,2025/02/25,37.58,37.59,28.21,28.42
159915,2025/02/26,37.01,37.73,28.33,30.88
159915,2025/02/27,32.72,33.58,29.47,29.70
159915,2025/02/28,32.82,33.05,30.96,32.63
159915,2025/03/03,35.08,35.70,29.84,29.94
159915,2025/03/04,33.94,33.94,30.11,30.15
159915,2025/03/05,33.71,33.71,29.76,29.81
159915,2025/03/06,32.18,32.55,29.50,29.72
159915,2025/03/07,33.19,33.19,28.24,28.29
159915,2025/03/10,32.19,32.51,27.91,28.35
159915,2025/03/11,33.04,33.04,28.76,28.99
159915,2025/03/12,32.14,32.77,28.82,28.92
159915,2025/03/13,32.90,32.93,28.43,28.43
159915,2025/03/14,32.80,33.29,27.76,27.82
159915,2025/03/17,35.06,36.08,29.86,29.90
159915,2025/03/18,34.08,34.34,29.02,29.15
159915,2025/03/19,34.55,34.73,28.89,29.97
159915,2025/03/20,34.55,35.19,29.84,29.84
159915,2025/03/21,34.92,36.04,28.03,29.01
159915,2025/03/24,41.67,42.06,29.44,30.52
159915,2025/03/25,40.77,40.77,28.73,29.33
159915,2025/03/26,41.90,42.16,30.56,30.90
159915,2025/03/27,23.43,23.61,20.89,20.97
159915,2025/03/28,22.10,22.11,21.10,21.27
159915,2025/03/31,23.10,24.39,22.72,22.86
159915,2025/04/01,23.95,23.99,21.89,22.49
159915,2025/04/02,23.71,23.75,22.16,22.43
159915,2025/04/03,24.17,24.93,23.09,23.41
159915,2025/04/07,33.01,81.13,30.97,70.56
159915,2025/04/08,68.38,68.38,46.38,51.19
159915,2025/04/09,50.37,57.67,46.52,47.04
159915,2025/04/10,48.08,48.15,37.75,39.16
159915,2025/04/11,40.28,42.04,34.71,35.63
159915,2025/04/14,40.90,41.34,32.88,33.45
159915,2025/04/15,37.13,37.13,31.38,31.49
159915,2025/04/16,33.91,35.60,31.51,32.25
159915,2025/04/17,36.13,37.37,31.38,32.68
159915,2025/04/18,36.01,37.60,30.97,31.06
159915,2025/04/21,42.21,42.56,31.35,31.79
159915,2025/04/22,41.35,41.40,31.93,32.82
159915,2025/04/23,44.33,44.33,31.05,31.52
159915,2025/04/24,26.52,26.52,24.27,25.19
159915,2025/04/25,25.94,26.09,24.35,24.67
159915,2025/04/28,26.81,26.81,25.65,25.70
159915,2025/04/29,26.97,27.15,25.86,25.88
159915,2025/04/30,27.01,27.09,25.72,26.24
159915,2025/05/06,28.57,28.57,22.15,22.15
159915,2025/05/07,23.90,25.98,22.35,22.36
159915,2025/05/08,24.83,24.83,20.79,21.07
159915,2025/05/09,23.95,23.95,21.67,22.28
159915,2025/05/12,23.58,24.30,21.63,23.52
159915,2025/05/13,24.99,25.13,21.92,22.28
159915,2025/05/14,23.75,26.48,22.19,23.55
159915,2025/05/15,25.68,25.80,23.86,24.52
159915,2025/05/16,26.79,26.79,23.11,23.25
159915,2025/05/19,27.12,27.12,22.16,23.09
159915,2025/05/20,24.47,24.95,21.73,21.94
159915,2025/05/21,24.86,24.90,20.99,21.82
159915,2025/05/22,24.99,25.43,23.48,24.06
159915,2025/05/23,26.99,26.99,23.31,24.18
159915,2025/05/26,32.26,32.26,26.38,26.51
159915,2025/05/27,32.52,32.52,25.58,26.21
159915,2025/05/28,35.08,35.08,27.81,29.25
159915,2025/05/29,25.75,25.75,22.98,22.99
159915,2025/05/30,25.20,25.21,23.37,23.37
159915,2025/06/03,26.28,26.28,22.42,22.87
159915,2025/06/04,24.16,24.16,22.02,22.34
159915,2025/06/05,23.66,23.90,20.72,20.92
159915,2025/06/06,23.62,23.62,21.14,21.14
159915,2025/06/09,23.89,23.91,20.86,20.98
159915,2025/06/10,23.42,23.44,21.39,21.79
159915,2025/06/11,23.85,23.85,19.70,20.41
159915,2025/06/12,23.88,23.93,20.66,20.66
159915,2025/06/13,24.82,24.82,21.98,22.33
159915,2025/06/16,26.79,26.95,21.85,21.96
159915,2025/06/17,25.05,25.85,21.61,21.92
159915,2025/06/18,25.42,25.42,21.91,22.05
159915,2025/06/19,27.31,27.31,22.71,22.71
159915,2025/06/20,27.12,27.12,21.84,21.97
159915,2025/06/23,31.75,31.83,23.13,23.41
159915,2025/06/24,31.52,31.58,22.11,22.25
159915,2025/06/25,34.62,34.62,24.23,27.80
159915,2025/06/26,23.32,23.56,21.16,21.49
159915,2025/06/27,20.93,22.09,20.12,20.18
159915,2025/06/30,21.31,21.50,19.51,20.27
159915,2025/07/01,21.92,21.92,19.68,19.77
159915,2025/07/02,22.02,22.02,19.68,19.70
159915,2025/07/03,20.23,20.25,18.49,18.52
159915,2025/07/04,20.36,20.82,19.19,19.27
159915,2025/07/07,22.50,22.50,20.56,20.96
159915,2025/07/08,22.35,22.35,20.10,20.74
159915,2025/07/09,23.47,23.47,21.00,21.39
159915,2025/07/10,22.58,22.69,20.80,21.56
159915,2025/07/11,23.86,24.58,21.61,21.85
159915,2025/07/14,27.47,27.47,23.13,23.73
159915,2025/07/15,24.40,25.84,21.53,22.19
159915,2025/07/16,25.24,25.47,21.86,22.43
159915,2025/07/17,26.06,26.06,20.02,20.80
159915,2025/07/18,24.86,25.42,20.67,23.14
159915,2025/07/21,29.19,32.24,23.18,24.15
159915,2025/07/22,32.78,33.15,23.13,23.13
159915,2025/07/23,35.81,36.79,24.25,24.72
159915,2025/07/24,23.70,24.27,23.26,23.56
159915,2025/07/25,24.33,25.67,24.29,24.29
159915,2025/07/28,24.91,26.35,23.91,24.02
159915,2025/07/29,24.76,25.46,22.59,24.26
159915,2025/07/30,26.89,26.89,24.90,25.46
159915,2025/07/31,24.74,26.14,24.74,25.25
159915,2025/08/01,26.85,26.85,23.66,23.66
159915,2025/08/04,26.41,26.41,23.04,23.04
159915,2025/08/05,23.02,23.72,22.48,22.88
159915,2025/08/06,24.96,24.96,22.97,23.22
159915,2025/08/07,23.80,25.18,23.04,23.21
159915,2025/08/08,25.33,25.44,22.76,22.86
159915,2025/08/11,24.46,24.56,22.89,23.22
159915,2025/08/12,24.28,25.68,22.46,22.80
159915,2025/08/13,23.76,29.72,23.76,26.65
159915,2025/08/14,30.03,31.69,27.39,27.49
159915,2025/08/15,30.91,32.52,27.69,30.04
159915,2025/08/18,32.47,41.92,31.74,38.19
159915,2025/08/19,42.66,42.95,35.28,35.70
159915,2025/08/20,40.63,40.63,32.04,35.69
159915,2025/08/21,38.36,41.54,32.53,33.70
159915,2025/08/22,39.81,39.81,30.05,34.92
159915,2025/08/25,44.90,59.04,40.84,41.13
159915,2025/08/26,59.77,60.56,37.04,37.04
159915,2025/08/27,48.99,48.99,31.25,31.25
159915,2025/08/28,39.10,39.10,34.74,38.21
159915,2025/08/29,42.23,47.92,39.65,41.92
159915,2025/09/01,43.29,46.83,39.10,39.41
159915,2025/09/02,44.47,44.47,39.53,40.42
159915,2025/09/03,41.68,43.75,39.60,39.85
159915,2025/09/04,40.29,44.47,40.29,41.02
159915,2025/09/05,43.88,44.75,38.36,41.72
159915,2025/09/08,46.55,50.51,40.49,40.49
159915,2025/09/09,45.95,45.95,37.08,37.28
159915,2025/09/10,39.64,41.06,35.70,36.25
159915,2025/09/11,38.22,45.19,36.43,37.97
159915,2025/09/12,46.52,47.28,37.88,38.65
159915,2025/09/15,43.06,47.35,40.92,41.98
159915,2025/09/16,45.83,49.56,43.45,44.30
159915,2025/09/17,51.58,51.58,43.94,47.42
159915,2025/09/18,53.94,55.69,40.79,41.68
159915,2025/09/19,50.90,51.96,39.62,40.01
159915,2025/09/22,53.57,62.30,42.50,42.50
159915,2025/09/23,48.66,53.12,37.88,39.41
159915,2025/09/24,57.35,57.35,34.91,35.05
159915,2025/09/25,39.49,39.49,36.13,36.31
159915,2025/09/26,39.13,39.61,37.17,38.55
159915,2025/09/29,41.31,41.31,37.47,37.65
159915,2025/09/30,38.80,40.09,37.09,37.09
159915,2025/10/09,44.04,44.04,36.05,36.05
159915,2025/10/10,40.21,40.23,36.61,37.12
159915,2025/10/13,45.00,47.77,41.22,42.22
159915,2025/10/14,42.77,44.57,39.66,43.48
159915,2025/10/15,45.79,46.44,38.38,38.57
159915,2025/10/16,42.72,42.98,36.22,36.34
159915,2025/10/17,40.54,40.76,36.24,37.87
159915,2025/10/20,46.49,46.66,36.41,37.01
159915,2025/10/21,44.10,44.10,32.80,32.80
159915,2025/10/22,45.68,46.62,32.46,35.52
159915,2025/10/23,35.54,35.54,31.60,31.90
159915,2025/10/24,33.10,33.50,30.51,30.81
159915,2025/10/27,32.94,35.26,32.94,33.19
159915,2025/10/28,36.77,36.79,33.01,34.10
159915,2025/10/29,34.99,36.15,34.73,35.59
159915,2025/10/30,38.53,38.91,35.26,35.40
159915,2025/10/31,38.49,38.49,34.17,34.17
159915,2025/11/03,38.31,38.31,34.18,34.39
159915,2025/11/04,37.18,37.24,34.25,34.60
159915,2025/11/05,37.32,38.14,34.33,34.48
159915,2025/11/06,35.75,36.25,32.83,32.83
159915,2025/11/07,36.52,36.52,32.65,32.98
159915,2025/11/10,34.89,35.72,32.76,32.82
159915,2025/11/11,34.20,35.10,33.58,33.81
159915,2025/11/12,36.35,36.60,32.89,32.90
159915,2025/11/13,35.68,35.94,31.73,31.85
159915,2025/11/14,35.60,35.60,31.90,32.54
159915,2025/11/17,37.49,37.49,32.99,33.17
159915,2025/11/18,36.83,36.84,33.68,33.79
159915,2025/11/19,36.65,37.14,31.87,31.99
159915,2025/11/20,34.27,35.02,31.01,31.24
159915,2025/11/21,37.01,39.46,31.50,34.36
159915,2025/11/24,45.54,45.54,33.42,35.11
159915,2025/11/25,42.68,42.68,31.61,31.83
159915,2025/11/26,42.36,42.83,27.20,32.30
159915,2025/11/27,35.41,35.41,29.90,30.56
159915,2025/11/28,34.43,34.43,29.26,29.26
159915,2025/12/01,33.42,34.75,31.28,32.11
159915,2025/12/02,32.86,34.35,29.64,30.67
159915,2025/12/03,32.79,32.81,29.76,29.76
159915,2025/12/04,34.11,34.11,29.01,29.01
159915,2025/12/05,32.61,33.35,28.99,28.99
159915,2025/12/08,34.18,34.23,29.60,29.65
159915,2025/12/09,36.33,36.56,30.44,30.72
159915,2025/12/10,36.12,36.26,30.08,30.23
159915,2025/12/11,35.78,35.94,31.05,31.44
159915,2025/12/12,35.43,35.43,28.90,29.37
159915,2025/12/15,38.78,38.78,32.06,33.28
159915,2025/12/16,37.77,37.77,33.22,34.59
159915,2025/12/17,39.01,39.01,30.50,30.54
159915,2025/12/18,38.89,39.09,31.89,32.87
159915,2025/12/19,37.12,37.42,30.48,30.48
159915,2025/12/22,40.97,41.73,30.56,31.63
159915,2025/12/23,38.87,39.28,28.15,28.31
159915,2025/12/24,39.69,41.93,26.47,27.32
159915,2025/12/25,26.23,26.23,24.40,24.45
159915,2025/12/26,25.08,26.05,24.80,24.92
159915,2025/12/29,27.23,27.23,25.90,25.99
159915,2025/12/30,27.84,27.84,25.86,25.86
159915,2025/12/31,27.20,27.84,26.64,26.70
159915,2026/01/05,28.67,28.72,25.89,25.89
159915,2026/01/06,28.01,28.66,27.18,27.72
159915,2026/01/07,28.36,29.56,27.43,27.48
159915,2026/01/08,29.18,29.26,27.39,27.71
159915,2026/01/09,29.39,29.80,27.95,28.08
159915,2026/01/12,30.48,36.58,30.23,35.32
159915,2026/01/13,36.26,38.27,32.03,32.47
159915,2026/01/14,32.76,34.58,30.02,30.23
159915,2026/01/15,32.20,32.30,28.20,28.90
159915,2026/01/16,29.47,31.22,27.33,27.33
159915,2026/01/19,31.41,31.41,25.70,25.91
159915,2026/01/20,27.52,27.54,24.81,24.82
159915,2026/01/21,27.72,27.72,24.76,24.88
159915,2026/01/22,27.26,27.73,25.17,25.54
159915,2026/01/23,28.72,28.72,26.67,27.63
159915,2026/01/26,33.86,35.36,29.75,29.84
159915,2026/01/27,35.02,35.28,28.40,29.42
159915,2026/01/28,35.36,36.19,27.48,27.74
159915,2026/01/29,29.74,29.74,27.29,27.50
159915,2026/01/30,29.57,29.98,27.51,27.62
159915,2026/02/02,30.15,33.86,29.81,33.26
159915,2026/02/03,32.38,32.38,29.07,29.07
159915,2026/02/04,30.13,30.69,28.21,28.42
159915,2026/02/05,28.39,30.05,27.63,27.70
159915,2026/02/06,28.75,29.75,27.46,27.71
159915,2026/02/09,28.56,28.99,26.89,26.96
159915,2026/02/10,27.15,27.74,25.39,25.49
159915,2026/02/11,25.96,26.51,24.82,25.35
159915,2026/02/12,25.55,26.40,24.46,26.07
159915,2026/02/13,26.85,29.22,26.55,27.99
159915,2026/02/24,37.99,37.99,29.18,29.58
159915,2026/02/25,33.94,33.99,27.59,27.77
159915,2026/02/26,29.89,30.06,27.06,28.19
159915,2026/02/27,28.45,28.56,26.41,26.90
159915,2026/03/02,29.09,29.09,26.34,26.72
159915,2026/03/03,27.69,29.86,26.37,28.72
159915,2026/03/04,31.84,31.94,28.94,29.62
159915,2026/03/05,30.16,30.16,26.35,26.36
159915,2026/03/06,28.97,29.33,26.94,27.56
159915,2026/03/09,29.39,33.60,29.24,29.52
159915,2026/03/10,28.98,28.98,26.26,26.62
159915,2026/03/11,28.81,29.16,26.42,27.32
159915,2026/03/12,30.17,31.72,27.99,31.13
159915,2026/03/13,32.25,32.79,29.23,31.23
159915,2026/03/16,34.23,36.11,30.77,32.98
159915,2026/03/17,33.49,36.99,31.44,31.44
159915,2026/03/18,32.38,33.52,28.42,28.42
159915,2026/03/19,34.47,35.34,30.26,30.26
159915,2026/03/20,34.42,34.43,29.31,31.43
159915,2026/03/23,40.68,47.16,37.10,43.47
159915,2026/03/24,47.82,47.83,32.73,33.96
159915,2026/03/25,39.42,39.55,26.00,26.83
159915,2026/03/26,26.09,27.58,25.49,27.39
159915,2026/03/27,28.71,29.27,26.56,26.56
159915,2026/03/30,29.00,31.42,28.84,28.88
159915,2026/03/31,29.62,30.90,28.08,30.84
159915,2026/04/01,29.57,29.87,28.18,28.37
159915,2026/04/02,29.06,31.49,28.81,29.70
159915,2026/04/03,29.90,31.62,29.57,30.40
159915,2026/04/07,32.20,32.20,29.20,30.12
159915,2026/04/08,28.04,28.04,24.98,25.23
159915,2026/04/09,28.14,28.14,24.26,24.26
159915,2026/04/10,25.78,26.89,24.77,24.88
159915,2026/04/13,31.56,32.08,28.91,29.18
159915,2026/04/14,31.43,32.15,29.08,31.22
159915,2026/04/15,33.23,35.22,29.92,30.40
159915,2026/04/16,33.08,33.64,30.61,30.94
159915,2026/04/17,33.62,35.07,29.04,29.24
159915,2026/04/20,43.67,43.67,31.58,31.88
159915,2026/04/21,41.67,41.67,30.11,31.51
159915,2026/04/22,42.24,42.25,27.47,35.08
159915,2026/04/23,29.85,30.63,29.43,29.43
159915,2026/04/24,31.98,31.98,29.80,29.80
159915,2026/04/27,31.77,31.98,29.42,29.44
159915,2026/04/28,31.21,31.21,28.64,28.67
159915,2026/04/29,30.29,30.29,27.72,27.72
159915,2026/04/30,29.03,29.49,27.68,27.72
159915,2026/05/06,29.68,33.67,29.50,29.61
159915,2026/05/07,29.41,31.95,29.41,30.44
159915,2026/05/08,33.07,33.07,29.61,29.64
159915,2026/05/11,31.70,33.59,31.70,31.77
159915,2026/05/12,33.11,36.09,33.08,34.45
159915,2026/05/13,37.74,37.74,33.80,36.43
159915,2026/05/14,37.74,40.99,35.51,35.99
159915,2026/05/15,38.10,38.10,32.72,32.72
159915,2026/05/18,41.94,41.94,33.76,33.82
159915,2026/05/19,38.81,38.81,32.23,32.54
159915,2026/05/20,37.99,37.99,33.50,33.92
159915,2026/05/21,35.97,38.11,33.20,34.51
159915,2026/05/22,37.21,38.07,31.89,32.71
159915,2026/05/25,41.05,43.51,34.10,34.10
159915,2026/05/26,46.24,46.25,33.21,33.59
159915,2026/05/27,46.12,46.12,31.07,32.78
159915,2026/05/28,40.06,40.06,35.31,35.31
159915,2026/05/29,37.31,38.22,33.78,33.86
159915,2026/06/01,38.44,38.44,33.10,33.18
159915,2026/06/02,34.76,35.25,32.97,33.11
159915,2026/06/03,34.21,35.29,31.81,31.81
159915,2026/06/04,36.94,36.94,33.77,33.90
159915,2026/06/05,37.97,37.97,33.23,33.53
159915,2026/06/08,38.48,39.96,36.35,36.80
159915,2026/06/09,38.25,38.25,34.74,34.99
159915,2026/06/10,39.30,39.30,36.10,36.21
159915,2026/06/11,40.07,40.07,35.71,35.77
159915,2026/06/12,37.31,38.02,34.41,34.61
159915,2026/06/15,38.56,39.90,34.16,35.37
159915,2026/06/16,38.29,43.46,37.72,38.51
159915,2026/06/17,42.33,42.33,37.52,37.56
159915,2026/06/18,43.87,43.88,35.70,35.84
159915,2026/06/22,50.45,53.00,39.70,39.70
159915,2026/06/23,51.10,55.87,42.75,43.95
159915,2026/06/24,53.81,54.38,33.68,34.92
159915,2026/06/25,40.11,41.13,39.78,39.81
159915,2026/06/26,42.47,43.36,41.08,42.40
159915,2026/06/29,44.29,44.96,43.24,43.42
159915,2026/06/30,44.75,44.75,41.57,41.66
159915,2026/07/01,42.46,43.90,42.11,42.31
159915,2026/07/02,43.60,44.62,43.05,43.70
159915,2026/07/03,44.31,44.88,41.18,41.18
159915,2026/07/06,43.35,43.86,40.61,40.72
159915,2026/07/07,41.70,42.43,39.73,39.92
159915,2026/07/08,41.49,42.79,39.43,40.89
159915,2026/07/09,42.54,42.93,40.95,41.13
159915,2026/07/10,43.26,44.88,41.90,41.91
159915,2026/07/13,45.88,48.66,44.79,47.19
159915,2026/07/14,49.07,50.94,44.35,44.48
159915,2026/07/15,47.83,48.65,42.97,43.93
159915,2026/07/16,46.27,51.06,44.51,48.42
159915,2026/07/17,48.12,70.05,48.12,56.42
159915,2026/07/20,73.14,73.14,56.45,62.17
159915,2026/07/21,70.26,70.26,46.81,47.79
159915,2026/07/22,56.73,56.75,41.60,48.90
159915,2026/07/23,42.72,42.72,38.92,39.01
159915,2026/07/24,39.88,40.56,39.33,40.12
159915,2026/07/27,42.05,42.37,38.54,38.99
159915,2026/07/28,39.81,46.18,39.81,45.90
159915,2026/07/29,47.09,50.40,46.06,47.13
159915,2026/07/30,46.35,57.40,46.35,52.50
159915,2026/07/31,52.37,52.37,45.63,47.01
