code,time,open,high,low,close
159901,2022/12/12,23.30,23.30,22.70,22.70
159901,2022/12/13,22.80,23.00,22.30,22.40
159901,2022/12/14,21.60,22.73,21.29,21.46
159901,2022/12/15,21.47,21.59,20.55,20.55
159901,2022/12/16,21.10,21.10,20.00,20.00
159901,2022/12/19,19.57,20.12,19.29,19.72
159901,2022/12/20,19.81,20.34,19.68,20.25
159901,2022/12/21,20.75,20.75,19.24,19.63
159901,2022/12/22,20.05,20.05,18.83,19.62
159901,2022/12/23,20.50,20.50,19.61,19.92
159901,2022/12/26,20.54,20.92,19.70,19.94
159901,2022/12/27,20.31,20.31,18.64,18.79
159901,2022/12/28,18.84,19.14,18.32,18.50
159901,2022/12/29,18.93,19.06,17.94,18.15
159901,2022/12/30,18.14,18.14,17.40,17.49
159901,2023/01/03,18.55,18.55,17.18,17.45
159901,2023/01/04,17.74,17.74,17.07,17.33
159901,2023/01/05,16.73,17.39,16.53,17.19
159901,2023/01/06,17.78,17.78,16.90,17.02
159901,2023/01/09,17.95,18.80,17.68,18.53
159901,2023/01/10,18.97,19.08,18.14,18.23
159901,2023/01/11,19.00,19.08,18.20,18.23
159901,2023/01/12,17.59,18.38,16.93,17.15
159901,2023/01/13,17.83,17.90,16.06,16.09
159901,2023/01/16,17.85,20.00,15.47,16.94
159901,2023/01/17,16.33,16.46,15.66,16.03
159901,2023/01/18,16.60,16.62,15.51,16.25
159901,2023/01/19,15.98,18.77,15.56,18.09
159901,2023/01/20,20.01,22.31,16.62,21.61
159901,2023/01/30,20.00,20.00,19.00,19.20
159901,2023/01/31,21.59,21.60,20.26,20.44
159901,2023/02/01,20.82,21.31,20.27,21.31
159901,2023/02/02,22.65,23.01,21.08,21.23
159901,2023/02/03,22.73,22.73,20.69,20.92
159901,2023/02/06,21.95,22.49,21.52,22.24
159901,2023/02/07,21.15,22.03,20.99,21.35
159901,2023/02/08,21.55,21.56,20.70,20.77
159901,2023/02/09,21.56,21.56,19.90,19.98
159901,2023/02/10,20.00,20.20,18.98,19.08
159901,2023/02/13,21.20,21.57,20.15,20.49
159901,2023/02/14,21.00,21.20,19.68,19.87
159901,2023/02/15,21.00,21.00,18.82,19.12
159901,2023/02/16,19.00,20.72,17.91,19.40
159901,2023/02/17,20.00,20.00,18.49,19.58
159901,2023/02/20,21.00,21.00,20.20,20.80
159901,2023/02/21,22.00,22.90,21.10,21.50
159901,2023/02/22,21.00,21.20,20.00,21.12
159901,2023/02/23,20.20,20.44,19.33,19.66
159901,2023/02/24,19.30,19.32,18.80,18.87
159901,2023/02/27,19.30,19.30,18.81,19.09
159901,2023/02/28,19.48,19.57,18.56,18.65
159901,2023/03/01,18.80,18.85,18.53,18.66
159901,2023/03/02,19.47,19.47,18.36,18.58
159901,2023/03/03,18.92,18.98,18.42,18.42
159901,2023/03/06,19.00,19.03,18.30,18.47
159901,2023/03/07,18.60,18.73,18.09,18.73
159901,2023/03/08,18.70,19.62,18.65,19.00
159901,2023/03/09,18.84,19.34,18.55,19.10
159901,2023/03/10,19.44,19.97,19.08,19.56
159901,2023/03/13,19.57,19.90,19.00,19.32
159901,2023/03/14,19.60,19.84,19.14,19.84
159901,2023/03/15,19.68,19.70,18.80,18.82
159901,2023/03/16,18.85,19.41,18.34,19.32
159901,2023/03/17,19.45,19.45,18.68,19.14
159901,2023/03/20,19.38,19.67,18.56,19.05
159901,2023/03/21,18.61,19.57,17.98,18.02
159901,2023/03/22,19.38,19.67,18.56,19.05
159901,2023/03/23,18.00,18.80,17.70,18.20
159901,2023/03/24,17.62,18.16,16.18,16.26
159901,2023/03/27,17.20,17.32,16.78,16.85
159901,2023/03/28,16.95,17.20,16.44,16.73
159901,2023/03/29,17.34,17.34,16.26,16.42
159901,2023/03/30,16.73,16.92,15.98,15.98
159901,2023/03/31,16.75,17.00,16.50,16.51
159901,2023/04/03,17.15,17.32,16.86,17.25
159901,2023/04/04,17.69,17.71,17.26,17.38
159901,2023/04/06,17.10,17.96,17.10,17.62
159901,2023/04/07,18.02,18.02,17.41,17.42
159901,2023/04/10,17.73,17.93,17.20,17.42
159901,2023/04/11,17.53,17.58,16.77,16.84
159901,2023/04/12,17.00,17.15,16.31,16.49
159901,2023/04/13,16.00,16.27,15.86,16.16
159901,2023/04/14,16.21,16.22,15.61,15.61
159901,2023/04/17,16.36,16.85,16.04,16.85
159901,2023/04/18,17.06,17.15,15.96,16.02
159901,2023/04/19,16.31,16.32,15.12,15.18
159901,2023/04/20,15.42,15.42,14.63,15.03
159901,2023/04/21,16.00,16.20,14.69,16.16
159901,2023/04/24,17.49,18.82,16.32,17.76
159901,2023/04/25,17.80,21.91,17.67,18.36
159901,2023/04/26,18.77,19.23,17.19,17.64
159901,2023/04/27,17.50,17.85,16.29,16.78
159901,2023/04/28,16.60,16.60,15.96,15.99
159901,2023/05/04,17.25,17.25,16.57,16.73
159901,2023/05/05,17.00,17.03,16.47,16.47
159901,2023/05/08,17.00,17.15,16.58,16.69
159901,2023/05/09,16.80,17.34,16.63,17.26
159901,2023/05/10,17.34,17.88,17.25,17.55
159901,2023/05/11,17.73,17.73,16.84,16.89
159901,2023/05/12,17.06,17.46,16.66,17.32
159901,2023/05/15,18.21,18.21,16.94,17.43
159901,2023/05/16,17.72,17.90,17.11,17.20
159901,2023/05/17,17.60,17.87,17.15,17.48
159901,2023/05/18,17.86,18.08,17.19,17.65
159901,2023/05/19,17.99,18.21,16.68,17.01
159901,2023/05/22,17.76,17.76,16.25,16.35
159901,2023/05/23,16.64,16.64,15.79,16.09
159901,2023/05/24,16.49,17.61,16.46,16.98
159901,2023/05/25,17.21,17.55,16.71,16.71
159901,2023/05/26,17.09,17.83,15.98,16.04
159901,2023/05/29,16.52,17.14,16.38,16.77
159901,2023/05/30,17.13,17.13,16.53,16.59
159901,2023/05/31,17.72,18.09,17.59,17.76
159901,2023/06/01,17.01,17.13,16.18,16.23
159901,2023/06/02,15.93,17.12,15.87,16.67
159901,2023/06/05,15.93,17.12,15.87,16.67
159901,2023/06/06,16.83,17.79,16.48,17.71
159901,2023/06/07,17.76,18.42,17.67,18.19
159901,2023/06/08,18.33,18.79,17.93,18.09
159901,2023/06/09,18.00,18.17,17.14,17.14
159901,2023/06/12,18.10,18.10,16.66,16.73
159901,2023/06/13,16.91,16.97,16.08,16.23
159901,2023/06/14,16.80,17.34,16.63,17.26
159901,2023/06/15,16.02,16.12,15.60,16.07
159901,2023/06/16,16.29,16.51,16.14,16.23
159901,2023/06/19,16.80,16.81,16.23,16.29
159901,2023/06/20,16.45,16.50,15.87,15.87
159901,2023/06/21,16.03,16.36,15.73,16.36
159901,2023/06/26,17.43,18.46,17.43,18.13
159901,2023/06/27,18.19,18.30,17.18,17.34
159901,2023/06/28,17.55,17.83,16.96,16.96
159901,2023/06/29,17.12,17.22,16.51,16.77
159901,2023/06/30,16.90,16.97,16.44,16.47
159901,2023/07/03,16.93,16.93,16.49,16.54
159901,2023/07/04,16.56,16.74,16.08,16.14
159901,2023/07/05,16.46,16.48,16.09,16.23
159901,2023/07/06,16.42,16.69,16.05,16.68
159901,2023/07/07,16.76,17.05,16.56,16.59
159901,2023/07/10,17.15,17.15,16.46,16.71
159901,2023/07/11,16.70,16.70,15.91,15.98
159901,2023/07/12,16.34,16.34,15.93,16.22
159901,2023/07/13,15.55,15.55,15.45,15.46
159901,2023/07/14,15.78,15.86,15.54,15.65
159901,2023/07/17,16.11,16.28,15.81,15.95
159901,2023/07/18,15.99,15.99,15.18,15.32
159901,2023/07/19,15.41,15.67,15.26,15.57
159901,2023/07/20,15.77,16.41,15.19,16.25
159901,2023/07/21,16.42,16.51,15.34,15.49
159901,2023/07/24,16.02,16.02,15.77,15.77
159901,2023/07/25,16.55,16.79,16.31,16.31
159901,2023/07/26,16.56,17.00,16.40,16.91
159901,2023/07/27,17.01,17.01,15.53,15.53
159901,2023/07/28,15.78,16.72,15.49,15.49
159901,2023/07/31,20.02,21.88,20.02,20.72
159901,2023/08/01,21.15,21.28,20.83,20.83
159901,2023/08/02,20.50,20.50,19.86,20.42
159901,2023/08/03,20.50,20.50,19.86,20.42
159901,2023/08/04,20.50,20.50,19.86,20.42
159901,2023/08/07,21.15,21.28,20.83,20.83
159901,2023/08/08,22.05,22.24,21.85,21.85
159901,2023/08/09,22.72,22.88,22.20,22.88
159901,2023/08/10,24.03,24.03,22.45,22.56
159901,2023/08/11,23.77,26.97,22.88,26.97
159901,2023/08/14,19.80,33.41,19.54,29.54
159901,2023/08/15,33.43,33.43,29.50,30.43
159901,2023/08/16,31.42,31.56,29.98,31.55
159901,2023/08/17,20.02,21.88,20.02,20.72
159901,2023/08/18,21.15,21.28,20.83,20.83
159901,2023/08/21,20.50,20.50,19.86,20.42
159901,2023/08/22,20.50,20.50,19.86,20.42
159901,2023/08/23,20.50,20.50,19.86,20.42
159901,2023/08/24,21.15,21.28,20.83,20.83
159901,2023/08/25,22.05,22.24,21.85,21.85
159901,2023/08/28,22.72,22.88,22.20,22.88
159901,2023/08/29,24.03,24.03,22.45,22.56
159901,2023/08/30,23.77,26.97,22.88,26.97
159901,2023/08/31,20.00,21.00,20.00,21.00
159901,2023/09/01,18.28,18.33,18.09,18.09
159901,2023/09/04,18.71,18.71,17.77,17.88
159901,2023/09/05,18.10,18.10,17.56,17.58
159901,2023/09/06,17.65,17.79,17.40,17.59
159901,2023/09/07,17.46,18.17,17.24,18.11
159901,2023/09/08,18.69,18.69,18.20,18.49
159901,2023/09/11,18.28,18.33,18.09,18.09
159901,2023/09/12,17.75,17.75,17.46,17.46
159901,2023/09/13,18.10,18.10,17.56,17.58
159901,2023/09/14,17.46,18.17,17.24,18.11
159901,2023/09/15,17.58,17.80,17.42,17.42
159901,2023/09/18,18.05,18.05,17.48,17.81
159901,2023/09/19,17.87,18.08,17.38,17.49
159901,2023/09/20,17.48,18.03,17.39,17.83
159901,2023/09/21,17.75,18.47,17.55,18.19
159901,2023/09/22,18.47,18.47,18.03,18.03
159901,2023/09/25,17.65,17.79,17.40,17.59
159901,2023/09/26,17.74,18.05,17.39,17.47
159901,2023/09/27,17.51,18.44,17.46,18.19
159901,2023/09/28,17.62,19.10,17.22,17.26
159901,2023/10/09,19.70,19.78,17.65,17.68
159901,2023/10/10,17.89,17.91,17.53,17.57
159901,2023/10/11,17.67,17.81,16.92,17.08
159901,2023/10/12,17.43,17.48,16.08,16.13
159901,2023/10/13,16.46,16.52,15.99,16.37
159901,2023/10/16,17.12,17.35,16.46,17.28
159901,2023/10/17,17.47,17.50,16.98,17.36
159901,2023/10/18,17.54,17.54,16.90,17.14
159901,2023/10/19,17.64,18.87,17.49,18.84
159901,2023/10/20,19.14,20.34,18.68,19.51
159901,2023/10/23,20.17,21.81,20.16,21.67
159901,2023/10/24,21.68,21.99,19.45,19.76
159901,2023/10/25,19.91,19.91,17.84,17.97
159901,2023/10/26,18.13,18.54,17.18,17.31
159901,2023/10/27,17.65,17.65,16.70,17.03
159901,2023/10/30,18.09,18.23,17.74,17.94
159901,2023/10/31,18.29,18.29,17.52,17.73
159901,2023/11/01,17.10,17.91,16.87,17.49
159901,2023/11/02,17.84,17.84,17.31,17.43
159901,2023/11/03,17.69,17.69,17.23,17.30
159901,2023/11/06,17.96,18.92,17.65,18.59
159901,2023/11/07,18.37,18.87,18.28,18.66
159901,2023/11/08,18.89,18.92,18.14,18.34
159901,2023/11/09,18.41,18.50,18.05,18.32
159901,2023/11/10,18.53,18.80,18.44,18.53
159901,2023/11/13,19.08,19.38,18.94,19.00
159901,2023/11/14,19.08,19.16,18.65,18.81
159901,2023/11/15,19.12,19.26,18.27,18.49
159901,2023/11/16,18.71,18.71,18.07,18.12
159901,2023/11/17,17.97,18.44,17.38,17.38
159901,2023/11/20,16.88,17.22,16.57,16.57
159901,2023/11/21,17.29,18.00,16.35,16.35
159901,2023/11/22,16.61,16.95,16.29,16.95
159901,2023/11/23,16.94,17.70,16.20,16.45
159901,2023/11/24,16.84,16.84,16.40,16.53
159901,2023/11/27,17.10,17.91,17.01,17.29
159901,2023/11/28,17.51,17.62,16.64,16.73
159901,2023/11/29,16.98,17.24,16.91,17.01
159901,2023/11/30,17.47,17.47,16.83,16.83
159901,2023/12/01,16.98,17.51,16.67,16.67
159901,2023/12/04,17.38,18.11,17.37,17.95
159901,2023/12/06,19.10,19.10,18.50,18.50
159901,2023/12/07,18.62,19.07,18.39,18.51
159901,2023/12/08,18.68,18.68,17.86,18.17
159901,2023/12/11,19.00,19.18,18.38,18.67
159901,2023/12/12,18.87,18.89,18.27,18.40
159901,2023/12/13,18.52,18.72,18.09,18.71
159901,2023/12/14,18.52,18.72,18.09,18.71
159901,2023/12/15,18.52,18.72,18.09,18.71
159901,2023/12/18,19.59,19.72,18.63,18.87
159901,2023/12/19,18.52,18.72,18.09,18.71
159901,2023/12/20,19.70,19.72,18.81,19.19
159901,2023/12/21,19.70,19.72,18.81,19.19
159901,2023/12/22,19.44,19.57,18.73,18.73
159901,2023/12/25,19.30,19.34,17.99,18.18
159901,2023/12/26,18.17,18.31,17.72,17.72
159901,2023/12/27,18.03,18.29,17.51,18.03
159901,2023/12/28,18.03,18.29,17.51,18.03
159901,2023/12/29,19.50,19.62,18.15,18.17
159901,2024/01/02,18.75,18.75,18.10,18.20
159901,2024/01/03,18.39,18.56,18.09,18.29
159901,2024/01/04,18.52,19.47,18.39,19.21
159901,2024/01/05,19.27,20.52,19.07,20.13
159901,2024/01/08,18.03,18.29,17.51,18.03
159901,2024/01/09,24.10,24.10,21.58,21.78
159901,2024/01/10,24.10,24.10,21.58,21.78
159901,2024/01/11,21.71,21.90,20.43,21.10
159901,2024/01/12,21.41,21.76,20.89,21.15
159901,2024/01/15,22.23,22.54,20.08,20.44
159901,2024/01/16,20.61,20.91,19.84,20.19
159901,2024/01/17,20.28,22.77,20.20,22.77
159901,2024/01/18,23.50,26.70,22.30,23.16
159901,2024/01/19,22.15,22.97,20.70,21.53
159901,2024/01/22,21.19,25.47,20.44,24.71
159901,2024/01/23,24.34,25.47,22.29,22.57
159901,2024/01/24,21.76,24.61,19.51,22.21
159901,2024/01/25,22.73,23.12,21.51,21.72
159901,2024/01/26,21.84,22.42,20.43,20.74
159901,2024/01/29,21.69,23.26,21.62,22.78
159901,2024/01/30,23.30,24.22,22.55,24.20
159901,2024/01/31,24.58,27.73,23.48,24.61
159901,2024/02/01,25.07,26.20,23.19,24.19
159901,2024/02/05,27.65,34.65,27.28,30.41
159901,2024/02/06,28.61,28.66,25.78,28.61
159901,2024/02/07,27.11,27.47,25.43,25.43
159901,2024/02/08,25.39,27.64,24.94,24.98
159901,2024/02/19,27.24,27.57,24.43,25.42
159901,2024/02/20,25.90,25.90,22.03,22.22
159901,2024/02/21,21.94,23.59,20.71,21.46
159901,2024/02/22,21.90,22.50,21.59,22.18
159901,2024/02/23,22.49,23.47,22.15,23.05
159901,2024/02/26,23.66,24.00,22.60,22.90
159901,2024/02/27,22.85,22.86,21.15,22.71
159901,2024/02/28,23.14,25.16,22.74,24.99
159901,2024/02/29,24.91,25.73,23.69,24.51
159901,2024/03/01,24.24,24.70,24.03,24.04
159901,2024/03/04,24.41,24.44,23.83,23.83
159901,2024/03/05,24.04,24.17,22.49,22.75
159901,2024/03/06,22.73,22.73,21.61,21.78
159901,2024/03/08,21.41,21.45,20.22,20.41
159901,2024/03/11,21.10,21.46,19.70,20.65
159901,2024/03/12,21.12,21.12,20.30,20.68
159901,2024/03/13,21.12,21.12,20.30,20.68
159901,2024/03/14,20.24,20.24,19.74,20.14
159901,2024/03/15,20.41,20.47,19.68,19.74
159901,2024/03/18,20.52,20.52,19.73,19.91
159901,2024/03/19,19.88,20.59,19.67,19.88
159901,2024/03/20,19.97,20.25,18.62,19.10
159901,2024/03/21,19.36,19.58,18.57,18.74
159901,2024/03/22,18.96,20.19,18.52,19.51
159901,2024/03/25,19.95,20.25,18.87,19.05
159901,2024/03/26,19.36,19.72,18.82,19.55
159901,2024/03/27,19.35,20.87,19.35,20.82
159901,2024/03/28,20.94,21.35,19.80,20.06
159901,2024/03/29,19.79,19.88,19.13,19.13
159901,2024/04/01,19.54,19.54,18.94,19.02
159901,2024/04/02,19.05,19.37,18.77,18.90
159901,2024/04/03,19.28,19.28,18.57,18.58
159901,2024/04/08,20.15,20.15,18.78,18.80
159901,2024/04/09,18.98,19.16,18.63,18.66
159901,2024/04/10,18.98,19.16,18.63,18.66
159901,2024/04/11,18.96,19.50,18.77,19.10
159901,2024/04/12,19.01,19.17,19.01,19.17
159901,2024/04/15,19.84,20.38,19.84,20.38
159901,2024/04/16,20.56,21.35,20.56,21.28
159901,2024/04/17,21.39,21.58,19.46,19.55
159901,2024/04/18,19.36,19.72,18.82,19.55
159901,2024/04/19,21.12,21.12,20.30,20.68
159901,2024/04/22,20.28,20.28,19.45,19.49
159901,2024/04/23,19.68,19.68,18.78,18.79
159901,2024/04/24,18.98,19.16,18.63,18.66
159901,2024/04/25,19.11,19.61,18.19,18.43
159901,2024/04/26,17.06,17.50,16.65,16.65
159901,2024/04/29,18.66,21.93,18.66,20.33
159901,2024/04/30,20.71,21.00,19.00,19.02
159901,2024/05/06,20.95,21.35,20.41,20.41
159901,2024/05/07,20.18,20.18,19.19,19.19
159901,2024/05/08,18.90,18.90,18.53,18.53
159901,2024/05/09,18.70,19.05,18.47,18.47
159901,2024/05/10,18.75,18.75,18.34,18.50
159901,2024/05/13,19.28,19.28,18.57,18.58
159901,2024/05/14,18.83,19.11,18.78,18.78
159901,2024/05/15,18.80,18.80,18.39,18.39
159901,2024/05/16,18.37,18.62,18.23,18.33
159901,2024/05/17,18.07,18.72,17.91,17.91
159901,2024/05/20,19.47,19.77,18.97,18.97
159901,2024/05/21,17.46,17.69,17.28,17.52
159901,2024/05/28,17.46,17.69,17.28,17.52
159901,2024/06/03,18.06,18.06,16.98,16.98
159901,2024/06/04,18.56,18.56,16.52,16.67
159901,2024/06/05,17.98,17.98,16.43,16.56
159901,2024/06/06,17.45,17.82,16.44,17.55
159901,2024/06/07,18.57,19.66,17.57,17.77
159901,2024/06/11,19.31,19.57,18.27,18.37
159901,2024/06/12,19.31,19.57,18.27,18.37
159901,2024/06/13,18.60,18.60,16.64,16.65
159901,2024/06/14,17.33,17.33,16.16,16.41
159901,2024/06/17,17.36,17.36,16.23,16.23
159901,2024/06/18,16.69,16.71,15.63,15.63
159901,2024/06/19,16.22,16.22,15.83,16.08
159901,2024/06/20,16.49,17.32,15.76,17.17
159901,2024/06/21,17.54,17.64,16.37,16.37
159901,2024/06/24,17.08,18.04,16.34,18.03
159901,2024/06/25,18.08,20.40,18.03,20.17
159901,2024/06/26,20.26,20.26,18.67,18.67
159901,2024/06/27,22.94,23.94,22.59,23.34
159901,2024/06/28,17.98,17.98,16.82,17.73
159901,2024/07/01,18.34,18.51,17.29,17.57
159901,2024/07/02,17.77,17.90,17.42,17.46
159901,2024/07/03,17.52,17.61,16.86,16.93
159901,2024/07/04,17.42,17.42,15.81,16.86
159901,2024/07/05,16.88,18.39,16.68,16.87
159901,2024/07/08,17.45,18.36,17.43,17.49
159901,2024/07/09,17.67,17.86,17.11,17.53
159901,2024/07/10,17.67,17.86,17.11,17.53
159901,2024/07/11,17.42,17.85,16.96,17.01
159901,2024/07/12,17.38,17.38,16.56,16.59
159901,2024/07/15,17.34,17.51,16.82,16.82
159901,2024/07/16,17.26,17.26,16.15,16.28
159901,2024/07/17,16.74,17.00,16.20,16.41
159901,2024/07/18,16.53,17.14,16.53,16.75
159901,2024/07/19,16.92,17.08,16.10,16.41
159901,2024/07/22,16.85,16.96,16.61,16.81
159901,2024/07/23,17.07,17.22,16.58,16.75
159901,2024/07/24,16.94,17.95,16.94,17.95
159901,2024/07/25,17.00,17.90,17.00,17.60
159901,2024/07/26,17.45,18.36,17.43,17.49
159901,2024/07/29,18.80,18.94,18.27,18.59
159901,2024/07/30,18.83,19.34,18.83,19.34
159901,2024/07/31,19.40,19.61,18.71,19.23
159901,2024/08/01,19.51,19.60,19.14,19.22
159901,2024/08/02,19.70,20.28,19.46,19.91
159901,2024/08/05,20.98,23.99,20.98,23.84
159901,2024/08/06,22.39,22.62,21.72,21.89
159901,2024/08/07,22.22,22.36,20.94,21.01
159901,2024/08/08,21.18,21.47,19.59,19.69
159901,2024/08/09,19.90,19.90,19.05,19.25
159901,2024/08/12,20.42,20.49,19.19,19.28
159901,2024/08/13,19.77,19.77,18.72,19.03
159901,2024/08/14,21.18,21.47,19.59,19.69
159901,2024/08/15,20.42,20.49,19.19,19.28
159901,2024/08/16,19.11,19.11,18.17,18.32
159901,2024/08/19,19.30,19.39,17.78,17.89
159901,2024/08/20,18.08,18.32,17.83,18.07
159901,2024/08/21,18.57,18.57,17.79,17.79
159901,2024/08/22,17.95,18.18,17.42,17.66
159901,2024/08/23,18.23,18.23,17.52,17.52
159901,2024/08/26,18.64,18.64,17.71,17.93
159901,2024/08/27,18.51,18.54,17.67,17.72
159901,2024/08/28,17.75,17.97,17.59,17.82
159901,2024/08/29,18.36,19.17,17.47,17.47
159901,2024/08/30,17.77,18.05,17.17,17.33
159901,2024/09/02,18.79,18.79,17.94,18.35
159901,2024/09/03,19.11,19.11,18.17,18.32
159901,2024/09/04,18.37,18.37,17.62,17.74
159901,2024/09/05,17.80,18.00,17.20,17.39
159901,2024/09/06,19.70,20.28,19.46,19.91
159901,2024/09/09,19.30,19.39,17.78,17.89
159901,2024/09/10,18.20,19.27,18.16,18.92
159901,2024/09/11,20.98,23.99,20.98,23.84
159901,2024/09/12,18.25,18.48,18.02,18.16
159901,2024/09/13,18.80,19.00,18.20,18.20
159901,2024/09/18,17.19,18.28,17.19,17.49
159901,2024/09/19,17.79,18.97,17.39,18.20
159901,2024/09/20,18.38,19.29,18.22,18.51
159901,2024/09/23,19.99,19.99,17.39,17.39
159901,2024/09/24,17.74,19.96,16.91,18.82
159901,2024/09/25,20.24,22.53,20.24,22.53
159901,2024/09/26,15.96,20.68,15.17,20.38
159901,2024/09/27,27.54,50.40,23.27,33.57
159901,2024/09/30,43.14,56.79,36.81,46.11
159901,2024/10/08,89.87,109.43,41.52,50.16
159901,2024/10/09,56.57,70.28,47.08,48.64
159901,2024/10/10,52.57,55.71,41.84,41.84
159901,2024/10/11,42.46,42.46,37.43,42.30
159901,2024/10/14,43.66,44.10,38.02,38.33
159901,2024/10/15,27.54,50.40,23.27,23.27
159901,2024/10/16,32.31,33.16,31.19,31.51
159901,2024/10/17,32.31,33.16,31.19,31.51
159901,2024/10/18,32.00,50.88,31.00,49.49
159901,2024/10/21,32.31,33.16,31.19,31.51
159901,2024/10/22,45.76,45.77,36.57,37.20
159901,2024/10/23,37.71,38.41,34.88,36.14
159901,2024/10/24,34.46,34.46,32.73,33.03
159901,2024/10/25,33.46,39.10,33.39,36.00
159901,2024/10/28,37.65,40.14,37.20,37.72
159901,2024/10/29,40.28,40.28,36.36,36.43
159901,2024/10/30,37.06,37.87,36.28,37.51
159901,2024/10/31,39.33,41.84,37.06,39.76
159901,2024/11/01,39.72,43.31,39.52,39.54
159901,2024/11/04,32.31,33.16,31.19,31.51
159901,2024/11/05,32.00,50.88,31.00,49.49
159901,2024/11/06,32.31,33.16,31.19,31.51
159901,2024/11/07,45.76,45.77,36.57,37.20
159901,2024/11/08,37.71,38.41,34.88,36.14
159901,2024/11/11,36.50,36.53,35.98,35.98
159901,2024/11/12,37.84,38.42,33.05,34.17
159901,2024/11/13,36.43,36.43,35.00,35.00
159901,2024/11/14,32.71,33.95,32.31,33.49
159901,2024/11/15,34.27,35.69,33.11,34.39
159901,2024/11/18,37.13,38.85,34.51,37.48
159901,2024/11/19,39.30,39.31,36.52,37.59
159901,2024/11/20,38.56,38.83,34.95,34.95
159901,2024/11/21,35.95,36.12,33.16,33.16
159901,2024/11/22,33.52,36.91,28.77,29.35
159901,2024/11/25,31.47,36.68,24.62,28.91
159901,2024/11/26,29.43,30.68,27.22,27.93
159901,2024/11/27,27.79,38.28,27.22,37.80
159901,2024/11/28,39.21,42.95,27.28,27.91
159901,2024/11/29,29.25,40.71,28.26,36.41
159901,2024/12/02,30.14,31.19,29.86,29.98
159901,2024/12/03,31.00,31.00,29.95,30.31
159901,2024/12/04,30.92,31.06,30.43,30.53
159901,2024/12/05,30.42,30.73,29.72,29.91
159901,2024/12/06,30.00,39.90,29.10,29.55
159901,2024/12/09,30.48,30.64,28.96,29.03
159901,2024/12/10,31.17,32.95,27.99,29.78
159901,2024/12/11,30.48,30.64,28.96,29.03
159901,2024/12/12,27.62,29.42,27.49,29.32
159901,2024/12/13,28.26,28.38,26.70,26.91
159901,2024/12/16,27.83,27.83,25.39,25.63
159901,2024/12/17,26.07,26.07,25.00,25.98
159901,2024/12/18,26.64,26.64,25.41,25.60
159901,2024/12/19,25.46,26.69,25.46,26.16
159901,2024/12/20,26.46,26.46,25.24,25.36
159901,2024/12/23,27.15,27.15,24.37,25.15
159901,2024/12/24,25.46,25.46,24.05,24.21
159901,2024/12/25,24.49,24.61,23.72,24.01
159901,2024/12/26,24.40,24.40,22.18,22.46
159901,2024/12/27,22.81,23.10,22.04,22.05
159901,2024/12/30,23.15,23.15,22.23,22.44
159901,2024/12/31,22.80,23.47,22.46,23.05
159901,2025/01/02,27.09,27.09,23.19,26.58
159901,2025/01/03,27.09,27.09,23.19,26.58
159901,2025/01/06,24.66,28.03,24.62,27.40
159901,2025/01/07,27.68,28.25,24.34,24.45
159901,2025/01/08,24.30,24.95,23.44,23.46
159901,2025/01/09,23.52,23.70,22.93,23.07
159901,2025/01/10,23.52,23.70,22.93,23.07
159901,2025/01/13,24.08,25.24,24.06,24.52
159901,2025/01/14,24.34,25.35,24.00,25.35
159901,2025/01/15,25.24,25.60,24.67,25.25
159901,2025/01/16,25.28,26.22,24.73,25.65
159901,2025/01/17,25.21,26.81,24.96,25.96
159901,2025/01/20,25.81,26.73,24.95,25.39
159901,2025/01/21,25.76,25.91,24.06,24.17
159901,2025/01/22,24.62,25.04,24.20,24.53
159901,2025/01/23,24.79,26.11,23.83,24.24
159901,2025/01/24,24.39,24.72,23.29,23.39
159901,2025/01/27,23.63,23.63,22.07,22.07
159901,2025/02/05,26.43,26.43,22.29,22.47
159901,2025/02/07,23.30,24.13,22.97,23.35
159901,2025/02/10,25.04,25.27,23.93,24.80
159901,2025/02/11,21.07,21.07,20.28,20.31
159901,2025/02/12,24.91,24.91,23.07,23.38
159901,2025/02/13,24.40,24.40,23.35,23.35
159901,2025/02/14,23.99,23.99,22.57,22.68
159901,2025/02/17,24.46,24.72,23.37,23.42
159901,2025/02/18,24.34,24.34,23.12,23.23
159901,2025/02/19,24.04,24.04,22.50,22.51
159901,2025/02/20,23.03,24.08,21.78,21.78
159901,2025/02/21,23.00,23.88,21.87,22.43
159901,2025/02/24,23.59,24.64,22.57,22.79
159901,2025/02/25,24.09,24.09,21.93,22.37
159901,2025/02/26,23.08,24.56,21.99,22.71
159901,2025/02/27,23.54,23.54,22.46,22.53
159901,2025/02/28,22.48,23.44,22.20,23.33
159901,2025/03/03,23.83,23.83,21.76,21.85
159901,2025/03/04,23.00,23.88,21.87,22.43
159901,2025/03/05,21.40,21.43,20.24,20.30
159901,2025/03/06,20.91,20.91,20.24,20.70
159901,2025/03/07,21.00,21.00,19.62,19.70
159901,2025/03/10,19.92,19.93,18.99,19.05
159901,2025/03/11,20.91,20.91,20.24,20.70
159901,2025/03/12,19.41,19.71,19.17,19.17
159901,2025/03/13,19.64,19.95,19.10,19.58
159901,2025/03/14,20.09,21.70,19.15,21.15
159901,2025/03/17,21.99,22.45,20.95,20.95
159901,2025/03/18,21.46,21.83,21.08,21.09
159901,2025/03/19,21.26,21.36,20.67,20.98
159901,2025/03/20,21.07,21.07,20.28,20.31
159901,2025/03/21,20.47,20.51,19.57,19.77
159901,2025/03/24,20.56,20.56,19.04,19.28
159901,2025/03/25,19.41,19.71,19.17,19.17
159901,2025/03/26,18.71,18.71,17.66,17.88
159901,2025/03/27,18.14,18.32,17.23,17.23
159901,2025/03/28,17.58,17.69,17.06,17.48
159901,2025/03/31,18.42,19.42,18.40,18.45
159901,2025/04/01,18.73,18.81,17.97,18.21
159901,2025/04/02,18.51,18.65,17.90,18.14
159901,2025/04/03,20.10,20.10,18.64,18.66
159901,2025/04/07,39.34,58.86,23.22,42.85
159901,2025/04/08,59.78,71.56,24.79,30.37
159901,2025/04/09,41.96,43.46,24.19,26.10
159901,2025/04/10,20.56,31.82,17.60,25.95
159901,2025/04/11,24.79,26.11,23.83,24.24
159901,2025/04/14,24.00,24.00,22.45,22.45
159901,2025/04/15,21.00,21.90,21.00,21.58
159901,2025/04/16,20.80,20.92,20.00,20.92
159901,2025/04/17,21.00,21.00,20.50,20.70
159901,2025/04/18,20.56,20.56,19.04,19.28
159901,2025/04/21,21.00,21.00,19.90,20.50
159901,2025/04/22,22.00,22.00,21.00,21.00
159901,2025/04/23,20.73,20.73,20.06,20.09
159901,2025/04/24,20.14,20.14,19.21,19.21
159901,2025/04/25,19.57,20.00,19.45,19.97
159901,2025/04/28,20.41,20.41,20.05,20.05
159901,2025/04/29,20.81,20.81,20.20,20.40
159901,2025/04/30,20.86,21.55,20.41,21.42
159901,2025/05/06,22.83,22.83,18.75,18.96
159901,2025/05/07,20.70,21.65,19.39,19.39
159901,2025/05/08,19.50,19.59,18.73,18.92
159901,2025/05/09,19.28,19.28,18.70,18.75
159901,2025/05/12,20.05,20.10,18.65,19.49
159901,2025/05/13,19.45,19.45,18.51,18.57
159901,2025/05/14,19.45,20.00,18.51,19.00
159901,2025/05/15,19.90,19.90,19.16,19.51
159901,2025/05/16,18.42,19.42,18.40,18.45
159901,2025/05/19,19.28,19.28,17.40,17.40
159901,2025/05/20,17.71,18.19,17.35,17.55
159901,2025/05/21,18.28,18.28,17.58,17.58
159901,2025/05/22,18.22,18.98,17.87,18.01
159901,2025/05/23,18.55,18.75,18.55,18.75
159901,2025/05/26,19.90,19.90,18.66,18.68
159901,2025/05/27,19.33,19.33,18.46,18.46
159901,2025/05/28,18.66,18.98,18.17,18.53
159901,2025/05/29,21.37,21.37,17.97,18.07
159901,2025/05/30,18.20,18.60,18.03,18.12
159901,2025/06/03,18.88,18.88,17.35,17.48
159901,2025/06/04,17.96,17.96,17.22,17.44
159901,2025/06/05,18.37,18.37,17.21,17.65
159901,2025/06/06,18.38,18.52,17.37,17.37
159901,2025/06/09,18.67,18.67,17.28,17.31
159901,2025/06/10,17.57,18.09,17.11,17.85
159901,2025/06/11,17.89,18.10,17.14,17.91
159901,2025/06/12,18.39,18.51,18.12,18.34
159901,2025/06/13,18.65,19.27,18.55,19.12
159901,2025/06/16,19.63,19.63,18.40,18.41
159901,2025/06/17,18.20,18.27,17.89,17.94
159901,2025/06/18,18.41,19.00,18.41,18.41
159901,2025/06/19,18.82,18.94,18.19,18.29
159901,2025/06/20,18.31,18.31,17.19,17.21
159901,2025/06/23,17.95,17.95,16.29,16.44
159901,2025/06/24,16.44,17.23,16.31,17.10
159901,2025/06/25,17.38,21.46,17.14,21.46
159901,2025/06/26,21.86,21.97,18.41,18.42
159901,2025/06/27,18.72,19.75,17.81,17.81
159901,2025/06/30,18.41,18.41,17.57,17.66
159901,2025/07/01,17.68,17.76,17.02,17.08
159901,2025/07/02,17.29,17.29,16.62,16.62
159901,2025/07/03,16.90,17.36,16.68,16.88
159901,2025/07/04,17.68,17.76,17.02,17.08
159901,2025/07/07,17.67,17.90,17.35,17.76
159901,2025/07/08,17.99,19.06,17.69,18.81
159901,2025/07/09,18.84,19.73,18.84,19.02
159901,2025/07/10,19.14,19.83,18.62,19.22
159901,2025/07/11,19.62,21.38,19.34,19.88
159901,2025/07/14,20.38,20.51,19.89,20.01
159901,2025/07/15,20.24,20.82,19.15,19.21
159901,2025/07/16,19.63,19.63,18.32,18.49
159901,2025/07/17,18.79,18.79,17.90,18.39
159901,2025/07/18,18.85,19.28,18.11,18.25
159901,2025/07/21,18.95,19.14,18.09,18.65
159901,2025/07/22,19.21,19.75,18.65,19.70
159901,2025/07/23,17.84,21.99,17.84,21.21
159901,2025/07/24,21.29,21.95,19.85,20.34
159901,2025/07/25,22.05,22.05,21.06,21.34
159901,2025/07/28,22.18,22.18,21.02,21.44
159901,2025/07/29,21.79,21.86,21.05,21.72
159901,2025/07/30,21.55,22.16,21.06,21.28
159901,2025/07/31,21.19,21.19,20.37,20.70
159901,2025/08/01,20.78,20.84,19.40,19.46
159901,2025/08/04,20.21,20.21,19.27,19.58
159901,2025/08/05,19.82,19.84,19.24,19.45
159901,2025/08/06,19.68,19.99,19.51,19.74
159901,2025/08/07,20.36,20.38,19.80,20.04
159901,2025/08/08,20.18,20.66,19.81,19.81
159901,2025/08/11,20.33,20.58,19.76,20.43
159901,2025/08/12,20.46,20.83,20.19,20.56
159901,2025/08/13,21.19,21.19,20.37,20.70
159901,2025/08/14,22.72,22.72,22.17,22.17
159901,2025/08/15,21.86,22.92,21.35,22.87
159901,2025/08/18,22.28,25.02,22.20,24.67
159901,2025/08/19,23.23,25.67,23.11,23.87
159901,2025/08/20,22.28,25.02,22.20,24.67
159901,2025/08/21,24.02,24.66,23.79,24.08
159901,2025/08/22,22.21,24.08,21.36,23.94
159901,2025/08/25,25.52,25.52,23.76,25.12
159901,2025/08/26,21.27,26.69,20.89,25.96
159901,2025/08/27,21.26,26.32,20.38,20.38
159901,2025/08/28,25.01,25.37,24.07,25.17
159901,2025/08/29,26.00,26.00,25.00,25.00
159901,2025/09/01,27.95,27.95,26.02,27.75
159901,2025/09/02,29.87,29.87,27.39,28.23
159901,2025/09/03,28.31,29.07,27.94,28.25
159901,2025/09/04,28.36,30.28,28.21,29.43
159901,2025/09/05,29.39,30.61,27.22,29.68
159901,2025/09/08,30.54,30.63,27.55,28.19
159901,2025/09/09,29.39,30.61,27.22,29.68
159901,2025/09/10,27.05,28.14,27.05,27.05
159901,2025/09/11,27.70,28.11,26.51,26.85
159901,2025/09/12,26.92,27.55,26.49,26.53
159901,2025/09/15,26.82,28.44,26.71,27.42
159901,2025/09/16,27.39,28.16,26.52,28.16
159901,2025/09/17,27.05,28.14,27.05,27.05
159901,2025/09/18,27.70,28.11,26.51,26.85
159901,2025/09/19,26.92,27.55,26.49,26.53
159901,2025/09/22,27.34,27.61,26.55,26.71
159901,2025/09/23,27.39,28.16,26.52,28.16
159901,2025/09/24,28.58,28.66,25.48,27.49
159901,2025/09/25,27.44,27.44,24.43,24.59
159901,2025/09/26,24.88,25.58,24.76,25.01
159901,2025/09/29,25.92,26.19,24.69,24.69
159901,2025/09/30,28.36,30.28,28.21,29.43
159901,2025/10/09,29.39,30.61,27.22,29.68
159901,2025/10/10,28.00,33.00,24.71,30.00
159901,2025/10/13,34.01,35.92,29.68,30.89
159901,2025/10/14,31.09,33.94,27.78,32.77
159901,2025/10/15,29.74,31.00,25.05,25.45
159901,2025/10/16,29.74,31.00,25.05,25.45
159901,2025/10/17,27.95,30.62,26.61,28.79
159901,2025/10/20,27.05,28.14,27.05,27.05
159901,2025/10/21,24.02,24.66,23.79,24.08
159901,2025/10/22,22.21,24.08,21.36,23.94
159901,2025/10/23,24.00,25.50,24.00,25.10
159901,2025/10/24,22.95,25.00,22.95,23.50
159901,2025/10/27,22.86,25.12,22.08,23.00
159901,2025/10/28,22.58,22.95,21.99,22.27
159901,2025/10/29,22.45,23.13,22.13,22.98
159901,2025/10/30,23.21,23.64,22.59,22.72
159901,2025/10/31,23.08,23.45,22.66,22.71
159901,2025/11/03,23.75,24.45,22.90,22.91
159901,2025/11/04,23.40,24.66,23.28,23.41
159901,2025/11/05,24.71,26.49,24.71,24.85
159901,2025/11/06,23.40,24.66,23.28,23.41
159901,2025/11/07,24.39,25.20,23.32,23.65
159901,2025/11/11,23.81,23.81,22.36,22.36
159901,2025/11/12,22.77,23.19,22.35,22.58
159901,2025/11/13,23.04,23.72,22.83,23.28
159901,2025/11/14,23.67,24.03,23.67,24.03
159901,2025/11/17,24.12,24.12,22.72,23.03
159901,2025/11/18,23.56,24.96,22.93,24.70
159901,2025/11/19,25.01,25.01,24.09,24.10
159901,2025/11/20,24.25,24.25,22.97,23.00
159901,2025/11/21,24.14,26.59,24.03,25.87
159901,2025/11/24,24.00,24.00,23.00,23.00
159901,2025/11/25,22.00,22.00,21.00,21.00
159901,2025/11/26,20.36,20.38,19.80,20.04
159901,2025/11/27,21.76,21.76,20.66,21.08
159901,2025/11/28,21.34,21.49,20.33,20.33
159901,2025/12/01,21.47,22.11,20.74,20.87
159901,2025/12/02,20.95,21.96,20.93,21.13
159901,2025/12/03,25.74,26.35,21.53,23.70
159901,2025/12/04,24.00,24.00,23.00,23.00
159901,2025/12/05,25.52,27.63,24.00,24.00
159901,2025/12/08,23.00,23.00,21.00,21.00
159901,2025/12/09,20.51,20.56,20.10,20.13
159901,2025/12/10,19.21,19.75,18.65,19.70
159901,2025/12/11,20.55,20.74,20.19,20.69
159901,2025/12/12,20.80,21.05,19.89,19.99
159901,2025/12/15,20.72,20.97,19.94,20.41
159901,2025/12/16,20.54,21.86,20.35,21.44
159901,2025/12/17,21.49,21.53,20.68,20.90
159901,2025/12/18,20.98,21.39,20.84,21.32
159901,2025/12/19,21.15,21.27,20.35,20.44
159901,2025/12/22,20.51,20.54,19.29,19.36
159901,2025/12/23,19.47,19.84,19.10,19.10
159901,2025/12/24,19.25,20.48,18.98,20.27
159901,2025/12/25,20.14,20.49,19.47,19.47
159901,2025/12/26,19.45,20.76,19.44,20.16
159901,2025/12/29,20.88,21.27,20.46,20.67
159901,2025/12/30,20.83,20.88,20.39,20.65
159901,2025/12/31,21.08,21.61,20.48,20.57
159901,2026/01/05,24.25,24.25,22.97,23.00
159901,2026/01/06,24.14,26.59,24.03,25.87
159901,2026/01/07,24.00,26.00,24.00,25.00
159901,2026/01/08,23.00,23.90,23.00,23.20
159901,2026/01/09,24.00,26.00,24.00,24.00
159901,2026/01/12,24.22,27.11,23.83,25.80
159901,2026/01/13,26.55,29.83,24.46,24.67
159901,2026/01/14,24.22,27.11,23.83,25.80
159901,2026/01/15,23.44,23.68,21.49,22.12
159901,2026/01/16,22.55,23.02,20.77,20.77
159901,2026/01/19,22.79,22.84,20.64,20.68
159901,2026/01/20,20.94,20.94,19.56,19.75
159901,2026/01/21,20.12,20.67,19.60,20.04
159901,2026/01/22,20.50,20.64,19.65,19.85
159901,2026/01/23,20.23,21.12,19.84,20.92
159901,2026/01/26,21.99,23.74,21.99,22.98
159901,2026/01/27,23.24,23.48,21.65,21.68
159901,2026/01/28,22.08,22.50,21.91,22.18
159901,2026/01/29,22.47,22.51,21.51,22.31
159901,2026/01/30,22.54,23.65,21.92,22.17
159901,2026/02/02,20.74,23.99,20.49,23.56
159901,2026/02/03,23.55,23.55,19.38,19.53
159901,2026/02/04,22.00,23.00,22.00,23.00
159901,2026/02/05,22.80,23.52,22.49,22.51
159901,2026/02/06,22.54,23.65,21.92,22.17
159901,2026/02/09,23.38,23.38,22.16,22.21
159901,2026/02/10,22.50,22.55,20.95,20.94
159901,2026/02/11,24.00,26.00,24.00,25.00
159901,2026/02/12,21.38,21.38,20.76,20.90
159901,2026/02/13,21.39,22.50,21.17,22.10
159901,2026/02/24,24.52,24.52,20.55,20.80
159901,2026/02/25,20.95,21.04,19.75,19.93
159901,2026/02/26,20.12,20.13,18.77,19.00
159901,2026/02/27,19.17,19.67,18.30,18.45
159901,2026/03/02,19.67,20.56,19.30,19.48
159901,2026/03/03,19.56,22.84,19.40,22.39
159901,2026/03/04,22.81,24.87,22.53,23.52
159901,2026/03/05,23.23,23.23,20.24,20.89
159901,2026/03/06,21.03,21.28,19.53,19.56
159901,2026/03/09,21.96,27.12,21.22,23.60
159901,2026/03/10,22.12,22.12,20.46,20.70
159901,2026/03/11,24.00,26.00,24.00,25.00
159901,2026/03/12,23.23,23.23,20.24,20.89
159901,2026/03/13,24.00,26.00,24.00,25.00
159901,2026/03/16,25.53,26.37,23.80,24.28
159901,2026/03/17,21.96,27.12,21.22,23.60
159901,2026/03/18,25.83,26.24,25.83,26.24
159901,2026/03/19,21.96,27.12,21.22,23.60
159901,2026/03/20,25.83,26.24,25.83,26.24
159901,2026/03/23,37.00,51.43,34.66,46.28
159901,2026/03/24,55.19,55.19,40.22,41.22
159901,2026/03/25,24.02,24.02,22.18,22.85
159901,2026/03/26,22.90,24.17,22.30,24.07
159901,2026/03/27,24.71,24.92,23.25,23.53
159901,2026/03/30,25.53,27.00,23.80,24.28
159901,2026/03/31,22.54,23.65,21.92,22.17
159901,2026/04/01,24.78,24.78,22.97,23.06
159901,2026/04/02,23.43,24.72,23.20,24.39
159901,2026/04/03,24.03,25.39,23.87,24.59
159901,2026/04/07,24.97,24.97,23.72,23.76
159901,2026/04/08,22.39,22.39,21.03,21.50
159901,2026/04/09,21.62,21.62,21.17,21.23
159901,2026/04/10,21.37,22.70,20.95,22.14
159901,2026/04/13,22.99,23.66,22.83,23.36
159901,2026/04/14,23.69,24.04,22.45,23.94
159901,2026/04/15,23.43,23.43,22.87,23.06
159901,2026/04/16,23.40,23.60,22.74,23.16
159901,2026/04/17,23.55,23.80,22.50,22.71
159901,2026/04/20,23.68,23.86,21.69,22.19
159901,2026/04/21,21.99,22.17,21.47,21.83
159901,2026/04/22,22.00,21.00,22.00,21.50
159901,2026/04/23,22.91,22.91,21.81,22.27
159901,2026/04/24,22.17,22.56,21.54,21.66
159901,2026/04/27,22.58,22.76,21.85,22.03
159901,2026/04/28,22.07,22.16,21.19,21.27
159901,2026/04/29,21.60,22.10,21.11,21.11
159901,2026/04/30,21.40,21.60,21.15,21.15
159901,2026/05/06,22.00,22.00,21.20,21.20
159901,2026/05/07,21.00,23.00,21.00,23.00
159901,2026/05/08,27.00,28.00,27.00,28.00
159901,2026/05/11,32.94,25.32,24.38,24.84
159901,2026/05/12,25.81,26.16,25.38,25.39
159901,2026/05/13,26.00,26.00,25.00,25.00
159901,2026/05/14,26.46,26.51,25.07,25.15
159901,2026/05/15,25.55,26.23,24.78,26.00
159901,2026/05/18,27.06,27.06,25.45,26.01
159901,2026/05/19,26.03,26.10,25.10,25.43
159901,2026/05/20,25.82,26.15,25.04,25.15
159901,2026/05/21,25.55,26.05,24.12,25.22
159901,2026/05/22,25.53,26.18,24.62,25.17
159901,2026/05/25,26.25,26.63,25.46,26.17
159901,2026/05/26,26.34,27.70,26.15,27.27
159901,2026/05/27,27.67,29.94,27.55,28.84
159901,2026/05/28,28.81,28.81,26.40,26.60
159901,2026/05/29,25.92,26.19,24.69,24.69
159901,2026/06/01,27.34,27.60,26.14,26.18
159901,2026/06/02,26.68,26.83,25.58,25.88
159901,2026/06/03,19.60,20.64,19.05,19.36
159901,2026/06/04,25.59,26.68,25.59,26.17
159901,2026/06/05,26.40,27.01,25.91,26.53
159901,2026/06/08,28.00,28.00,27.66,27.92
159901,2026/06/09,28.17,28.22,26.98,27.01
159901,2026/06/10,26.40,27.01,25.91,26.53
159901,2026/06/11,27.91,27.99,27.91,27.99
159901,2026/06/12,27.33,27.33,26.12,26.16
159901,2026/06/15,27.09,27.26,25.68,26.20
159901,2026/06/16,26.31,27.53,26.31,26.96
159901,2026/06/17,27.39,28.76,27.25,28.69
159901,2026/06/18,28.75,29.51,28.26,28.81
159901,2026/06/22,30.06,31.39,28.54,30.98
159901,2026/06/23,31.35,31.55,30.20,30.91
159901,2026/06/24,31.26,31.39,29.31,30.10
159901,2026/06/25,30.50,30.50,29.27,29.32
159901,2026/06/26,29.74,32.93,29.74,31.63
159901,2026/06/29,28.75,29.51,28.26,28.81
159901,2026/06/30,30.06,31.39,28.54,30.98
159901,2026/07/01,31.26,31.39,29.31,30.10
159901,2026/07/02,30.06,31.39,28.54,30.98
159901,2026/07/03,31.35,31.55,30.20,30.91
159901,2026/07/06,30.00,31.00,30.00,30.20
159901,2026/07/07,31.79,31.79,30.39,30.68
159901,2026/07/08,31.09,31.48,30.49,31.25
159901,2026/07/09,31.52,31.66,30.38,31.17
159901,2026/07/10,30.85,31.48,30.23,30.13
159901,2026/07/13,31.44,33.83,31.04,33.52
159901,2026/07/14,33.50,33.79,30.81,31.53
159901,2026/07/15,31.44,31.64,30.50,30.91
159901,2026/07/16,31.28,32.23,31.00,32.10
159901,2026/07/17,32.29,40.93,32.29,35.63
159901,2026/07/20,36.80,37.81,33.35,35.62
159901,2026/07/21,35.39,36.61,30.72,31.03
159901,2026/07/22,31.36,31.40,29.48,29.48
159901,2026/07/23,27.34,27.60,26.14,26.18
159901,2026/07/24,27.59,28.94,27.32,28.33
159901,2026/07/27,30.33,30.40,28.01,28.21
159901,2026/07/28,29.76,32.37,29.76,31.73
159901,2026/07/29,31.70,34.45,31.63,32.91
159901,2026/07/30,33.05,36.92,33.05,35.07
159901,2026/07/31,34.13,35.02,32.19,32.28
159915,2022/09/19,28.00,28.60,25.98,26.20
159915,2022/09/20,26.20,26.20,25.01,25.37
159915,2022/09/21,25.64,26.32,25.09,25.52
159915,2022/09/22,26.13,26.71,25.09,25.12
159915,2022/09/23,25.25,25.61,24.52,24.64
159915,2022/09/26,26.09,26.09,25.13,25.99
159915,2022/09/27,26.03,26.60,25.79,26.26
159915,2022/09/28,26.59,27.08,26.39,26.99
159915,2022/09/29,27.15,27.50,26.52,26.63
159915,2022/09/30,26.97,27.80,25.48,25.48
159915,2022/10/10,29.23,29.35,27.23,27.47
159915,2022/10/11,27.90,28.05,27.12,27.33
159915,2022/10/12,27.71,27.85,25.78,27.38
159915,2022/10/13,28.46,28.46,26.99,27.04
159915,2022/10/14,27.18,27.60,25.61,25.61
159915,2022/10/17,28.51,29.27,26.62,26.66
159915,2022/10/18,27.00,28.46,26.99,27.04
159915,2022/10/19,26.46,26.46,24.61,24.61
159915,2022/10/20,25.66,28.39,25.46,25.85
159915,2022/10/21,28.36,29.52,26.52,27.02
159915,2022/10/24,37.27,40.38,34.87,37.90
159915,2022/10/25,42.84,45.60,30.80,31.47
159915,2022/10/26,36.98,38.23,24.13,28.31
159915,2022/10/27,28.00,29.30,28.00,29.07
159915,2022/10/28,30.00,30.56,30.00,30.56
159915,2022/10/31,33.40,33.40,32.20,32.20
159915,2022/11/01,32.29,32.29,30.13,30.16
159915,2022/11/02,31.20,31.20,28.60,28.96
159915,2022/11/03,29.90,30.25,29.18,29.20
159915,2022/11/04,29.80,29.80,27.41,28.30
159915,2022/11/07,30.21,31.23,29.99,30.43
159915,2022/11/08,30.87,30.93,28.05,28.68
159915,2022/11/09,29.59,29.59,28.22,28.65
159915,2022/11/10,29.74,30.35,29.36,29.53
159915,2022/11/11,30.65,30.66,27.15,27.16
159915,2022/11/14,31.36,31.98,29.42,29.89
159915,2022/11/15,31.26,31.35,28.81,29.20
159915,2022/11/16,33.12,33.12,28.66,29.15
159915,2022/11/17,32.99,32.99,27.20,27.56
159915,2022/11/18,29.52,29.52,25.22,25.26
159915,2022/11/21,33.31,33.82,26.38,28.00
159915,2022/11/22,31.40,31.40,24.96,27.47
159915,2022/11/23,29.00,32.00,29.00,31.50
159915,2022/11/24,28.31,28.31,27.17,27.19
159915,2022/11/25,27.33,27.75,26.85,27.02
159915,2022/11/28,28.72,29.36,27.08,27.11
159915,2022/11/29,27.46,27.56,26.23,26.87
159915,2022/11/30,27.13,27.43,26.69,26.81
159915,2022/12/01,26.98,26.98,24.41,24.41
159915,2022/12/02,26.57,27.00,24.00,24.11
159915,2022/12/05,26.84,26.84,25.10,25.24
159915,2022/12/06,27.83,27.83,24.34,24.60
159915,2022/12/07,27.06,27.06,23.46,23.79
159915,2022/12/08,24.74,24.74,23.35,23.55
159915,2022/12/09,24.00,24.26,23.15,23.15
159915,2022/12/12,25.40,25.40,23.79,24.06
159915,2022/12/13,27.05,27.05,23.11,23.62
159915,2022/12/14,25.00,25.00,23.11,23.62
159915,2022/12/15,25.36,25.36,21.05,21.05
159915,2022/12/16,21.86,21.90,20.64,20.83
159915,2022/12/19,22.13,22.61,21.80,22.33
159915,2022/12/20,22.56,23.50,21.78,22.01
159915,2022/12/21,21.80,22.34,21.40,21.54
159915,2022/12/22,21.55,22.91,20.77,22.22
159915,2022/12/23,22.84,23.47,22.17,23.20
159915,2022/12/26,23.61,23.62,21.52,21.74
159915,2022/12/27,21.77,22.00,19.74,19.98
159915,2022/12/28,20.03,20.41,19.41,19.63
159915,2022/12/29,19.91,20.12,18.90,19.11
159915,2022/12/30,19.27,19.27,18.45,18.53
159915,2023/01/03,19.87,19.87,18.65,18.72
159915,2023/01/04,18.97,19.02,18.52,18.69
159915,2023/01/05,18.84,19.00,18.04,18.83
159915,2023/01/06,18.86,19.47,18.80,19.12
159915,2023/01/09,20.11,21.89,20.11,21.69
159915,2023/01/10,22.09,22.83,21.81,22.28
159915,2023/01/11,22.09,23.00,21.30,22.00
159915,2023/01/12,21.79,22.18,21.02,21.47
159915,2023/01/13,22.10,22.10,19.43,19.80
159915,2023/01/16,20.97,24.52,20.61,21.54
159915,2023/01/17,20.69,20.83,19.75,20.55
159915,2023/01/18,20.33,21.83,20.13,21.78
159915,2023/01/19,23.26,26.18,20.60,24.58
159915,2023/01/20,23.72,24.50,23.72,24.50
159915,2023/01/30,25.00,25.00,24.00,24.10
159915,2023/01/31,24.90,24.90,22.55,22.72
159915,2023/02/01,23.06,23.06,22.26,22.98
159915,2023/02/02,23.46,23.47,22.73,23.05
159915,2023/02/03,24.10,24.10,22.46,22.79
159915,2023/02/06,23.46,23.58,22.99,23.42
159915,2023/02/07,24.51,24.51,22.69,22.94
159915,2023/02/08,23.00,23.18,22.48,22.69
159915,2023/02/09,22.74,22.74,21.93,22.05
159915,2023/02/10,22.00,22.32,21.51,21.66
159915,2023/02/13,22.50,23.05,21.88,22.29
159915,2023/02/14,22.86,22.86,21.68,21.68
159915,2023/02/15,22.00,22.00,21.10,21.10
159915,2023/02/16,22.63,22.63,20.00,20.83
159915,2023/02/17,22.08,22.51,20.48,22.51
159915,2023/02/20,24.81,24.81,22.36,22.88
159915,2023/02/21,23.00,23.55,22.72,23.08
159915,2023/02/22,23.62,24.32,23.02,23.19
159915,2023/02/23,23.67,23.67,21.77,21.98
159915,2023/02/24,22.00,22.11,21.77,22.01
159915,2023/02/27,22.38,22.38,22.03,22.24
159915,2023/02/28,22.42,22.42,21.66,21.70
159915,2023/03/01,21.50,21.54,21.06,21.11
159915,2023/03/02,21.48,21.55,21.19,21.42
159915,2023/03/03,21.65,21.65,21.33,21.33
159915,2023/03/06,21.91,21.94,21.14,21.14
159915,2023/03/07,21.40,21.41,21.04,21.41
159915,2023/03/08,22.30,22.86,22.08,22.13
159915,2023/03/09,22.21,22.54,21.83,22.15
159915,2023/03/10,22.50,23.09,21.98,22.74
159915,2023/03/13,23.30,23.65,22.78,22.86
159915,2023/03/14,23.06,23.97,22.35,22.68
159915,2023/03/15,22.71,22.71,21.62,21.88
159915,2023/03/16,22.33,23.33,22.16,23.20
159915,2023/03/17,23.17,23.49,22.38,22.98
159915,2023/03/20,23.91,24.67,22.23,22.83
159915,2023/03/21,22.88,22.88,21.01,21.23
159915,2023/03/22,23.91,24.67,22.23,22.83
159915,2023/03/23,22.71,22.71,21.62,21.88
159915,2023/03/24,18.49,19.24,18.18,18.29
159915,2023/03/27,19.24,19.36,18.32,18.45
159915,2023/03/28,18.68,18.70,18.17,18.45
159915,2023/03/29,18.67,18.67,18.21,18.37
159915,2023/03/30,18.63,18.63,18.07,18.13
159915,2023/03/31,18.36,18.49,18.08,18.14
159915,2023/04/03,18.87,19.17,18.60,18.91
159915,2023/04/04,19.25,19.32,18.88,18.94
159915,2023/04/06,19.29,19.49,19.26,19.40
159915,2023/04/07,19.64,19.64,18.53,18.56
159915,2023/04/10,19.29,19.29,18.28,18.54
159915,2023/04/11,18.80,18.80,18.18,18.32
159915,2023/04/12,18.30,18.38,17.70,17.78
159915,2023/04/13,17.80,17.85,17.21,17.31
159915,2023/04/14,17.33,17.54,17.10,17.13
159915,2023/04/17,17.89,18.06,17.41,18.04
159915,2023/04/18,18.08,18.28,17.77,17.87
159915,2023/04/19,18.25,18.25,16.83,17.01
159915,2023/04/20,17.02,17.55,16.79,17.08
159915,2023/04/21,17.06,18.87,16.45,18.36
159915,2023/04/24,19.01,21.13,18.65,20.50
159915,2023/04/25,20.56,25.39,20.31,22.88
159915,2023/04/26,23.37,23.61,19.50,20.33
159915,2023/04/27,20.80,21.18,18.47,18.54
159915,2023/04/28,18.92,18.94,18.11,18.19
159915,2023/05/04,19.82,19.98,19.35,19.44
159915,2023/05/05,19.77,20.02,19.45,19.52
159915,2023/05/08,19.95,20.31,19.70,19.71
159915,2023/05/09,19.89,20.52,19.87,20.49
159915,2023/05/10,21.20,21.20,20.23,20.28
159915,2023/05/11,21.39,21.39,19.41,19.88
159915,2023/05/12,20.04,20.98,19.58,20.98
159915,2023/05/15,21.72,21.72,20.46,20.71
159915,2023/05/16,21.00,21.33,20.72,20.85
159915,2023/05/17,21.12,21.45,20.71,20.81
159915,2023/05/18,20.84,21.20,20.27,20.32
159915,2023/05/19,21.27,21.29,19.67,19.98
159915,2023/05/22,20.80,20.80,18.84,19.08
159915,2023/05/23,19.47,19.47,18.55,19.40
159915,2023/05/24,19.78,20.55,19.21,19.47
159915,2023/05/25,19.69,19.73,18.65,18.65
159915,2023/05/26,19.01,19.50,18.10,18.16
159915,2023/05/29,18.64,19.27,18.61,18.69
159915,2023/05/30,18.87,19.21,18.43,18.48
159915,2023/05/31,19.65,20.06,19.55,19.78
159915,2023/06/01,19.33,19.46,18.27,18.34
159915,2023/06/02,19.19,19.74,19.19,19.34
159915,2023/06/05,19.19,19.74,19.19,19.34
159915,2023/06/06,19.72,20.53,19.49,20.53
159915,2023/06/07,21.00,21.75,20.82,21.28
159915,2023/06/08,21.32,21.93,21.14,21.36
159915,2023/06/09,21.48,21.70,19.97,20.15
159915,2023/06/12,21.20,21.22,19.31,19.48
159915,2023/06/13,19.81,19.81,18.51,18.58
159915,2023/06/14,19.89,20.52,19.87,20.49
159915,2023/06/15,18.64,18.80,18.00,18.20
159915,2023/06/16,18.53,18.89,17.92,18.16
159915,2023/06/19,18.91,19.26,18.59,18.68
159915,2023/06/20,18.91,18.93,18.38,18.42
159915,2023/06/21,18.73,18.84,18.25,18.82
159915,2023/06/26,20.44,20.81,19.30,19.79
159915,2023/06/27,19.94,19.94,18.82,18.89
159915,2023/06/28,19.20,19.75,18.88,19.12
159915,2023/06/29,19.29,19.34,18.19,18.46
159915,2023/06/30,18.68,18.76,17.90,17.90
159915,2023/07/03,18.75,18.75,18.15,18.29
159915,2023/07/04,18.55,18.62,18.00,18.16
159915,2023/07/05,18.22,18.51,18.13,18.23
159915,2023/07/06,18.51,18.77,18.08,18.58
159915,2023/07/07,18.79,19.14,18.68,19.12
159915,2023/07/10,19.68,19.68,18.70,19.17
159915,2023/07/11,19.23,19.23,18.40,18.59
159915,2023/07/12,18.84,18.91,18.54,18.84
159915,2023/07/13,18.60,18.60,18.23,18.57
159915,2023/07/14,18.74,19.00,18.40,18.47
159915,2023/07/17,19.08,19.18,18.54,18.56
159915,2023/07/18,18.73,18.86,18.12,18.47
159915,2023/07/19,18.68,19.23,18.59,18.78
159915,2023/07/20,19.09,20.07,18.83,20.02
159915,2023/07/21,19.97,20.05,19.06,19.37
159915,2023/07/24,19.77,19.77,19.23,19.23
159915,2023/07/25,18.67,18.82,18.31,18.31
159915,2023/07/26,18.64,19.00,17.77,18.24
159915,2023/07/27,18.52,18.52,17.20,17.20
159915,2023/07/28,17.65,17.99,17.12,17.12
159915,2023/07/31,19.25,20.71,19.25,19.88
159915,2023/08/01,20.00,20.21,19.82,19.82
159915,2023/08/02,19.38,19.46,18.95,19.35
159915,2023/08/03,19.38,19.46,18.95,19.35
159915,2023/08/04,19.38,19.46,18.95,19.35
159915,2023/08/07,20.00,20.21,19.82,19.82
159915,2023/08/08,19.99,20.02,19.76,19.76
159915,2023/08/09,20.03,20.13,19.72,19.78
159915,2023/08/10,20.04,20.22,19.31,19.55
159915,2023/08/11,19.81,20.42,19.25,20.05
159915,2023/08/14,19.80,21.92,19.54,20.33
159915,2023/08/15,20.66,20.66,19.97,20.23
159915,2023/08/16,20.47,20.65,19.91,20.63
159915,2023/08/17,20.71,21.69,20.59,20.99
159915,2023/08/18,21.16,22.06,20.62,22.06
159915,2023/08/21,22.94,23.77,21.84,22.77
159915,2023/08/22,23.03,24.17,21.64,22.33
159915,2023/08/23,22.64,23.90,22.22,23.87
159915,2023/08/24,24.21,24.21,22.53,22.81
159915,2023/08/25,23.03,23.52,23.03,23.03
159915,2023/08/28,23.03,24.17,21.64,22.33
159915,2023/08/29,24.71,25.02,24.08,24.09
159915,2023/08/30,24.71,25.02,24.08,24.09
159915,2023/08/31,23.24,23.24,22.17,22.17
159915,2023/09/01,21.98,21.98,21.41,21.41
159915,2023/09/04,21.81,21.81,20.85,20.85
159915,2023/09/05,21.01,21.02,20.63,20.64
159915,2023/09/06,20.80,20.80,20.28,20.41
159915,2023/09/07,20.52,21.17,20.34,21.11
159915,2023/09/08,22.01,22.01,21.07,21.39
159915,2023/09/11,21.98,21.98,21.41,21.41
159915,2023/09/12,20.72,20.72,19.51,19.84
159915,2023/09/13,21.01,21.02,20.63,20.64
159915,2023/09/14,20.52,21.17,20.34,21.11
159915,2023/09/15,20.87,22.12,20.87,20.87
159915,2023/09/18,22.10,22.10,21.42,21.47
159915,2023/09/19,21.72,22.49,21.65,21.75
159915,2023/09/20,21.90,22.16,21.49,21.76
159915,2023/09/21,21.98,22.54,21.88,22.48
159915,2023/09/22,21.97,21.97,20.79,20.79
159915,2023/09/25,20.80,20.80,20.28,20.41
159915,2023/09/26,21.40,21.40,20.27,20.42
159915,2023/09/27,20.75,21.07,19.98,20.77
159915,2023/09/28,21.40,21.47,19.92,20.73
159915,2023/10/09,22.60,22.60,19.42,19.53
159915,2023/10/10,19.65,19.65,19.12,19.22
159915,2023/10/11,19.45,19.45,18.66,18.91
159915,2023/10/12,19.21,19.21,18.51,18.52
159915,2023/10/13,18.68,19.19,18.38,18.58
159915,2023/10/16,19.31,20.70,19.25,20.40
159915,2023/10/17,20.38,20.63,19.47,19.52
159915,2023/10/18,19.94,20.16,19.52,20.07
159915,2023/10/19,20.33,21.87,20.32,21.57
159915,2023/10/20,22.32,22.56,21.30,22.46
159915,2023/10/23,23.45,25.66,23.31,25.31
159915,2023/10/24,25.37,28.96,22.49,22.82
159915,2023/10/25,22.49,22.49,21.27,21.76
159915,2023/10/26,21.60,21.91,19.71,19.87
159915,2023/10/27,20.21,20.27,19.22,19.66
159915,2023/10/30,20.48,21.00,20.15,20.47
159915,2023/10/31,20.66,20.70,19.87,20.00
159915,2023/11/01,20.04,20.06,19.67,19.80
159915,2023/11/02,20.07,20.07,19.64,19.69
159915,2023/11/03,20.02,20.03,19.51,19.59
159915,2023/11/06,20.38,21.49,20.04,21.37
159915,2023/11/07,21.40,21.61,20.88,21.08
159915,2023/11/08,21.34,21.55,20.85,21.01
159915,2023/11/09,21.28,21.42,20.80,21.04
159915,2023/11/10,21.08,21.36,20.81,20.84
159915,2023/11/13,21.84,21.84,21.09,21.09
159915,2023/11/14,21.55,21.55,21.14,21.26
159915,2023/11/15,21.52,21.73,20.71,20.78
159915,2023/11/16,21.19,21.19,20.32,20.59
159915,2023/11/17,20.85,21.00,19.20,19.92
159915,2023/11/20,19.16,20.00,19.10,19.40
159915,2023/11/21,19.87,19.98,18.29,18.63
159915,2023/11/22,19.41,19.41,19.15,19.15
159915,2023/11/23,19.00,20.00,18.50,19.00
159915,2023/11/24,18.79,18.91,18.48,18.60
159915,2023/11/27,19.57,20.05,19.30,19.41
159915,2023/11/28,19.73,19.76,18.99,19.04
159915,2023/11/29,19.37,19.59,19.21,19.33
159915,2023/11/30,19.62,19.62,18.96,19.13
159915,2023/12/01,19.43,19.45,18.84,18.89
159915,2023/12/04,19.84,19.84,19.80,19.80
159915,2023/12/05,20.13,21.00,20.13,21.00
159915,2023/12/06,21.31,21.31,20.30,20.36
159915,2023/12/07,20.46,21.15,20.20,20.27
159915,2023/12/08,20.29,20.56,19.80,19.80
159915,2023/12/11,20.81,20.97,20.52,20.70
159915,2023/12/12,20.77,20.97,20.20,20.34
159915,2023/12/13,20.32,20.69,20.22,20.52
159915,2023/12/14,20.32,20.69,20.22,20.52
159915,2023/12/15,20.32,20.69,20.22,20.52
159915,2023/12/18,22.72,22.72,21.80,22.04
159915,2023/12/19,20.32,20.69,20.22,20.52
159915,2023/12/20,23.19,23.36,22.60,23.34
159915,2023/12/21,23.65,24.16,22.58,22.80
159915,2023/12/22,23.35,23.82,22.00,22.22
159915,2023/12/25,22.64,22.71,20.90,21.66
159915,2023/12/26,22.01,22.52,21.79,21.79
159915,2023/12/27,22.58,22.80,21.75,22.21
159915,2023/12/28,22.58,22.80,21.75,22.21
159915,2023/12/29,22.70,22.90,21.09,21.19
159915,2024/01/02,21.93,21.93,20.57,20.57
159915,2024/01/03,21.11,21.11,20.59,20.65
159915,2024/01/04,20.81,21.96,20.77,21.49
159915,2024/01/05,22.02,23.52,21.59,23.07
159915,2024/01/08,22.58,22.80,21.75,22.21
159915,2024/01/09,26.95,27.04,24.98,25.17
159915,2024/01/10,26.95,27.04,24.98,25.17
159915,2024/01/11,26.21,26.28,24.13,24.30
159915,2024/01/12,25.02,25.30,24.32,24.46
159915,2024/01/15,26.09,26.27,24.47,24.66
159915,2024/01/16,24.83,25.04,23.97,24.20
159915,2024/01/17,24.60,26.88,24.53,26.88
159915,2024/01/18,27.38,31.10,25.70,26.11
159915,2024/01/19,25.63,26.70,24.77,25.12
159915,2024/01/22,25.68,30.83,25.10,30.12
159915,2024/01/23,31.10,31.45,26.53,27.26
159915,2024/01/24,28.04,30.00,26.62,27.94
159915,2024/01/25,28.75,29.05,25.53,25.53
159915,2024/01/26,27.42,27.54,25.65,25.65
159915,2024/01/29,30.00,30.00,28.00,28.00
159915,2024/01/30,31.63,32.31,29.48,31.58
159915,2024/01/31,32.35,34.99,30.72,31.26
159915,2024/02/01,32.04,33.00,30.18,31.64
159915,2024/02/02,32.28,40.77,31.91,33.32
159915,2024/02/05,36.38,50.85,35.99,38.13
159915,2024/02/06,36.21,37.22,32.31,36.21
159915,2024/02/07,32.31,33.00,28.72,28.72
159915,2024/02/08,28.72,33.03,28.72,28.89
159915,2024/02/19,30.81,30.92,26.89,28.70
159915,2024/02/20,28.27,28.47,24.99,25.69
159915,2024/02/21,24.85,28.25,24.45,25.61
159915,2024/02/22,26.48,27.14,25.59,25.88
159915,2024/02/23,26.25,27.15,25.60,26.57
159915,2024/02/26,27.56,27.75,26.43,27.16
159915,2024/02/27,26.31,26.90,24.61,26.70
159915,2024/02/28,27.40,29.12,26.75,28.65
159915,2024/02/29,29.31,30.14,28.47,29.75
159915,2024/03/01,29.79,30.58,29.05,29.25
159915,2024/03/04,30.02,30.26,29.48,29.72
159915,2024/03/05,30.11,30.12,27.78,28.20
159915,2024/03/06,28.26,28.26,27.09,27.23
159915,2024/03/07,27.39,27.39,25.73,26.54
159915,2024/03/08,26.94,26.94,25.53,25.62
159915,2024/03/11,26.62,26.62,25.50,26.25
159915,2024/03/12,26.51,26.80,26.19,26.29
159915,2024/03/13,26.75,26.91,26.11,26.12
159915,2024/03/14,25.84,25.84,25.34,25.46
159915,2024/03/15,25.80,25.85,24.97,25.09
159915,2024/03/18,26.30,26.30,25.68,25.94
159915,2024/03/19,26.20,26.43,25.48,25.58
159915,2024/03/20,25.78,25.78,24.35,24.66
159915,2024/03/21,25.32,25.32,23.95,24.07
159915,2024/03/22,24.57,26.05,24.43,24.91
159915,2024/03/25,26.04,26.04,24.49,24.84
159915,2024/03/26,24.93,25.59,24.61,25.20
159915,2024/03/27,25.68,27.49,25.45,27.19
159915,2024/03/28,27.70,27.96,25.41,25.41
159915,2024/03/29,25.68,25.68,24.79,24.79
159915,2024/04/01,25.16,25.16,24.03,24.13
159915,2024/04/02,24.32,24.49,23.91,24.04
159915,2024/04/03,24.36,24.57,23.65,23.65
159915,2024/04/08,25.13,25.13,23.95,24.18
159915,2024/04/09,24.20,24.34,23.53,23.72
159915,2024/04/10,24.01,24.64,23.76,24.24
159915,2024/04/11,24.53,24.79,24.04,24.44
159915,2024/04/12,24.40,24.40,24.12,24.12
159915,2024/04/15,24.96,25.53,24.20,25.45
159915,2024/04/16,26.09,27.24,26.09,27.09
159915,2024/04/17,27.42,27.58,24.84,24.91
159915,2024/04/18,24.93,25.59,24.61,25.20
159915,2024/04/19,26.75,26.91,26.11,26.12
159915,2024/04/22,26.64,26.64,25.77,25.99
159915,2024/04/23,25.84,25.84,24.81,25.03
159915,2024/04/24,24.20,24.34,23.53,23.72
159915,2024/04/25,25.68,25.82,23.62,23.80
159915,2024/04/26,21.93,21.93,20.87,20.87
159915,2024/04/29,23.86,28.35,23.85,25.58
159915,2024/04/30,25.97,26.64,23.59,23.61
159915,2024/05/06,26.40,26.40,25.18,25.18
159915,2024/05/07,24.76,24.80,23.95,23.95
159915,2024/05/08,23.38,23.38,22.83,23.06
159915,2024/05/09,23.43,23.78,23.08,23.34
159915,2024/05/10,23.31,23.31,22.79,23.04
159915,2024/05/13,24.36,24.57,23.65,23.65
159915,2024/05/14,23.75,23.89,23.50,23.50
159915,2024/05/15,23.64,23.72,23.09,23.21
159915,2024/05/16,22.93,23.08,22.55,22.57
159915,2024/05/17,22.25,22.34,21.51,21.51
159915,2024/05/20,22.94,22.95,22.33,22.33
159915,2024/05/21,21.79,23.00,21.00,21.79
159915,2024/05/28,21.79,22.00,21.00,21.79
159915,2024/06/03,22.29,22.29,21.30,21.30
159915,2024/06/04,21.88,21.88,20.54,20.71
159915,2024/06/05,21.00,21.02,20.36,20.60
159915,2024/06/06,20.84,21.92,20.59,21.62
159915,2024/06/07,21.90,24.59,21.68,22.19
159915,2024/06/11,23.62,24.03,22.45,22.55
159915,2024/06/12,22.85,22.90,22.11,22.20
159915,2024/06/13,22.12,22.35,21.08,21.09
159915,2024/06/14,21.36,21.49,20.43,20.86
159915,2024/06/17,21.85,21.85,20.58,20.58
159915,2024/06/18,20.78,20.87,20.08,20.08
159915,2024/06/19,20.57,20.76,20.05,20.55
159915,2024/06/20,20.73,21.37,20.08,21.18
159915,2024/06/21,21.46,21.46,20.09,20.09
159915,2024/06/24,21.09,22.08,20.38,21.83
159915,2024/06/25,22.85,24.98,22.33,24.55
159915,2024/06/26,25.06,25.06,23.09,23.09
159915,2024/06/27,22.94,23.94,22.59,23.34
159915,2024/06/28,23.69,23.84,21.97,22.81
159915,2024/07/01,23.07,24.37,22.72,22.81
159915,2024/07/02,23.21,23.53,22.65,22.75
159915,2024/07/03,22.99,23.27,22.22,22.35
159915,2024/07/04,22.59,22.86,21.96,22.42
159915,2024/07/05,22.86,24.10,22.03,22.15
159915,2024/07/08,23.12,24.03,22.96,23.14
159915,2024/07/09,23.42,23.69,22.67,23.16
159915,2024/07/10,23.42,23.69,22.67,23.16
159915,2024/07/11,22.92,23.01,21.81,22.00
159915,2024/07/12,22.09,22.48,21.56,21.56
159915,2024/07/15,22.65,22.76,21.51,21.67
159915,2024/07/16,21.89,21.89,20.75,20.92
159915,2024/07/17,21.36,21.36,20.47,21.16
159915,2024/07/18,21.34,22.00,21.00,21.36
159915,2024/07/19,21.57,21.57,20.67,20.81
159915,2024/07/22,21.41,21.79,21.23,21.30
159915,2024/07/23,21.73,21.73,21.30,21.30
159915,2024/07/24,21.59,22.49,21.59,22.49
159915,2024/07/25,22.00,23.00,22.00,22.00
159915,2024/07/26,23.12,24.03,22.96,23.14
159915,2024/07/29,22.40,22.42,21.59,21.82
159915,2024/07/30,22.26,22.26,21.53,21.53
159915,2024/07/31,21.99,22.10,21.03,21.43
159915,2024/08/01,21.75,21.85,21.41,21.43
159915,2024/08/02,22.04,24.00,22.00,23.05
159915,2024/08/05,25.03,28.37,24.82,28.37
159915,2024/08/06,26.98,26.98,25.55,25.64
159915,2024/08/07,26.09,26.23,24.51,24.59
159915,2024/08/08,24.91,25.28,23.58,23.71
159915,2024/08/09,23.78,23.94,23.41,23.61
159915,2024/08/12,24.56,24.66,23.38,23.53
159915,2024/08/13,23.56,23.72,22.74,23.02
159915,2024/08/14,24.91,25.28,23.58,23.71
159915,2024/08/15,24.56,24.66,23.38,23.53
159915,2024/08/16,23.07,23.09,22.29,22.40
159915,2024/08/19,23.22,23.26,21.70,21.77
159915,2024/08/20,22.01,22.45,21.69,22.09
159915,2024/08/21,22.35,22.60,21.68,21.70
159915,2024/08/22,22.09,22.09,21.56,21.91
159915,2024/08/23,22.30,22.38,21.88,22.02
159915,2024/08/26,22.72,22.72,22.08,22.23
159915,2024/08/27,22.79,22.79,21.87,21.93
159915,2024/08/28,22.37,22.40,21.77,21.85
159915,2024/08/29,22.12,22.24,21.27,21.27
159915,2024/08/30,21.52,22.09,20.85,21.09
159915,2024/09/02,22.55,22.94,22.06,22.76
159915,2024/09/03,23.07,23.09,22.29,22.40
159915,2024/09/04,21.51,21.98,21.16,21.29
159915,2024/09/05,21.44,21.44,20.77,20.85
159915,2024/09/06,22.04,23.05,22.04,23.05
159915,2024/09/09,23.22,23.26,21.70,21.77
159915,2024/09/10,21.99,23.27,21.99,23.04
159915,2024/09/11,25.03,28.37,24.82,28.37
159915,2024/09/12,22.05,22.10,21.69,21.90
159915,2024/09/13,22.00,22.30,21.50,22.10
159915,2024/09/18,21.70,21.99,20.99,21.55
159915,2024/09/19,21.24,22.29,20.94,21.89
159915,2024/09/20,22.14,22.36,21.61,21.73
159915,2024/09/23,22.17,22.17,21.18,21.56
159915,2024/09/24,21.81,25.22,20.95,23.79
159915,2024/09/25,26.68,26.68,24.59,24.59
159915,2024/09/26,24.92,30.94,23.65,30.71
159915,2024/09/27,35.20,64.64,34.29,47.07
159915,2024/09/30,65.55,69.91,51.58,67.63
159915,2024/10/08,92.50,178.93,45.50,57.12
159915,2024/10/09,87.12,97.52,71.01,76.74
159915,2024/10/10,73.85,74.21,56.84,56.99
159915,2024/10/11,56.42,56.96,49.50,56.96
159915,2024/10/14,57.43,57.43,46.45,46.55
159915,2024/10/15,35.20,64.64,34.29,47.07
159915,2024/10/16,38.93,40.95,38.77,39.81
159915,2024/10/17,38.93,40.95,38.77,39.81
159915,2024/10/18,38.84,74.85,38.48,58.44
159915,2024/10/21,38.93,40.95,38.77,39.81
159915,2024/10/22,52.86,52.95,47.45,49.98
159915,2024/10/23,48.55,51.21,45.40,46.90
159915,2024/10/24,46.53,46.53,42.13,42.62
159915,2024/10/25,43.22,53.36,43.22,44.76
159915,2024/10/28,47.56,52.04,47.37,50.55
159915,2024/10/29,52.20,52.42,49.00,49.00
159915,2024/10/30,48.87,50.78,48.36,50.06
159915,2024/10/31,50.90,57.43,50.72,52.63
159915,2024/11/01,52.60,56.51,52.60,54.84
159915,2024/11/04,38.93,40.95,38.77,39.81
159915,2024/11/05,38.84,74.85,38.48,58.44
159915,2024/11/06,38.93,40.95,38.77,39.81
159915,2024/11/07,52.86,52.95,47.45,49.98
159915,2024/11/08,48.55,51.21,45.40,46.90
159915,2024/11/11,45.05,45.05,44.50,44.50
159915,2024/11/12,45.96,46.50,42.98,44.67
159915,2024/11/13,44.58,44.99,43.10,43.10
159915,2024/11/14,41.97,41.97,41.67,41.67
159915,2024/11/15,42.07,42.53,42.07,42.53
159915,2024/11/18,43.98,46.22,43.84,45.91
159915,2024/11/19,45.88,47.98,45.76,46.75
159915,2024/11/20,47.17,47.47,43.95,44.28
159915,2024/11/21,42.41,42.78,40.58,40.74
159915,2024/11/22,41.03,42.06,39.29,41.87
159915,2024/11/25,43.17,44.12,41.25,41.74
159915,2024/11/26,42.30,42.47,39.49,40.13
159915,2024/11/27,44.24,44.24,39.30,39.54
159915,2024/11/28,39.97,39.97,37.09,37.33
159915,2024/11/29,37.64,41.98,36.33,37.10
159915,2024/12/02,36.81,39.44,36.77,37.67
159915,2024/12/03,36.65,38.46,36.65,37.53
159915,2024/12/04,37.58,39.12,37.58,38.16
159915,2024/12/05,37.54,38.68,37.48,37.51
159915,2024/12/06,38.00,39.35,36.09,36.11
159915,2024/12/09,37.08,37.65,35.73,35.87
159915,2024/12/10,39.41,42.15,37.14,38.01
159915,2024/12/11,38.06,38.07,36.39,36.77
159915,2024/12/12,37.02,37.24,36.39,36.78
159915,2024/12/13,35.32,35.32,33.69,33.75
159915,2024/12/16,34.36,34.36,31.29,31.66
159915,2024/12/17,31.88,32.37,31.07,32.33
159915,2024/12/18,32.63,32.74,31.49,31.67
159915,2024/12/19,32.02,33.13,31.88,32.33
159915,2024/12/20,32.31,32.50,31.55,31.75
159915,2024/12/23,32.63,32.63,31.21,32.07
159915,2024/12/24,32.25,32.25,29.97,30.39
159915,2024/12/25,30.41,30.53,29.23,29.84
159915,2024/12/26,30.12,30.12,27.44,27.69
159915,2024/12/27,27.72,27.91,26.77,26.95
159915,2024/12/30,27.95,27.98,26.90,27.58
159915,2024/12/31,27.85,27.85,28.55,28.55
159915,2025/01/02,36.08,36.08,29.55,35.00
159915,2025/01/03,36.08,36.08,29.55,35.00
159915,2025/01/06,34.23,35.74,34.16,34.79
159915,2025/01/07,35.32,35.42,30.48,30.65
159915,2025/01/08,31.61,31.61,30.02,30.36
159915,2025/01/09,30.41,30.73,28.82,29.10
159915,2025/01/10,30.41,30.73,28.82,29.10
159915,2025/01/13,30.47,31.66,30.47,31.43
159915,2025/01/14,31.58,34.04,30.41,34.04
159915,2025/01/15,34.04,34.04,32.68,33.11
159915,2025/01/16,33.50,35.00,33.37,33.94
159915,2025/01/17,34.11,35.83,34.11,34.48
159915,2025/01/20,35.53,36.25,33.13,33.77
159915,2025/01/21,33.30,33.82,32.27,32.73
159915,2025/01/22,32.68,32.89,31.36,31.70
159915,2025/01/23,32.49,34.57,31.49,31.83
159915,2025/01/24,31.93,33.12,30.43,30.71
159915,2025/01/27,31.26,31.32,29.90,29.90
159915,2025/02/05,32.70,32.70,29.45,29.76
159915,2025/02/06,30.06,30.06,28.05,29.32
159915,2025/02/07,29.60,30.93,28.93,29.55
159915,2025/02/10,31.11,31.54,30.40,31.05
159915,2025/02/11,26.46,26.46,25.00,25.28
159915,2025/02/12,30.59,31.00,29.23,30.05
159915,2025/02/13,30.03,30.56,29.15,29.20
159915,2025/02/14,29.64,29.64,28.50,28.64
159915,2025/02/17,30.30,30.43,29.58,29.82
159915,2025/02/18,30.06,30.06,29.10,29.40
159915,2025/02/19,29.67,29.67,29.35,29.35
159915,2025/02/20,29.23,31.26,28.43,28.43
159915,2025/02/21,28.83,32.52,28.54,30.61
159915,2025/02/24,31.54,31.98,30.19,30.65
159915,2025/02/25,30.80,31.22,29.61,30.21
159915,2025/02/26,30.64,31.46,30.01,30.38
159915,2025/02/27,30.34,30.97,29.32,29.40
159915,2025/02/28,29.19,30.58,29.09,30.49
159915,2025/03/03,30.91,30.91,28.51,28.54
159915,2025/03/04,28.83,32.52,28.54,30.61
159915,2025/03/05,28.51,28.51,27.64,27.73
159915,2025/03/06,28.07,29.44,27.83,28.14
159915,2025/03/07,28.07,28.07,26.26,26.37
159915,2025/03/10,26.51,26.56,25.71,25.91
159915,2025/03/11,28.07,29.44,27.83,28.14
159915,2025/03/12,26.23,26.42,25.76,25.78
159915,2025/03/13,25.88,26.16,25.35,25.61
159915,2025/03/14,25.92,27.82,25.51,27.15
159915,2025/03/17,28.27,28.42,26.42,26.61
159915,2025/03/18,27.15,27.74,26.32,26.54
159915,2025/03/19,26.60,26.66,25.76,26.36
159915,2025/03/20,26.46,26.46,25.00,25.28
159915,2025/03/21,25.51,25.61,24.22,24.53
159915,2025/03/24,25.25,25.25,23.47,23.58
159915,2025/03/25,26.23,26.42,25.76,25.78
159915,2025/03/26,23.24,23.27,22.30,22.70
159915,2025/03/27,23.07,23.15,21.28,21.38
159915,2025/03/28,21.86,21.86,21.30,21.40
159915,2025/03/31,22.45,24.30,22.45,23.24
159915,2025/04/01,23.33,23.33,22.60,22.60
159915,2025/04/02,22.69,22.73,22.13,22.46
159915,2025/04/03,24.00,24.26,23.08,23.32
159915,2025/04/07,34.71,73.02,33.88,58.16
159915,2025/04/08,62.64,62.64,37.12,42.96
159915,2025/04/09,43.21,47.47,37.35,37.91
159915,2025/04/10,33.04,37.56,33.01,33.64
159915,2025/04/11,32.49,34.57,31.49,31.83
159915,2025/04/14,32.11,32.11,28.21,28.38
159915,2025/04/15,31.00,31.00,28.00,28.00
159915,2025/04/16,28.50,29.00,27.00,27.00
159915,2025/04/17,26.95,26.95,25.50,26.95
159915,2025/04/18,25.25,25.25,23.47,23.58
159915,2025/04/21,25.21,25.64,24.48,24.93
159915,2025/04/22,24.50,24.70,24.23,24.45
159915,2025/04/23,24.86,24.86,24.11,24.63
159915,2025/04/24,24.17,24.50,23.58,23.58
159915,2025/04/25,24.43,25.04,23.97,24.52
159915,2025/04/28,26.68,26.68,26.08,26.08
159915,2025/04/29,26.74,27.23,26.39,26.67
159915,2025/04/30,26.99,27.87,26.45,27.87
159915,2025/05/06,28.15,28.15,23.60,23.63
159915,2025/05/07,26.16,26.73,23.96,24.01
159915,2025/05/08,24.36,24.36,23.23,23.54
159915,2025/05/09,23.68,24.01,23.41,23.78
159915,2025/05/12,24.62,26.60,24.45,26.59
159915,2025/05/13,26.10,26.11,24.74,24.88
159915,2025/05/14,26.10,26.50,24.74,25.00
159915,2025/05/15,26.91,26.91,26.08,26.68
159915,2025/05/16,22.45,24.30,22.45,23.24
159915,2025/05/19,26.13,26.13,23.33,24.07
159915,2025/05/20,24.37,25.07,24.03,24.72
159915,2025/05/21,24.93,24.96,24.14,24.36
159915,2025/05/22,24.83,25.56,24.21,25.51
159915,2025/05/23,25.52,26.21,25.03,25.88
159915,2025/05/26,26.68,26.85,25.38,25.49
159915,2025/05/27,25.62,25.64,24.56,25.05
159915,2025/05/28,25.04,25.42,24.34,25.42
159915,2025/05/29,25.39,25.39,24.24,24.37
159915,2025/05/30,24.48,24.78,24.04,24.04
159915,2025/06/03,24.93,24.93,22.61,22.79
159915,2025/06/04,22.93,22.93,22.19,22.55
159915,2025/06/05,22.72,22.82,22.45,22.75
159915,2025/06/06,22.77,22.92,22.22,22.26
159915,2025/06/09,23.32,23.32,22.05,22.05
159915,2025/06/10,22.19,22.79,21.56,22.50
159915,2025/06/11,22.50,23.00,22.40,22.40
159915,2025/06/12,22.55,22.75,22.55,22.75
159915,2025/06/13,22.96,23.76,22.93,23.55
159915,2025/06/16,24.34,24.34,22.82,22.91
159915,2025/06/17,22.88,22.97,21.94,21.98
159915,2025/06/18,22.01,22.86,21.90,22.86
159915,2025/06/19,22.99,23.45,22.42,22.61
159915,2025/06/20,22.57,22.57,21.28,21.55
159915,2025/06/23,22.27,22.44,20.13,20.33
159915,2025/06/24,20.22,21.38,19.93,21.14
159915,2025/06/25,21.28,26.77,21.13,26.77
159915,2025/06/26,27.09,27.18,23.89,24.05
159915,2025/06/27,24.34,25.83,23.11,23.22
159915,2025/06/30,23.89,24.08,23.25,23.83
159915,2025/07/01,23.58,23.58,22.72,22.95
159915,2025/07/02,22.89,22.89,21.83,21.83
159915,2025/07/03,21.80,22.60,21.48,22.00
159915,2025/07/04,23.58,23.58,22.72,22.95
159915,2025/07/07,22.76,23.01,22.36,22.90
159915,2025/07/08,22.62,24.66,22.53,24.36
159915,2025/07/09,24.57,25.79,24.39,24.54
159915,2025/07/10,24.80,25.16,23.96,24.77
159915,2025/07/11,24.87,27.18,24.67,25.68
159915,2025/07/14,26.07,26.07,25.41,25.60
159915,2025/07/15,26.00,26.27,24.84,24.96
159915,2025/07/16,25.31,25.31,23.51,23.84
159915,2025/07/17,23.85,23.98,23.39,23.93
159915,2025/07/18,24.05,24.62,23.19,23.23
159915,2025/07/21,23.84,24.03,22.88,23.38
159915,2025/07/22,23.53,24.64,23.53,24.64
159915,2025/07/23,24.37,26.54,24.37,26.28
159915,2025/07/24,25.98,25.98,24.69,24.97
159915,2025/07/25,25.81,26.20,25.29,25.53
159915,2025/07/28,27.13,27.13,25.98,25.98
159915,2025/07/29,26.57,26.66,25.89,26.54
159915,2025/07/30,26.79,27.46,26.66,27.02
159915,2025/07/31,27.44,27.50,26.60,26.60
159915,2025/08/01,27.01,27.11,25.39,25.39
159915,2025/08/04,27.04,27.04,24.83,24.84
159915,2025/08/05,24.94,24.97,24.30,24.91
159915,2025/08/06,25.25,25.32,24.81,25.03
159915,2025/08/07,25.53,25.81,25.29,25.50
159915,2025/08/08,25.91,25.91,25.15,25.19
159915,2025/08/11,26.25,26.25,25.06,25.96
159915,2025/08/12,26.07,26.10,25.64,25.78
159915,2025/08/13,27.44,27.50,26.60,26.60
159915,2025/08/14,30.40,30.40,29.47,29.47
159915,2025/08/15,29.57,32.86,29.55,31.30
159915,2025/08/18,32.32,37.31,32.21,36.55
159915,2025/08/19,36.34,37.70,34.55,35.03
159915,2025/08/20,32.32,37.31,32.21,36.55
159915,2025/08/21,35.99,37.09,34.51,35.03
159915,2025/08/22,35.35,35.44,34.05,34.27
159915,2025/08/25,38.63,38.63,34.75,37.84
159915,2025/08/26,36.89,38.42,35.16,35.45
159915,2025/08/27,35.64,35.64,30.58,30.58
159915,2025/08/28,34.40,35.21,31.99,33.70
159915,2025/08/29,34.72,36.56,32.95,34.50
159915,2025/09/01,45.92,45.92,39.22,39.78
159915,2025/09/02,39.32,41.87,37.95,39.88
159915,2025/09/03,40.49,40.61,39.47,39.63
159915,2025/09/04,39.07,43.02,39.03,40.31
159915,2025/09/05,40.23,43.74,38.51,42.33
159915,2025/09/08,42.56,42.95,39.73,39.73
159915,2025/09/09,40.23,43.74,38.51,42.33
159915,2025/09/10,36.94,37.31,35.61,35.61
159915,2025/09/11,36.16,39.52,35.59,35.59
159915,2025/09/12,37.61,39.16,37.19,37.33
159915,2025/09/15,38.43,39.40,38.03,39.17
159915,2025/09/16,38.87,40.00,38.87,38.87
159915,2025/09/17,40.31,42.76,40.27,41.00
159915,2025/09/18,42.10,43.06,40.64,42.15
159915,2025/09/19,42.20,43.04,40.98,41.12
159915,2025/09/22,41.74,41.75,40.48,41.26
159915,2025/09/23,38.87,40.00,38.87,38.87
159915,2025/09/24,41.71,41.75,39.48,40.42
159915,2025/09/25,40.36,41.43,39.60,39.90
159915,2025/09/26,41.01,42.63,40.09,41.79
159915,2025/09/29,42.22,43.16,40.09,40.09
159915,2025/09/30,40.00,40.00,38.00,38.90
159915,2025/10/09,38.00,38.00,36.90,37.00
159915,2025/10/10,36.40,40.33,35.80,37.70
159915,2025/10/13,47.47,49.24,41.00,43.05
159915,2025/10/14,42.25,46.18,38.21,45.35
159915,2025/10/15,45.13,46.63,38.79,38.84
159915,2025/10/16,45.13,46.63,38.79,38.84
159915,2025/10/17,37.67,38.33,34.96,37.26
159915,2025/10/20,40.31,42.76,40.27,40.27
159915,2025/10/21,35.99,37.09,34.51,35.03
159915,2025/10/22,35.35,35.44,34.05,34.27
159915,2025/10/23,32.00,33.00,31.50,32.00
159915,2025/10/24,30.62,30.79,29.65,29.95
159915,2025/10/27,32.42,34.59,32.42,33.00
159915,2025/10/28,33.71,34.64,33.45,33.76
159915,2025/10/29,34.03,36.13,34.03,36.09
159915,2025/10/30,36.38,37.40,35.21,35.45
159915,2025/10/31,35.77,36.12,34.42,34.42
159915,2025/11/03,35.94,36.04,34.29,34.59
159915,2025/11/04,35.05,35.51,34.45,34.78
159915,2025/11/05,35.89,37.06,34.88,35.10
159915,2025/11/06,35.53,35.53,33.75,33.77
159915,2025/11/07,33.91,34.17,33.03,33.09
159915,2025/11/11,34.11,34.11,33.04,33.40
159915,2025/11/12,33.81,34.97,33.69,34.54
159915,2025/11/13,34.24,34.34,32.68,33.06
159915,2025/11/14,33.72,33.72,32.51,33.15
159915,2025/11/17,33.43,33.67,32.55,32.85
159915,2025/11/18,33.37,33.86,32.64,33.23
159915,2025/11/19,33.61,33.61,32.36,32.53
159915,2025/11/20,32.70,32.70,31.31,31.57
159915,2025/11/21,32.88,35.43,31.00,33.63
159915,2025/11/24,32.00,33.00,32.00,32.00
159915,2025/11/25,34.24,34.34,32.68,33.06
159915,2025/11/26,30.00,30.00,29.50,29.80
159915,2025/11/27,30.28,30.28,28.60,29.39
159915,2025/11/28,29.77,30.05,28.22,28.23
159915,2025/12/01,29.80,29.97,28.46,28.53
159915,2025/12/02,28.95,29.48,28.28,28.51
159915,2025/12/03,27.86,27.86,27.26,27.53
159915,2025/12/04,26.00,26.00,25.00,25.00
159915,2025/12/05,26.97,27.09,26.10,26.36
159915,2025/12/08,27.20,28.52,27.20,27.61
159915,2025/12/09,27.80,28.13,27.41,27.51
159915,2025/12/10,27.00,28.00,27.00,28.00
159915,2025/12/11,28.14,28.54,27.88,28.13
159915,2025/12/12,28.22,28.32,27.48,27.54
159915,2025/12/15,28.58,28.71,27.96,28.09
159915,2025/12/16,28.41,29.44,28.23,28.85
159915,2025/12/17,29.12,29.12,27.87,28.42
159915,2025/12/18,28.73,29.20,28.39,29.20
159915,2025/12/19,29.16,29.37,28.02,28.10
159915,2025/12/22,28.45,28.45,26.61,26.71
159915,2025/12/23,26.84,27.06,25.29,25.41
159915,2025/12/24,25.53,26.66,25.49,26.27
159915,2025/12/25,26.32,26.53,25.62,25.62
159915,2025/12/26,25.69,27.50,25.69,26.33
159915,2025/12/29,27.05,27.62,27.05,27.21
159915,2025/12/30,27.57,27.89,27.37,27.42
159915,2025/12/31,28.00,28.24,27.20,27.23
159915,2026/01/05,32.70,32.70,31.31,31.57
159915,2026/01/06,32.88,35.43,26.39,33.63
159915,2026/01/07,30.00,33.00,30.00,31.00
159915,2026/01/08,34.24,34.34,32.68,33.06
159915,2026/01/09,32.00,34.00,31.00,31.00
159915,2026/01/12,31.30,37.74,30.30,36.32
159915,2026/01/13,37.69,39.17,31.26,31.79
159915,2026/01/14,31.30,37.74,30.30,36.32
159915,2026/01/15,31.03,32.48,27.85,28.68
159915,2026/01/16,29.79,29.84,26.63,26.63
159915,2026/01/19,30.42,30.42,25.95,26.09
159915,2026/01/20,26.32,26.32,23.92,24.87
159915,2026/01/21,25.18,25.93,24.77,24.92
159915,2026/01/22,25.43,25.43,24.68,25.29
159915,2026/01/23,25.67,27.56,25.44,27.49
159915,2026/01/26,29.05,29.05,27.72,28.32
159915,2026/01/27,28.38,28.40,26.58,27.09
159915,2026/01/28,27.47,27.47,26.68,26.91
159915,2026/01/29,26.65,27.15,25.80,26.57
159915,2026/01/30,27.07,28.34,26.52,26.91
159915,2026/02/02,26.03,28.31,24.99,27.68
159915,2026/02/03,27.30,27.30,23.46,23.51
159915,2026/02/04,29.00,29.00,26.00,26.17
159915,2026/02/05,28.19,29.11,27.69,27.79
159915,2026/02/06,27.07,28.34,26.52,26.91
159915,2026/02/09,29.57,29.57,27.53,27.91
159915,2026/02/10,28.18,28.18,26.22,26.22
159915,2026/02/11,30.00,33.00,30.00,31.00
159915,2026/02/12,26.30,26.79,25.68,26.58
159915,2026/02/13,27.27,29.85,27.23,29.25
159915,2026/02/24,30.12,30.12,25.85,26.16
159915,2026/02/25,26.28,26.28,24.44,24.61
159915,2026/02/26,24.94,24.94,23.33,23.59
159915,2026/02/27,23.45,23.92,22.92,23.03
159915,2026/03/02,25.34,26.57,24.68,24.75
159915,2026/03/03,24.65,30.10,23.87,29.28
159915,2026/03/04,30.69,32.56,28.40,30.89
159915,2026/03/05,27.47,27.47,25.41,26.04
159915,2026/03/06,26.79,27.13,23.78,23.94
159915,2026/03/09,28.98,34.46,27.72,27.99
159915,2026/03/10,24.82,25.59,24.72,25.24
159915,2026/03/11,30.00,33.00,30.00,31.00
159915,2026/03/12,27.47,27.47,25.41,26.04
159915,2026/03/13,30.00,33.00,30.00,31.00
159915,2026/03/16,30.36,32.18,28.69,29.13
159915,2026/03/17,28.98,34.46,27.72,27.99
159915,2026/03/18,31.31,31.81,31.31,31.81
159915,2026/03/19,28.98,34.46,27.72,27.99
159915,2026/03/20,31.31,31.81,31.31,31.81
159915,2026/03/23,45.55,61.34,42.35,57.39
159915,2026/03/24,60.54,64.73,45.99,49.17
159915,2026/03/25,27.58,27.83,25.90,26.61
159915,2026/03/26,26.59,28.31,26.19,28.15
159915,2026/03/27,29.74,30.18,27.27,27.35
159915,2026/03/30,30.36,33.00,28.69,29.13
159915,2026/03/31,27.07,28.34,26.52,26.91
159915,2026/04/01,29.46,30.24,28.95,29.08
159915,2026/04/02,29.80,31.99,29.13,30.68
159915,2026/04/03,29.94,32.25,29.94,30.95
159915,2026/04/07,30.95,30.95,29.12,30.11
159915,2026/04/08,26.74,27.50,25.28,27.10
159915,2026/04/09,27.28,27.52,26.32,26.35
159915,2026/04/10,26.49,29.21,26.00,28.33
159915,2026/04/13,29.97,30.89,29.54,30.11
159915,2026/04/14,32.76,32.89,29.57,31.26
159915,2026/04/15,31.75,31.75,30.55,30.96
159915,2026/04/16,31.19,32.42,31.12,31.43
159915,2026/04/17,31.89,32.78,29.59,29.88
159915,2026/04/20,31.18,31.18,29.27,29.49
159915,2026/04/21,29.35,29.88,28.83,29.17
159915,2026/04/22,29.50,29.00,30.00,29.80
159915,2026/04/23,29.58,30.81,29.58,30.16
159915,2026/04/24,30.43,31.14,30.20,30.20
159915,2026/04/27,31.12,31.12,29.65,29.65
159915,2026/04/28,30.19,30.22,28.67,28.70
159915,2026/04/29,29.28,29.28,27.93,27.93
159915,2026/04/30,28.73,29.37,27.40,27.84
159915,2026/05/06,25.43,25.43,24.68,25.29
159915,2026/05/07,25.34,26.57,24.68,24.75
159915,2026/05/08,26.59,28.31,26.59,26.59
159915,2026/05/11,29.94,32.91,29.94,32.37
159915,2026/05/12,34.09,34.48,33.48,33.88
159915,2026/05/13,35.00,35.00,34.00,34.00
159915,2026/05/14,37.22,37.22,34.91,35.06
159915,2026/05/15,35.44,35.95,34.43,35.27
159915,2026/05/18,36.85,36.85,34.20,34.32
159915,2026/05/19,34.59,34.59,32.80,33.50
159915,2026/05/20,34.05,35.31,33.70,33.91
159915,2026/05/21,34.30,34.65,32.79,34.16
159915,2026/05/22,33.90,34.42,32.62,32.93
159915,2026/05/25,34.24,34.56,33.51,34.36
159915,2026/05/26,34.85,35.51,34.35,34.86
159915,2026/05/27,35.21,36.62,34.69,36.16
159915,2026/05/28,36.60,36.86,35.11,35.29
159915,2026/05/29,42.22,43.16,40.09,40.09
159915,2026/06/01,35.53,35.67,32.47,32.70
159915,2026/06/02,32.75,33.46,32.02,32.11
159915,2026/06/03,33.00,33.00,32.00,32.10
159915,2026/06/04,33.08,33.96,32.82,33.28
159915,2026/06/05,33.95,34.29,32.85,33.50
159915,2026/06/08,35.02,36.00,35.02,35.67
159915,2026/06/09,35.92,35.98,33.88,34.15
159915,2026/06/10,33.95,34.29,32.85,33.50
159915,2026/06/11,35.58,35.68,35.58,35.68
159915,2026/06/12,34.54,35.51,34.20,34.44
159915,2026/06/15,35.22,35.88,34.07,35.09
159915,2026/06/16,35.31,36.98,35.07,35.53
159915,2026/06/17,35.61,37.16,35.61,36.81
159915,2026/06/18,37.57,39.68,37.13,37.33
159915,2026/06/22,39.86,39.86,38.20,39.40
159915,2026/06/23,39.85,40.72,39.55,40.55
159915,2026/06/24,40.86,41.36,39.26,40.04
159915,2026/06/25,40.74,41.08,39.61,39.88
159915,2026/06/26,40.94,43.24,40.68,42.18
159915,2026/06/29,37.57,39.68,37.13,37.33
159915,2026/06/30,39.86,39.86,38.20,39.40
159915,2026/07/01,40.86,41.36,39.26,40.04
159915,2026/07/02,39.86,39.86,38.20,39.40
159915,2026/07/03,39.85,40.72,39.55,40.55
159915,2026/07/06,40.00,41.00,40.00,40.20
159915,2026/07/07,40.39,40.47,38.75,38.94
159915,2026/07/08,39.29,40.36,38.58,39.26
159915,2026/07/09,39.69,40.90,39.28,40.60
159915,2026/07/10,41.18,43.26,40.37,40.37
159915,2026/07/13,41.44,43.66,41.12,42.63
159915,2026/07/14,42.99,44.67,41.25,41.61
159915,2026/07/15,41.41,43.01,40.87,41.61
159915,2026/07/16,43.04,44.36,41.81,42.52
159915,2026/07/17,43.79,56.29,43.79,47.63
159915,2026/07/20,48.66,51.82,43.92,48.72
159915,2026/07/21,48.38,50.57,42.23,42.76
159915,2026/07/22,43.31,43.65,40.96,41.00
159915,2026/07/23,45.00,45.00,44.00,44.00
159915,2026/07/24,39.30,39.75,37.60,38.45
159915,2026/07/27,39.03,39.03,36.11,36.28
159915,2026/07/28,40.75,46.55,40.06,46.15
159915,2026/07/29,45.67,50.95,45.25,47.54
159915,2026/07/30,48.60,58.26,48.60,52.81
159915,2026/07/31,50.63,50.63,45.43,47.31
510050,2015/02/09,28.80,28.76,27.83,28.63
510050,2015/02/10,28.63,29.44,28.50,28.75
510050,2015/02/11,26.47,26.47,26.18,26.44
510050,2015/02/12,26.39,26.39,25.77,25.80
510050,2015/02/13,24.29,24.29,22.81,23.41
510050,2015/02/16,23.56,24.64,23.56,23.71
510050,2015/02/17,23.71,25.22,23.66,24.30
510050,2015/02/25,26.02,27.00,26.02,26.33
510050,2015/02/26,26.33,26.40,25.17,26.10
510050,2015/02/27,26.75,27.38,26.75,27.04
510050,2015/03/02,28.01,28.71,28.01,28.05
510050,2015/03/03,28.05,29.03,27.95,28.45
510050,2015/03/04,27.89,27.89,26.79,27.68
510050,2015/03/05,27.18,27.18,26.35,26.67
510050,2015/03/06,26.67,26.68,25.48,26.47
510050,2015/03/09,26.71,27.57,26.71,27.22
510050,2015/03/10,26.49,26.49,25.92,26.22
510050,2015/03/11,26.22,26.60,25.29,25.86
510050,2015/03/12,25.86,26.71,25.34,25.93
510050,2015/03/13,25.69,25.69,24.76,25.01
510050,2015/03/16,25.10,25.50,24.80,25.20
510050,2015/03/17,25.14,25.34,24.91,25.25
510050,2015/03/18,25.25,25.99,25.03,25.14
510050,2015/03/19,27.23,27.86,27.23,27.30
510050,2015/03/20,26.92,26.92,25.94,26.47
510050,2015/03/23,28.58,29.08,28.58,28.76
510050,2015/03/24,29.94,30.88,29.94,30.67
510050,2015/03/25,30.63,30.63,29.75,30.16
510050,2015/03/26,29.96,29.96,28.17,29.06
510050,2015/03/27,29.06,29.43,28.64,29.28
510050,2015/03/30,28.55,28.55,27.76,27.87
510050,2015/03/31,29.61,30.63,29.61,30.09
510050,2015/04/01,30.14,31.09,30.14,30.36
510050,2015/04/02,31.37,32.05,31.37,31.77
510050,2015/04/03,31.42,31.42,30.23,31.17
510050,2015/04/07,29.78,29.78,29.44,29.51
510050,2015/04/08,31.51,32.53,31.51,31.98
510050,2015/04/09,34.45,35.72,34.45,35.06
510050,2015/04/10,33.46,33.46,33.30,33.41
510050,2015/04/13,36.66,37.61,36.66,36.86
510050,2015/04/14,39.79,40.38,39.79,40.15
510050,2015/04/15,40.15,40.96,39.51,40.13
510050,2015/04/16,38.28,38.28,37.26,37.36
510050,2015/04/17,41.22,42.41,41.22,41.57
510050,2015/04/20,47.38,47.97,47.38,47.75
510050,2015/04/21,47.39,47.39,46.63,46.90
510050,2015/04/22,45.17,45.17,43.41,44.28
510050,2015/04/23,44.28,44.90,44.07,44.72
510050,2015/04/24,45.01,46.32,45.01,45.65
510050,2015/04/27,45.65,45.79,44.75,44.88
510050,2015/04/28,46.21,47.24,46.21,46.59
510050,2015/04/29,46.59,47.21,46.27,46.61
510050,2015/04/30,46.61,47.12,45.96,46.55
510050,2015/05/04,46.55,46.67,45.96,46.13
510050,2015/05/05,46.13,46.39,44.86,45.46
510050,2015/05/06,45.46,46.31,45.00,45.55
510050,2015/05/07,46.61,46.94,46.61,46.78
510050,2015/05/08,45.17,45.17,44.86,44.97
510050,2015/05/11,45.69,45.82,45.69,45.78
510050,2015/05/12,45.78,46.60,45.07,45.97
510050,2015/05/13,45.97,46.98,45.54,46.03
510050,2015/05/14,45.55,45.55,44.53,44.96
510050,2015/05/15,42.39,42.39,40.81,41.44
510050,2015/05/18,37.56,37.56,36.57,37.48
510050,2015/05/19,37.48,38.15,36.44,37.28
510050,2015/05/20,41.47,42.42,41.47,41.52
510050,2015/05/21,41.66,42.67,41.66,42.05
510050,2015/05/22,42.72,43.35,42.72,43.01
510050,2015/05/25,45.49,46.07,45.49,45.80
510050,2015/05/26,45.80,45.86,44.97,45.81
510050,2015/05/27,46.84,47.91,46.84,46.91
510050,2015/05/28,46.91,47.57,46.35,46.63
510050,2015/05/29,46.63,47.70,46.34,47.29
510050,2015/06/01,47.29,48.08,47.07,47.22
510050,2015/06/02,47.22,48.22,47.08,47.61
510050,2015/06/03,47.61,48.76,47.25,47.90
510050,2015/06/04,47.17,47.17,46.13,46.57
510050,2015/06/05,46.57,46.94,45.74,46.60
510050,2015/06/08,44.59,44.59,42.82,43.66
510050,2015/06/09,47.43,48.48,47.43,47.55
510050,2015/06/10,47.77,48.43,47.77,48.07
510050,2015/06/11,48.84,50.05,48.84,49.74
510050,2015/06/12,49.74,50.36,48.89,49.76
510050,2015/06/15,49.04,49.04,47.45,48.06
510050,2015/06/16,47.85,47.85,46.34,47.27
510050,2015/06/17,47.27,47.43,47.25,47.31
510050,2015/06/18,47.31,47.61,46.15,47.08
510050,2015/06/19,47.08,47.46,46.47,46.90
510050,2015/06/23,51.03,51.52,51.03,51.17
510050,2015/06/24,51.64,52.63,51.64,52.05
510050,2015/06/25,47.96,47.96,46.73,47.42
510050,2015/06/26,47.98,48.39,47.98,48.08
510050,2015/06/29,59.47,60.18,59.47,60.09
510050,2015/06/30,60.09,60.11,58.84,59.21
510050,2015/07/01,56.58,56.58,55.11,55.91
510050,2015/07/02,57.15,57.55,57.15,57.54
510050,2015/07/03,55.21,55.21,54.30,55.15
510050,2015/07/06,59.69,60.16,59.69,60.08
510050,2015/07/07,55.42,55.42,54.56,54.84
510050,2015/07/08,52.26,52.26,50.88,51.70
510050,2015/07/09,54.94,55.68,54.94,55.34
510050,2015/07/10,54.28,54.28,53.35,54.02
510050,2015/07/13,53.71,53.71,52.35,52.96
510050,2015/07/14,50.24,50.24,48.87,49.31
510050,2015/07/15,45.63,45.63,44.74,45.06
510050,2015/07/16,41.65,41.65,41.51,41.63
510050,2015/07/17,39.60,39.60,38.60,39.33
510050,2015/07/20,39.26,39.26,37.95,38.73
510050,2015/07/21,38.73,39.32,37.85,38.79
510050,2015/07/22,35.46,35.46,34.36,35.26
510050,2015/07/23,33.53,33.53,32.04,32.98
510050,2015/07/24,32.98,33.58,32.26,33.09
510050,2015/07/27,30.79,30.79,29.91,30.41
510050,2015/07/28,39.03,40.26,39.03,39.52
510050,2015/07/29,40.94,42.03,40.94,41.79
510050,2015/07/30,38.39,38.39,37.20,37.43
510050,2015/07/31,39.25,40.62,39.25,40.17
510050,2015/08/03,40.38,40.97,40.38,40.45
510050,2015/08/04,40.43,40.43,39.16,40.02
510050,2015/08/05,40.13,40.60,40.13,40.26
510050,2015/08/06,40.66,42.24,40.66,41.51
510050,2015/08/07,41.18,41.18,39.87,40.79
510050,2015/08/10,40.79,41.39,40.72,40.75
510050,2015/08/11,40.75,40.87,39.80,40.18
510050,2015/08/12,39.87,39.87,38.95,39.83
510050,2015/08/13,39.73,39.73,39.19,39.61
510050,2015/08/14,39.61,40.24,38.91,39.65
510050,2015/08/17,39.84,40.81,39.84,40.06
510050,2015/08/18,39.41,39.41,38.23,39.07
510050,2015/08/19,37.58,37.58,36.97,37.42
510050,2015/08/20,37.86,38.25,37.86,38.03
510050,2015/08/21,35.27,35.27,35.06,35.20
510050,2015/08/24,32.00,36.13,32.00,35.61
510050,2015/08/25,37.00,48.82,37.00,48.34
510050,2015/08/26,48.00,64.70,48.00,63.79
510050,2015/08/27,61.42,61.42,60.37,61.14
510050,2015/08/28,61.14,62.00,60.26,61.16
510050,2015/08/31,62.19,62.29,62.19,62.28
510050,2015/09/01,63.21,63.60,63.21,63.33
510050,2015/09/02,61.60,61.60,60.74,60.88
510050,2015/09/07,59.87,59.87,58.78,59.49
510050,2015/09/08,58.00,58.00,47.87,47.98
510050,2015/09/09,46.45,46.45,44.74,45.63
510050,2015/09/10,42.70,42.70,41.15,41.78
510050,2015/09/11,41.33,41.33,40.65,40.86
510050,2015/09/14,41.42,42.72,41.42,42.35
510050,2015/09/15,44.18,44.93,44.18,44.63
510050,2015/09/16,42.06,42.06,41.08,41.34
510050,2015/09/17,41.34,41.42,40.31,41.06
510050,2015/09/18,40.25,40.25,40.15,40.19
510050,2015/09/21,40.19,40.66,38.90,39.81
510050,2015/09/22,37.62,37.62,36.59,37.17
510050,2015/09/23,38.46,39.64,38.46,38.93
510050,2015/09/24,38.17,38.17,37.04,37.63
510050,2015/09/25,35.03,35.03,34.89,34.91
510050,2015/09/28,32.18,32.18,31.74,31.93
510050,2015/09/29,31.87,31.87,30.20,31.10
510050,2015/09/30,30.90,30.90,29.74,30.65
510050,2015/10/08,31.38,32.20,31.38,31.70
510050,2015/10/09,30.40,30.40,29.17,30.07
510050,2015/10/12,30.07,30.56,29.14,30.07
510050,2015/10/13,31.50,32.16,31.50,31.95
510050,2015/10/14,31.95,32.56,31.55,31.71
510050,2015/10/15,30.37,30.37,28.78,29.66
510050,2015/10/16,29.66,29.94,29.21,29.26
510050,2015/10/19,29.66,31.15,29.66,30.34
510050,2015/10/20,30.37,31.50,30.37,30.99
510050,2015/10/21,32.31,33.70,32.31,32.76
510050,2015/10/22,32.56,32.56,31.22,31.80
510050,2015/10/23,31.04,31.04,30.63,30.64
510050,2015/10/26,32.11,32.81,32.11,32.39
510050,2015/10/27,31.01,31.01,30.40,30.86
510050,2015/10/28,31.59,32.28,31.59,31.72
510050,2015/10/29,31.72,32.21,31.54,31.76
510050,2015/10/30,29.48,29.48,28.66,28.96
510050,2015/11/02,29.19,30.69,29.19,29.84
510050,2015/11/03,29.84,30.34,29.42,30.01
510050,2015/11/04,30.12,31.08,30.12,30.25
510050,2015/11/05,32.02,32.46,32.02,32.16
510050,2015/11/06,32.16,32.64,31.47,32.45
510050,2015/11/09,41.10,42.05,41.10,41.93
510050,2015/11/10,43.06,44.05,43.06,43.10
510050,2015/11/11,40.37,40.37,38.92,39.62
510050,2015/11/12,38.78,38.78,37.80,38.70
510050,2015/11/13,38.11,38.11,36.79,37.74
510050,2015/11/16,38.07,39.07,38.07,38.37
510050,2015/11/17,38.37,38.64,37.64,37.72
510050,2015/11/18,37.72,37.97,36.87,37.03
510050,2015/11/19,36.41,36.41,35.08,35.99
510050,2015/11/20,34.36,34.36,33.42,34.04
510050,2015/11/23,33.89,33.89,32.30,33.22
510050,2015/11/24,32.61,32.61,31.17,31.83
510050,2015/11/25,32.21,32.37,32.21,32.28
510050,2015/11/26,30.06,30.06,29.27,29.70
510050,2015/11/27,33.85,35.36,33.85,34.58
510050,2015/11/30,34.58,35.39,33.68,34.53
510050,2015/12/01,34.28,34.28,32.86,33.73
510050,2015/12/02,33.30,33.30,31.70,32.45
510050,2015/12/03,32.45,33.12,32.14,32.53
510050,2015/12/04,32.53,33.38,31.51,32.49
510050,2015/12/07,31.75,31.75,31.08,31.60
510050,2015/12/08,31.60,31.84,30.73,31.46
510050,2015/12/09,31.46,31.91,30.51,31.12
510050,2015/12/10,31.00,31.00,30.01,30.86
510050,2015/12/11,30.86,31.14,30.35,30.77
510050,2015/12/14,30.77,31.83,30.49,31.09
510050,2015/12/15,30.51,30.51,29.92,30.47
510050,2015/12/16,30.33,30.33,30.02,30.28
510050,2015/12/17,29.94,29.94,28.89,29.27
510050,2015/12/18,26.75,26.75,25.27,26.08
510050,2015/12/21,26.08,27.17,25.65,26.61
510050,2015/12/22,27.13,27.84,27.13,27.69
510050,2015/12/23,27.98,28.20,27.98,28.04
510050,2015/12/24,27.47,27.47,26.45,27.19
510050,2015/12/25,27.14,27.14,26.20,26.28
510050,2015/12/28,28.03,29.00,28.03,28.13
510050,2015/12/29,27.33,27.33,27.11,27.28
510050,2015/12/30,27.28,27.64,27.05,27.46
510050,2015/12/31,27.79,28.22,27.79,27.95
510050,2016/01/04,33.36,34.02,33.36,33.44
510050,2016/01/05,32.96,32.96,32.09,32.18
510050,2016/01/06,31.79,31.79,31.29,31.51
510050,2016/01/07,24.25,24.25,22.65,23.33
510050,2016/01/08,35.17,35.40,35.17,35.22
510050,2016/01/11,34.69,34.69,33.68,33.81
510050,2016/01/12,35.16,36.19,35.16,35.91
510050,2016/01/13,35.38,35.38,34.34,34.72
510050,2016/01/14,37.18,38.20,37.18,37.80
510050,2016/01/15,35.58,35.58,34.80,35.49
510050,2016/01/18,36.91,37.93,36.91,37.24
510050,2016/01/19,37.24,37.72,36.70,37.35
510050,2016/01/20,37.35,37.72,35.88,36.81
510050,2016/01/21,35.16,35.16,34.22,35.12
510050,2016/01/22,35.12,35.27,33.96,34.87
510050,2016/01/25,34.87,35.19,34.66,34.74
510050,2016/01/26,32.05,32.05,31.31,32.02
510050,2016/01/27,37.91,39.33,37.91,38.46
510050,2016/01/28,38.08,38.08,37.20,37.67
510050,2016/01/29,38.37,39.04,38.37,38.95
510050,2016/02/01,37.29,37.29,35.65,36.37
510050,2016/02/02,35.22,35.22,34.54,35.14
510050,2016/02/03,34.96,34.96,34.26,34.80
510050,2016/02/04,34.80,35.02,33.69,34.52
510050,2016/02/05,34.70,35.65,34.70,35.38
510050,2016/02/15,36.90,37.65,36.90,37.39
510050,2016/02/16,36.92,36.92,36.64,36.65
510050,2016/02/17,35.66,35.66,35.42,35.50
510050,2016/02/18,34.13,34.13,32.99,33.79
510050,2016/02/19,33.04,33.04,32.03,32.22
510050,2016/02/22,31.62,31.62,30.45,31.44
510050,2016/02/23,31.76,32.75,31.76,32.38
510050,2016/02/24,32.38,33.03,32.09,32.48
510050,2016/02/25,33.63,34.80,33.63,33.85
510050,2016/02/26,33.35,33.35,31.99,32.53
510050,2016/02/29,32.53,33.21,32.46,32.63
510050,2016/03/01,31.54,31.54,31.38,31.51
510050,2016/03/02,33.12,33.88,33.12,33.15
510050,2016/03/03,33.15,33.45,32.64,33.12
510050,2016/03/04,33.12,33.32,33.00,33.01
510050,2016/03/07,33.69,34.45,33.69,33.82
510050,2016/03/08,33.82,34.12,32.99,33.42
510050,2016/03/09,33.42,33.94,33.21,33.47
510050,2016/03/10,33.47,34.39,33.44,33.64
510050,2016/03/11,33.64,34.11,33.22,33.64
510050,2016/03/14,33.46,33.46,32.78,33.28
510050,2016/03/15,33.25,33.25,32.37,32.64
510050,2016/03/16,32.64,32.82,31.80,31.89
510050,2016/03/17,31.55,31.55,30.51,31.25
510050,2016/03/18,31.25,31.96,30.87,31.16
510050,2016/03/21,31.34,31.68,31.34,31.56
510050,2016/03/22,32.80,33.51,32.80,33.11
510050,2016/03/23,33.35,34.35,33.35,34.04
510050,2016/03/24,33.53,33.53,32.40,32.90
510050,2016/03/25,31.78,31.78,30.08,30.98
510050,2016/03/28,30.98,31.72,30.71,31.10
510050,2016/03/29,31.10,32.07,30.35,31.21
510050,2016/03/30,30.96,30.96,30.15,30.87
510050,2016/03/31,30.87,31.62,30.12,30.96
510050,2016/04/01,30.53,30.53,29.58,30.50
510050,2016/04/05,30.28,30.28,29.62,30.19
510050,2016/04/06,30.19,30.22,29.45,29.96
510050,2016/04/07,28.88,28.88,28.64,28.80
510050,2016/04/08,27.80,27.80,26.71,27.66
510050,2016/04/11,27.66,27.87,27.32,27.63
510050,2016/04/12,27.14,27.14,25.67,26.65
510050,2016/04/13,26.65,26.74,26.19,26.50
510050,2016/04/14,26.27,26.27,25.93,26.06
510050,2016/04/15,26.06,26.24,25.53,26.05
510050,2016/04/18,26.12,26.28,26.12,26.19
510050,2016/04/19,25.77,25.77,24.58,25.49
510050,2016/04/20,25.49,26.60,24.79,25.62
510050,2016/04/21,25.62,25.94,24.55,25.05
510050,2016/04/22,24.84,24.84,23.79,24.52
510050,2016/04/25,25.06,25.60,25.06,25.16
510050,2016/04/26,25.16,25.63,25.15,25.53
510050,2016/04/27,25.53,25.55,24.59,25.47
510050,2016/04/28,25.27,25.27,24.07,24.40
510050,2016/04/29,23.80,23.80,23.43,23.58
510050,2016/05/03,23.58,23.71,22.64,23.41
510050,2016/05/04,23.24,23.24,22.44,22.86
510050,2016/05/05,22.86,22.99,21.96,22.53
510050,2016/05/06,23.33,23.80,23.33,23.49
510050,2016/05/09,25.69,27.04,25.69,26.11
510050,2016/05/10,25.13,25.13,24.07,24.89
510050,2016/05/11,23.53,23.53,22.81,23.47
510050,2016/05/12,23.47,24.05,23.16,23.45
510050,2016/05/13,22.83,22.83,22.27,22.79
510050,2016/05/16,22.79,23.31,21.84,22.50
510050,2016/05/17,22.42,22.42,21.09,22.03
510050,2016/05/18,22.03,22.97,21.86,22.13
510050,2016/05/19,21.65,21.65,20.51,21.42
510050,2016/05/20,21.42,21.46,20.25,20.54
510050,2016/05/23,20.18,20.18,19.23,19.82
510050,2016/05/24,19.70,19.70,19.49,19.64
510050,2016/05/25,19.96,20.87,19.96,20.28
510050,2016/05/26,19.16,19.16,18.18,18.90
510050,2016/05/27,18.90,19.36,18.16,18.37
510050,2016/05/30,18.54,19.08,18.54,18.57
510050,2016/05/31,21.19,22.36,21.19,21.51
510050,2016/06/01,21.09,21.09,19.96,20.86
510050,2016/06/02,20.74,20.74,19.96,20.69
510050,2016/06/03,20.76,21.47,20.76,20.79
510050,2016/06/06,20.79,20.97,19.98,20.88
510050,2016/06/07,20.88,21.31,20.34,20.67
510050,2016/06/08,20.67,21.37,20.31,21.01
510050,2016/06/13,22.75,23.97,22.75,23.06
510050,2016/06/14,21.96,21.96,21.54,21.88
510050,2016/06/15,20.61,20.61,18.74,19.70
510050,2016/06/16,19.60,19.60,19.25,19.34
510050,2016/06/17,19.10,19.10,18.06,18.49
510050,2016/06/20,19.25,20.12,19.25,19.33
510050,2016/06/21,19.33,19.46,18.89,19.24
510050,2016/06/22,19.80,20.46,19.80,19.84
510050,2016/06/23,20.31,21.25,20.31,20.34
510050,2016/06/24,20.40,21.03,20.40,20.71
510050,2016/06/27,20.71,21.31,19.78,20.43
510050,2016/06/28,20.43,20.55,19.58,19.67
510050,2016/06/29,19.74,19.81,19.04,19.23
510050,2016/06/30,19.21,19.27,18.44,18.58
510050,2016/07/01,18.79,18.79,18.21,18.21
510050,2016/07/04,19.04,19.08,18.24,18.27
510050,2016/07/05,18.73,18.84,18.55,18.64
510050,2016/07/06,18.95,18.99,18.59,18.65
510050,2016/07/07,18.77,19.30,18.77,19.30
510050,2016/07/08,19.44,19.58,19.27,19.30
510050,2016/07/11,19.85,19.88,18.95,19.00
510050,2016/07/12,19.15,19.18,18.42,18.91
510050,2016/07/13,19.44,19.91,19.40,19.69
510050,2016/07/14,19.87,20.05,19.44,19.49
510050,2016/07/15,19.64,19.79,19.40,19.55
510050,2016/07/18,20.41,20.47,20.15,20.31
510050,2016/07/19,20.43,20.54,20.17,20.40
510050,2016/07/20,20.38,20.50,20.02,20.22
510050,2016/07/21,20.37,20.76,20.15,20.27
510050,2016/07/22,20.42,20.45,19.95,20.00
510050,2016/07/25,20.86,20.93,19.81,19.87
510050,2016/07/26,20.15,20.20,19.42,19.46
510050,2016/07/27,19.65,21.29,19.45,20.32
510050,2016/07/28,20.06,20.33,18.88,18.89
510050,2016/07/29,19.14,19.15,18.66,18.75
510050,2016/08/01,19.54,19.54,18.75,18.76
510050,2016/08/02,18.90,19.01,18.25,18.29
510050,2016/08/03,18.58,18.58,17.80,17.84
510050,2016/08/04,18.01,18.01,17.45,17.45
510050,2016/08/05,17.72,17.72,17.06,17.11
510050,2016/08/08,17.82,18.08,16.99,17.01
510050,2016/08/09,17.18,17.19,16.51,16.64
510050,2016/08/10,16.80,16.90,16.65,16.65
510050,2016/08/11,16.85,17.26,16.65,16.80
510050,2016/08/12,16.92,17.73,16.79,17.69
510050,2016/08/15,17.55,20.50,17.45,20.19
510050,2016/08/16,21.45,21.56,19.29,19.36
510050,2016/08/17,19.63,19.80,19.21,19.34
510050,2016/08/18,19.51,19.95,19.37,19.48
510050,2016/08/19,19.37,20.57,19.31,19.45
510050,2016/08/22,20.07,20.48,19.67,19.73
510050,2016/08/23,19.80,20.02,19.31,19.42
510050,2016/08/24,19.74,19.74,19.31,19.47
510050,2016/08/25,19.78,20.21,19.70,19.71
510050,2016/08/26,20.03,20.03,19.43,19.60
510050,2016/08/29,20.39,20.42,20.11,20.12
510050,2016/08/30,20.15,20.36,19.93,20.10
510050,2016/08/31,20.50,20.50,20.16,20.47
510050,2016/09/01,20.64,20.80,20.48,20.53
510050,2016/09/02,20.53,20.53,20.24,20.38
510050,2016/09/05,21.05,21.05,20.33,20.34
510050,2016/09/06,20.45,20.45,20.10,20.14
510050,2016/09/07,20.32,20.41,20.03,20.12
510050,2016/09/08,20.17,20.17,19.65,19.66
510050,2016/09/09,19.83,19.83,18.56,18.60
510050,2016/09/12,19.84,20.05,19.31,19.31
510050,2016/09/13,19.00,19.00,17.32,17.55
510050,2016/09/14,17.59,17.82,17.55,17.63
510050,2016/09/19,18.60,18.60,17.43,17.45
510050,2016/09/20,17.64,17.69,17.00,17.06
510050,2016/09/21,17.22,17.35,16.96,17.35
510050,2016/09/22,17.43,17.52,16.26,16.26
510050,2016/09/23,16.17,16.43,15.80,15.81
510050,2016/09/26,16.47,16.60,16.02,16.30
510050,2016/09/27,16.88,17.01,16.34,16.50
510050,2016/09/28,16.60,16.68,16.45,16.59
510050,2016/09/29,16.50,16.50,15.42,15.44
510050,2016/09/30,15.50,16.33,15.49,16.31
510050,2016/10/10,18.29,18.29,16.75,16.78
510050,2016/10/11,16.92,16.93,16.10,16.13
510050,2016/10/12,16.31,16.31,16.06,16.08
510050,2016/10/13,16.31,16.31,15.77,15.78
510050,2016/10/14,15.94,15.97,15.21,15.21
510050,2016/10/17,15.76,15.86,14.82,14.88
510050,2016/10/18,15.01,15.25,14.47,15.24
510050,2016/10/19,15.55,15.73,15.44,15.64
510050,2016/10/20,15.70,15.70,15.19,15.19
510050,2016/10/21,15.21,15.39,14.93,14.97
510050,2016/10/24,15.71,16.94,15.53,15.91
510050,2016/10/25,16.12,16.48,15.92,16.14
510050,2016/10/26,16.27,16.74,16.27,16.37
510050,2016/10/27,16.58,16.58,15.75,15.97
510050,2016/10/28,16.15,16.75,16.04,16.11
510050,2016/10/31,16.67,16.78,16.10,16.11
510050,2016/11/01,16.31,16.44,16.09,16.35
510050,2016/11/02,16.77,16.78,16.38,16.68
510050,2016/11/03,16.77,18.28,16.77,17.74
510050,2016/11/04,18.02,18.34,17.84,17.86
510050,2016/11/07,18.43,19.34,18.36,19.01
510050,2016/11/08,19.27,19.38,18.57,18.59
510050,2016/11/09,18.71,19.73,18.23,18.37
510050,2016/11/10,18.42,18.46,16.93,17.03
510050,2016/11/11,16.72,16.94,16.19,16.27
510050,2016/11/14,16.76,17.38,16.75,17.00
510050,2016/11/15,17.16,17.27,16.89,16.92
510050,2016/11/16,17.14,17.15,16.59,16.60
510050,2016/11/17,16.69,16.78,16.23,16.24
510050,2016/11/18,16.25,16.25,14.25,15.87
510050,2016/11/21,16.31,16.35,15.61,15.65
510050,2016/11/22,15.90,16.22,15.65,16.14
510050,2016/11/23,16.45,16.87,16.28,16.35
510050,2016/11/24,16.34,16.60,16.03,16.13
510050,2016/11/25,16.61,16.68,15.92,16.03
510050,2016/11/28,14.63,16.01,14.16,15.62
510050,2016/11/29,15.51,16.26,13.72,14.86
510050,2016/11/30,16.57,17.84,16.35,16.39
510050,2016/12/01,16.39,17.01,15.77,15.83
510050,2016/12/02,16.01,16.22,15.86,16.22
510050,2016/12/05,17.34,17.34,16.24,16.32
510050,2016/12/06,16.45,16.64,15.62,15.67
510050,2016/12/07,15.82,16.28,15.15,15.15
510050,2016/12/08,15.28,15.45,14.08,14.15
510050,2016/12/09,14.32,15.14,13.67,14.55
510050,2016/12/12,15.10,15.65,14.02,15.44
510050,2016/12/13,15.62,16.10,15.38,15.43
510050,2016/12/14,15.54,15.86,15.33,15.85
510050,2016/12/15,16.07,17.24,14.86,17.17
510050,2016/12/16,17.96,18.38,16.44,16.48
510050,2016/12/19,17.39,17.60,16.68,16.97
510050,2016/12/20,17.24,18.44,16.85,18.42
510050,2016/12/21,18.55,18.64,17.08,17.38
510050,2016/12/22,17.53,18.02,17.29,17.66
510050,2016/12/23,17.79,17.90,17.43,17.51
510050,2016/12/26,18.30,19.15,17.58,17.63
510050,2016/12/27,17.86,18.46,17.72,18.41
510050,2016/12/28,18.54,18.74,18.26,18.28
510050,2016/12/29,18.18,18.18,17.31,17.34
510050,2016/12/30,17.48,17.55,17.10,17.22
510050,2017/01/03,17.80,18.00,15.69,15.86
510050,2017/01/04,15.94,16.05,14.72,14.74
510050,2017/01/05,15.20,15.20,14.50,14.73
510050,2017/01/06,14.86,14.86,14.25,14.49
510050,2017/01/09,14.97,14.99,14.11,14.12
510050,2017/01/10,14.30,14.33,13.68,13.83
510050,2017/01/11,14.04,14.04,13.60,13.78
510050,2017/01/12,14.11,14.19,13.76,13.79
510050,2017/01/13,13.94,13.97,13.11,13.29
510050,2017/01/16,13.82,14.04,12.80,13.34
510050,2017/01/17,13.54,13.54,12.28,12.32
510050,2017/01/18,12.43,12.55,12.06,12.07
510050,2017/01/19,12.58,12.59,12.08,12.08
510050,2017/01/20,12.26,12.26,11.64,11.70
510050,2017/01/23,12.16,12.16,11.63,11.66
510050,2017/01/24,11.95,12.10,11.51,11.63
510050,2017/01/25,11.82,12.04,11.41,11.43
510050,2017/01/26,11.58,12.12,10.94,11.32
510050,2017/02/03,12.91,13.23,12.10,12.43
510050,2017/02/06,13.01,13.56,11.91,12.51
510050,2017/02/07,12.70,12.70,11.88,11.92
510050,2017/02/08,12.09,12.78,11.38,12.78
510050,2017/02/09,12.91,17.72,12.26,12.63
510050,2017/02/10,12.78,12.78,12.43,12.44
510050,2017/02/13,12.96,12.96,12.04,12.04
510050,2017/02/14,12.21,15.40,11.29,11.37
510050,2017/02/15,11.44,11.52,10.92,11.10
510050,2017/02/16,11.20,11.33,10.94,11.19
510050,2017/02/17,11.28,15.26,11.04,11.64
510050,2017/02/20,12.09,12.16,11.71,12.05
510050,2017/02/21,12.19,13.58,12.14,12.29
510050,2017/02/22,12.36,12.48,11.87,11.87
510050,2017/02/23,11.85,15.67,11.05,11.06
510050,2017/02/24,11.13,11.41,10.96,11.24
510050,2017/02/27,11.60,12.14,11.55,12.10
510050,2017/02/28,12.18,12.18,11.75,11.94
510050,2017/03/01,12.11,12.11,11.59,11.72
510050,2017/03/02,11.82,12.25,11.62,12.03
510050,2017/03/03,12.24,12.37,11.33,11.34
510050,2017/03/06,11.95,12.35,11.05,11.79
510050,2017/03/07,11.28,11.91,10.87,11.60
510050,2017/03/08,11.70,11.85,10.80,10.82
510050,2017/03/09,10.87,11.10,10.31,10.57
510050,2017/03/10,10.73,10.79,10.28,10.29
510050,2017/03/13,10.78,11.01,10.33,10.63
510050,2017/03/14,10.69,11.38,10.37,10.78
510050,2017/03/15,10.87,11.50,10.41,11.49
510050,2017/03/16,10.88,11.19,10.31,10.34
510050,2017/03/17,10.48,10.62,9.96,10.12
510050,2017/03/20,10.54,10.95,10.09,10.10
510050,2017/03/21,10.33,10.41,9.91,10.11
510050,2017/03/22,10.32,10.66,10.06,10.10
510050,2017/03/23,10.13,10.17,9.19,9.45
510050,2017/03/24,9.60,9.68,9.16,9.43
510050,2017/03/27,9.94,10.41,9.79,10.25
510050,2017/03/28,10.35,10.53,10.10,10.35
510050,2017/03/29,10.39,10.45,9.86,10.04
510050,2017/03/30,10.16,10.51,9.92,9.93
510050,2017/03/31,10.00,10.19,9.65,9.65
510050,2017/04/05,10.62,10.62,10.07,10.07
510050,2017/04/06,10.34,10.48,10.06,10.09
510050,2017/04/07,10.19,10.19,9.94,10.05
510050,2017/04/10,10.53,10.53,10.08,10.12
510050,2017/04/11,10.15,10.39,9.90,9.98
510050,2017/04/12,10.13,10.22,9.97,9.97
510050,2017/04/13,10.12,10.30,9.98,9.99
510050,2017/04/14,10.08,10.64,10.07,10.42
510050,2017/04/17,10.78,11.42,10.21,10.25
510050,2017/04/18,10.36,10.47,10.22,10.31
510050,2017/04/19,10.37,11.28,10.33,10.67
510050,2017/04/20,10.77,10.83,10.16,10.19
510050,2017/04/21,10.37,10.37,9.57,9.72
510050,2017/04/24,9.99,12.53,9.99,10.07
510050,2017/04/25,10.40,10.40,9.64,9.67
510050,2017/04/26,9.86,10.49,9.12,9.29
510050,2017/04/27,9.43,9.67,9.06,9.10
510050,2017/04/28,9.10,9.36,9.06,9.13
510050,2017/05/02,9.48,9.58,9.03,9.09
510050,2017/05/03,9.06,9.27,8.99,9.06
510050,2017/05/04,9.17,9.43,8.89,9.00
510050,2017/05/05,9.10,10.17,9.04,9.29
510050,2017/05/08,9.63,9.86,9.22,9.25
510050,2017/05/09,9.43,9.43,8.83,8.84
510050,2017/05/10,8.98,9.58,8.28,8.38
510050,2017/05/11,8.54,8.84,8.31,8.31
510050,2017/05/12,8.40,9.03,7.95,8.75
510050,2017/05/15,9.17,9.19,8.86,8.87
510050,2017/05/16,8.96,9.08,8.67,8.67
510050,2017/05/17,8.80,8.92,8.56,8.56
510050,2017/05/18,8.62,8.79,8.30,8.49
510050,2017/05/19,8.54,8.76,8.42,8.64
510050,2017/05/22,8.94,9.08,8.35,8.47
510050,2017/05/23,8.49,8.74,8.18,8.59
510050,2017/05/24,8.64,9.59,8.59,8.70
510050,2017/05/25,8.80,13.01,8.56,12.35
510050,2017/05/26,12.47,13.40,10.80,10.88
510050,2017/05/31,12.25,13.17,11.60,12.03
510050,2017/06/01,12.57,12.89,12.10,12.12
510050,2017/06/02,12.89,13.44,12.75,12.90
510050,2017/06/05,13.46,13.46,12.37,12.46
510050,2017/06/06,12.56,12.89,12.26,12.48
510050,2017/06/07,12.73,13.95,12.57,13.83
510050,2017/06/08,13.94,14.38,13.81,14.23
510050,2017/06/09,14.39,15.57,14.35,15.09
510050,2017/06/12,15.58,16.33,15.24,15.45
510050,2017/06/13,15.60,15.76,15.09,15.09
510050,2017/06/14,15.33,15.44,14.24,14.49
510050,2017/06/15,14.70,14.74,13.76,13.90
510050,2017/06/16,14.00,14.09,13.26,13.28
510050,2017/06/19,13.80,13.86,13.25,13.69
510050,2017/06/20,13.90,14.28,13.83,13.99
510050,2017/06/21,14.21,14.48,13.31,13.37
510050,2017/06/22,13.37,14.80,13.07,13.61
510050,2017/06/23,13.78,14.04,13.35,13.90
510050,2017/06/26,15.06,15.72,15.05,15.38
510050,2017/06/27,15.64,15.65,14.79,14.86
510050,2017/06/28,15.10,15.26,14.91,15.04
510050,2017/06/29,14.94,15.16,14.47,14.47
510050,2017/06/30,14.65,14.84,14.34,14.40
510050,2017/07/03,14.86,14.90,14.05,14.07
510050,2017/07/04,14.20,14.24,13.29,13.30
510050,2017/07/05,13.47,14.30,13.32,14.22
510050,2017/07/06,14.37,14.51,13.68,13.82
510050,2017/07/07,13.92,14.11,13.85,13.88
510050,2017/07/10,14.35,14.40,13.86,13.90
510050,2017/07/11,14.49,14.59,13.68,13.73
510050,2017/07/12,13.84,14.86,13.81,14.78
510050,2017/07/13,14.95,15.09,14.63,14.78
510050,2017/07/14,15.97,16.24,15.62,15.76
510050,2017/07/17,16.67,17.88,16.12,17.35
510050,2017/07/18,17.59,18.09,16.91,16.92
510050,2017/07/19,17.18,17.45,16.30,16.99
510050,2017/07/20,17.25,20.31,17.14,17.20
510050,2017/07/21,17.38,17.76,16.08,16.15
510050,2017/07/24,16.90,16.90,15.57,15.71
510050,2017/07/25,16.02,16.39,15.36,15.38
510050,2017/07/26,15.57,15.96,15.36,15.93
510050,2017/07/27,16.08,16.51,15.86,15.88
510050,2017/07/28,16.02,16.31,15.52,15.57
510050,2017/07/31,16.19,16.26,15.63,15.75
510050,2017/08/01,15.85,15.93,15.05,15.06
510050,2017/08/02,15.28,15.86,14.76,14.82
510050,2017/08/03,15.64,16.81,15.20,15.27
510050,2017/08/04,15.38,15.68,14.92,14.94
510050,2017/08/07,15.60,15.67,15.24,15.37
510050,2017/08/08,15.51,15.68,14.99,14.99
510050,2017/08/09,15.17,15.32,14.25,14.25
510050,2017/08/10,14.44,14.50,13.53,13.68
510050,2017/08/11,14.02,14.80,13.87,14.60
510050,2017/08/14,15.26,15.36,14.02,14.27
510050,2017/08/15,14.43,14.43,13.99,14.00
510050,2017/08/16,14.18,14.45,13.80,13.92
510050,2017/08/17,14.01,14.03,13.64,13.69
510050,2017/08/18,14.18,14.62,13.42,13.46
510050,2017/08/21,13.91,14.10,13.09,13.10
510050,2017/08/22,13.26,14.85,12.41,12.46
510050,2017/08/23,12.57,13.41,12.57,13.11
510050,2017/08/24,13.24,13.29,12.74,12.78
510050,2017/08/25,12.97,14.85,12.70,13.83
510050,2017/08/28,14.57,15.64,14.12,14.32
510050,2017/08/29,15.09,18.42,14.71,14.94
510050,2017/08/30,14.98,15.19,14.66,14.67
510050,2017/08/31,14.81,15.02,14.56,14.59
510050,2017/09/01,14.89,14.95,14.50,14.50
510050,2017/09/04,15.01,15.19,14.81,15.01
510050,2017/09/05,15.21,15.35,14.94,14.99
510050,2017/09/06,15.18,15.30,14.88,15.22
510050,2017/09/07,15.37,15.42,14.69,14.71
510050,2017/09/08,14.94,14.95,14.41,14.46
510050,2017/09/11,14.99,15.23,14.78,15.11
510050,2017/09/12,15.37,15.50,15.08,15.17
510050,2017/09/13,15.31,15.55,15.20,15.31
510050,2017/09/14,15.46,15.50,13.95,14.06
510050,2017/09/15,14.30,14.34,13.61,13.62
510050,2017/09/18,14.20,14.38,13.51,13.70
510050,2017/09/19,13.92,13.95,12.93,12.94
510050,2017/09/20,13.13,13.18,12.80,12.81
510050,2017/09/21,13.01,13.20,12.54,12.75
510050,2017/09/22,12.90,13.07,12.58,12.59
510050,2017/09/25,13.03,13.32,12.80,12.82
510050,2017/09/26,13.03,13.14,12.54,12.73
510050,2017/09/27,12.89,13.09,12.22,12.31
510050,2017/09/28,12.16,12.20,10.53,10.53
510050,2017/09/29,10.72,11.15,10.67,11.12
510050,2017/10/09,13.56,14.22,11.47,11.58
510050,2017/10/10,11.78,12.04,11.51,11.64
510050,2017/10/11,11.77,11.92,10.86,11.06
510050,2017/10/12,11.19,11.33,10.60,10.68
510050,2017/10/13,10.84,10.92,10.60,10.66
510050,2017/10/16,11.06,11.13,10.39,10.55
510050,2017/10/17,11.17,11.17,10.57,10.66
510050,2017/10/18,10.67,10.82,10.21,10.26
510050,2017/10/19,10.24,10.54,10.19,10.46
510050,2017/10/20,10.68,10.72,10.16,10.46
510050,2017/10/23,10.96,10.96,10.28,10.33
510050,2017/10/24,10.58,11.73,10.55,11.59
510050,2017/10/25,11.73,12.15,11.25,11.35
510050,2017/10/26,11.58,11.74,11.12,11.16
510050,2017/10/27,11.67,12.05,10.61,10.72
510050,2017/10/30,11.27,11.72,11.19,11.59
510050,2017/10/31,11.72,11.84,10.85,10.93
510050,2017/11/01,11.09,11.11,10.54,10.62
510050,2017/11/02,10.82,10.92,10.50,10.57
510050,2017/11/03,10.69,10.82,10.38,10.41
510050,2017/11/06,10.89,11.05,10.52,10.67
510050,2017/11/07,10.79,12.83,10.30,10.41
510050,2017/11/08,10.80,11.25,10.72,10.76
510050,2017/11/09,10.88,11.20,10.86,10.86
510050,2017/11/10,11.13,11.78,11.06,11.43
510050,2017/11/13,11.82,12.91,11.50,11.52
510050,2017/11/14,12.65,12.90,12.21,12.21
510050,2017/11/15,12.27,12.58,12.26,12.31
510050,2017/11/16,12.32,12.51,11.99,12.03
510050,2017/11/17,12.14,12.86,12.14,12.65
510050,2017/11/20,13.36,14.69,13.36,14.56
510050,2017/11/21,14.50,16.18,14.50,14.54
510050,2017/11/22,14.83,17.39,14.52,15.36
510050,2017/11/23,16.04,16.54,14.92,16.10
510050,2017/11/24,16.41,17.14,16.26,16.92
510050,2017/11/27,17.67,18.50,17.61,18.02
510050,2017/11/28,15.04,15.68,14.87,15.06
510050,2017/11/29,15.40,16.38,15.00,15.68
510050,2017/11/30,15.83,16.87,15.55,16.80
510050,2017/12/01,17.09,18.30,16.98,17.99
510050,2017/12/04,18.65,18.97,15.94,16.03
510050,2017/12/05,16.24,16.24,14.28,15.33
510050,2017/12/06,15.47,17.28,15.46,16.24
510050,2017/12/07,16.37,17.18,15.70,15.75
510050,2017/12/08,15.87,16.54,14.98,15.03
510050,2017/12/11,15.68,15.88,14.63,14.68
510050,2017/12/12,14.86,15.33,14.76,15.24
510050,2017/12/13,15.35,15.63,14.82,15.15
510050,2017/12/14,15.34,15.70,14.92,15.00
510050,2017/12/15,15.15,16.01,14.94,15.18
510050,2017/12/18,15.83,15.88,15.28,15.35
510050,2017/12/19,15.48,15.60,14.86,15.12
510050,2017/12/20,15.32,15.72,15.27,15.31
510050,2017/12/21,15.50,15.63,14.76,14.76
510050,2017/12/22,14.97,15.17,14.68,14.69
510050,2017/12/25,15.42,15.72,14.87,15.32
510050,2017/12/26,15.49,15.68,14.85,15.13
510050,2017/12/27,15.12,16.79,14.99,16.79
510050,2017/12/28,16.71,16.81,15.23,15.51
510050,2017/12/29,15.70,15.70,14.13,14.27
510050,2018/01/02,16.10,16.10,14.73,15.03
510050,2018/01/03,15.40,15.46,14.53,14.81
510050,2018/01/04,14.96,15.07,14.53,14.67
510050,2018/01/05,14.78,14.98,14.42,14.45
510050,2018/01/08,15.04,15.32,14.75,14.81
510050,2018/01/09,14.98,15.01,14.26,14.27
510050,2018/01/10,14.46,14.73,14.29,14.64
510050,2018/01/11,14.87,15.65,14.78,14.95
510050,2018/01/12,15.15,15.22,14.32,14.32
510050,2018/01/15,14.92,15.72,14.83,15.46
510050,2018/01/16,15.61,16.10,15.61,15.99
510050,2018/01/17,16.29,18.64,16.22,16.90
510050,2018/01/18,16.96,18.91,16.85,18.89
510050,2018/01/19,19.12,19.58,17.99,18.88
510050,2018/01/22,19.80,19.87,18.80,18.88
510050,2018/01/23,20.18,20.18,18.48,19.28
510050,2018/01/24,19.70,21.20,19.61,21.04
510050,2018/01/25,20.98,21.08,18.71,18.78
510050,2018/01/26,18.81,19.12,16.95,17.11
510050,2018/01/29,17.91,18.58,16.99,18.49
510050,2018/01/30,18.83,18.90,15.78,16.08
510050,2018/01/31,16.32,17.44,16.21,17.15
510050,2018/02/01,17.34,17.63,16.77,16.79
510050,2018/02/02,17.19,18.15,16.84,17.03
510050,2018/02/05,18.39,19.10,18.04,18.55
510050,2018/02/06,19.53,22.62,19.47,22.20
510050,2018/02/07,21.64,24.30,20.15,24.06
510050,2018/02/08,24.29,26.54,24.29,25.67
510050,2018/02/09,27.00,38.34,27.00,33.06
510050,2018/02/12,35.23,35.56,24.82,28.19
510050,2018/02/13,28.39,28.39,25.40,27.53
510050,2018/02/14,27.72,27.75,26.14,27.32
510050,2018/02/22,27.32,27.66,27.07,27.07
510050,2018/02/23,26.98,26.98,23.97,23.97
510050,2018/02/26,23.98,24.90,23.92,24.32
510050,2018/02/27,24.35,25.70,24.20,25.59
510050,2018/02/28,24.60,25.99,24.60,25.97
510050,2018/03/01,25.98,25.98,24.00,24.08
510050,2018/03/02,24.08,24.20,23.50,23.60
510050,2018/03/05,23.60,23.70,22.07,22.17
510050,2018/03/06,22.15,22.17,21.07,21.15
510050,2018/03/07,21.17,21.98,21.12,21.85
510050,2018/03/08,21.84,21.84,20.93,20.93
510050,2018/03/09,20.92,20.98,20.30,20.38
510050,2018/03/12,20.36,21.45,20.30,21.29
510050,2018/03/13,21.30,21.80,21.02,21.69
510050,2018/03/14,21.78,21.97,20.23,20.81
510050,2018/03/15,20.71,20.91,19.98,20.17
510050,2018/03/16,20.70,20.72,19.77,20.59
510050,2018/03/19,20.73,20.99,20.58,20.81
510050,2018/03/20,21.22,21.34,20.31,20.59
510050,2018/03/21,20.86,21.11,20.21,21.11
510050,2018/03/22,20.95,21.62,20.35,20.57
510050,2018/03/23,21.20,23.15,21.20,23.15
510050,2018/03/26,24.70,25.52,22.56,23.11
510050,2018/03/27,23.27,23.27,21.52,21.79
510050,2018/03/28,21.92,22.48,21.06,21.40
510050,2018/03/29,25.50,25.97,24.43,25.38
510050,2018/03/30,25.34,26.01,24.43,24.85
510050,2018/04/02,25.30,25.50,24.22,24.47
510050,2018/04/03,25.13,25.16,24.12,24.38
510050,2018/04/04,24.36,24.40,23.60,24.10
510050,2018/04/09,24.71,24.73,24.58,24.66
510050,2018/04/10,24.66,24.77,22.65,23.01
510050,2018/04/11,23.30,23.36,22.86,23.21
510050,2018/04/12,23.39,23.80,23.20,23.69
510050,2018/04/13,23.40,23.80,23.20,23.79
510050,2018/04/16,25.10,25.65,25.00,25.25
510050,2018/04/17,25.25,25.89,25.12,25.32
510050,2018/04/18,25.20,25.47,24.86,24.90
510050,2018/04/19,25.15,25.15,23.27,23.30
510050,2018/04/20,23.65,23.71,22.37,22.60
510050,2018/04/23,23.40,23.40,22.49,22.51
510050,2018/04/24,22.71,22.93,21.09,22.56
510050,2018/04/25,22.95,23.97,22.23,22.30
510050,2018/04/26,22.30,22.90,22.20,22.60
510050,2018/04/27,22.85,24.37,22.49,23.39
510050,2018/05/02,24.93,25.25,24.84,25.13
510050,2018/05/03,25.26,25.68,24.76,25.30
510050,2018/05/04,25.50,25.86,25.43,25.66
510050,2018/05/07,26.44,26.60,25.34,25.46
510050,2018/05/08,25.54,25.59,24.06,24.13
510050,2018/05/09,24.37,24.44,23.50,23.68
510050,2018/05/10,23.68,23.68,22.26,22.27
510050,2018/05/11,22.40,22.47,21.68,21.78
510050,2018/05/14,22.31,22.43,20.51,20.52
510050,2018/05/15,20.76,20.80,19.09,19.57
510050,2018/05/16,19.88,20.16,19.20,20.16
510050,2018/05/17,19.99,20.13,18.72,18.78
510050,2018/05/18,18.82,18.82,16.97,18.36
510050,2018/05/21,18.78,19.12,17.54,17.95
510050,2018/05/22,18.16,18.32,17.23,17.91
510050,2018/05/23,17.80,18.59,17.51,18.57
510050,2018/05/24,17.84,18.62,17.22,17.98
510050,2018/05/25,18.02,18.37,17.56,17.99
510050,2018/05/28,18.43,18.77,17.89,18.20
510050,2018/05/29,18.57,19.02,18.42,18.80
510050,2018/05/30,19.09,21.47,19.09,21.47
510050,2018/05/31,20.83,21.16,19.76,20.27
510050,2018/06/01,20.42,20.62,20.25,20.47
510050,2018/06/04,20.55,20.61,19.08,19.52
510050,2018/06/05,19.57,19.64,18.54,18.74
510050,2018/06/06,19.10,19.10,18.57,18.86
510050,2018/06/07,18.87,18.87,18.00,18.23
510050,2018/06/08,18.23,19.76,18.23,19.24
510050,2018/06/11,19.95,20.26,19.35,20.04
510050,2018/06/12,20.35,20.35,18.85,18.94
510050,2018/06/13,19.19,19.28,18.91,19.25
510050,2018/06/14,19.56,19.99,18.91,19.62
510050,2018/06/15,19.84,20.35,19.47,20.02
510050,2018/06/19,21.99,25.08,21.72,23.67
510050,2018/06/20,23.82,23.82,21.09,21.14
510050,2018/06/21,21.30,21.40,19.34,19.86
510050,2018/06/22,20.10,20.60,19.37,19.39
510050,2018/06/25,20.19,20.49,19.54,20.49
510050,2018/06/26,21.13,22.76,20.20,20.60
510050,2018/06/27,21.06,22.64,20.41,22.15
510050,2018/06/28,22.97,24.19,22.41,22.90
510050,2018/06/29,22.91,23.23,20.81,21.16
510050,2018/07/02,23.43,27.01,23.32,26.38
510050,2018/07/03,25.55,27.62,25.00,25.93
510050,2018/07/04,26.48,27.57,26.48,27.12
510050,2018/07/05,27.40,28.19,26.60,27.43
510050,2018/07/06,27.06,28.00,25.64,25.72
510050,2018/07/09,26.11,26.11,22.71,22.74
510050,2018/07/10,23.65,24.44,22.74,22.83
510050,2018/07/11,26.19,27.61,25.43,25.52
510050,2018/07/12,25.57,25.57,22.58,23.35
510050,2018/07/13,23.95,24.64,23.52,23.52
510050,2018/07/16,24.60,24.64,23.46,23.46
510050,2018/07/17,23.97,24.46,22.86,22.90
510050,2018/07/18,22.62,22.62,21.07,21.86
510050,2018/07/19,21.45,21.45,20.27,20.73
510050,2018/07/20,22.52,22.93,20.51,21.30
510050,2018/07/23,22.96,23.00,21.21,21.37
510050,2018/07/24,23.60,23.85,23.07,23.30
510050,2018/07/25,23.70,24.16,23.25,23.28
510050,2018/07/26,23.53,23.57,22.59,22.61
510050,2018/07/27,22.88,23.26,21.60,21.68
510050,2018/07/30,22.60,22.64,21.83,22.02
510050,2018/07/31,22.38,22.45,21.94,21.94
510050,2018/08/01,22.47,24.05,21.95,23.80
510050,2018/08/02,24.20,26.22,24.09,24.73
510050,2018/08/03,25.17,25.80,24.55,24.89
510050,2018/08/06,25.69,26.34,24.81,25.73
510050,2018/08/07,25.60,26.19,25.04,25.28
510050,2018/08/08,25.43,25.92,25.34,25.43
510050,2018/08/09,25.76,25.87,24.87,25.32
510050,2018/08/10,25.35,25.70,24.35,24.53
510050,2018/08/13,25.86,26.43,24.98,25.33
510050,2018/08/14,25.45,25.82,25.11,25.19
510050,2018/08/15,25.55,26.37,25.45,25.92
510050,2018/08/16,27.00,28.06,26.01,26.17
510050,2018/08/17,26.06,26.77,25.86,26.35
510050,2018/08/20,27.23,27.39,26.29,26.30
510050,2018/08/21,26.53,26.56,23.92,23.95
510050,2018/08/22,24.28,24.35,22.90,22.97
510050,2018/08/23,22.97,22.97,21.60,21.97
510050,2018/08/24,22.24,22.37,21.08,21.91
510050,2018/08/27,22.32,22.68,21.95,22.03
510050,2018/08/28,22.21,22.43,21.86,22.21
510050,2018/08/29,22.59,22.81,22.45,22.70
510050,2018/08/30,22.68,23.02,22.05,22.72
510050,2018/08/31,23.28,23.48,22.41,22.42
510050,2018/09/03,22.46,23.03,22.46,23.03
510050,2018/09/04,23.03,23.17,21.98,22.10
510050,2018/09/05,22.37,23.37,22.35,23.25
510050,2018/09/06,23.87,24.09,23.39,23.84
510050,2018/09/07,23.78,23.94,23.21,23.39
510050,2018/09/10,23.39,24.74,23.39,24.54
510050,2018/09/11,24.63,24.69,23.90,23.96
510050,2018/09/12,23.96,24.23,23.65,23.65
510050,2018/09/13,23.73,23.90,23.00,23.10
510050,2018/09/14,23.25,23.25,21.45,21.58
510050,2018/09/17,22.41,22.42,20.94,20.94
510050,2018/09/18,21.13,21.14,19.57,20.37
510050,2018/09/19,20.55,20.62,18.83,19.19
510050,2018/09/20,19.35,19.35,18.39,18.39
510050,2018/09/21,18.75,19.35,18.35,19.25
510050,2018/09/25,20.93,21.30,20.44,20.47
510050,2018/09/26,20.76,22.01,20.36,21.11
510050,2018/09/27,21.56,21.56,20.52,20.60
510050,2018/09/28,20.75,22.01,20.58,21.78
510050,2018/10/08,26.00,27.23,24.23,24.40
510050,2018/10/09,24.05,24.05,22.94,23.11
510050,2018/10/10,23.22,23.22,22.56,23.12
510050,2018/10/11,25.37,25.70,24.04,25.56
510050,2018/10/12,26.50,26.71,25.35,25.83
510050,2018/10/15,26.75,27.11,26.56,26.85
510050,2018/10/16,26.88,26.88,25.37,26.38
510050,2018/10/17,25.90,27.36,25.87,26.53
510050,2018/10/18,26.84,28.27,26.84,28.08
510050,2018/10/19,28.50,29.07,25.62,26.04
510050,2018/10/22,26.83,26.85,25.41,26.15
510050,2018/10/23,26.63,27.67,26.45,27.46
510050,2018/10/24,27.92,28.49,27.08,27.44
510050,2018/10/25,29.60,29.86,28.34,28.47
510050,2018/10/26,28.68,29.98,28.67,29.37
510050,2018/10/29,31.50,32.12,31.50,31.81
510050,2018/10/30,32.22,32.78,31.79,31.79
510050,2018/10/31,32.27,32.61,31.01,31.10
510050,2018/11/01,29.44,29.51,28.47,29.06
510050,2018/11/02,29.38,29.40,28.28,28.28
510050,2018/11/05,29.79,30.36,29.79,30.13
510050,2018/11/06,30.47,30.91,30.47,30.84
510050,2018/11/07,30.92,31.08,30.73,30.90
510050,2018/11/08,30.73,30.94,30.42,30.43
510050,2018/11/09,31.04,31.57,30.89,31.01
510050,2018/11/12,31.83,32.04,31.19,31.33
510050,2018/11/13,31.88,31.89,30.49,30.59
510050,2018/11/14,30.90,30.93,30.04,30.04
510050,2018/11/15,30.49,30.49,29.12,29.33
510050,2018/11/16,29.61,29.61,28.45,28.68
510050,2018/11/19,29.64,29.67,28.13,28.13
510050,2018/11/20,28.54,28.59,27.04,27.24
510050,2018/11/21,27.54,27.73,26.99,27.13
510050,2018/11/22,27.41,27.54,26.26,26.35
510050,2018/11/23,26.52,26.52,25.34,25.62
510050,2018/11/26,26.63,26.75,25.34,25.76
510050,2018/11/27,25.98,26.03,24.87,24.88
510050,2018/11/28,25.11,25.11,23.85,24.19
510050,2018/11/29,24.15,24.38,23.68,24.33
510050,2018/11/30,24.13,24.95,23.68,24.90
510050,2018/12/03,24.26,24.62,22.81,22.82
510050,2018/12/04,22.23,22.26,20.76,20.83
510050,2018/12/05,20.92,21.24,20.71,20.78
510050,2018/12/06,20.49,21.22,20.49,20.94
510050,2018/12/07,21.00,21.05,19.80,19.91
510050,2018/12/10,20.50,20.65,19.83,20.36
510050,2018/12/11,20.47,20.47,20.03,20.33
510050,2018/12/12,20.44,20.44,20.02,20.17
510050,2018/12/13,20.27,20.27,19.15,19.20
510050,2018/12/14,19.41,19.67,19.23,19.44
510050,2018/12/17,20.21,21.00,20.21,20.33
510050,2018/12/18,20.58,21.12,20.52,20.64
510050,2018/12/19,20.91,20.99,20.54,20.75
510050,2018/12/20,21.50,24.00,21.47,23.20
510050,2018/12/21,23.39,25.33,23.36,23.78
510050,2018/12/24,25.94,26.05,22.80,22.83
510050,2018/12/25,23.80,24.49,23.49,23.85
510050,2018/12/26,24.01,24.70,23.38,23.38
510050,2018/12/27,23.81,23.90,23.07,23.13
510050,2018/12/28,23.08,23.08,22.64,22.71
510050,2019/01/02,23.48,23.48,22.13,22.22
510050,2019/01/03,22.37,22.37,21.33,21.68
510050,2019/01/04,22.28,22.33,21.19,21.20
510050,2019/01/07,21.79,22.17,21.49,21.61
510050,2019/01/08,21.67,21.70,20.55,20.69
510050,2019/01/09,20.43,20.43,18.67,18.87
510050,2019/01/10,19.07,19.13,18.27,18.52
510050,2019/01/11,18.49,18.50,17.92,18.15
510050,2019/01/14,18.45,18.94,18.33,18.45
510050,2019/01/15,18.46,18.46,17.35,17.61
510050,2019/01/16,17.78,17.78,16.55,16.60
510050,2019/01/17,16.71,17.21,16.57,17.21
510050,2019/01/18,17.12,17.92,16.97,17.67
510050,2019/01/21,18.52,19.92,18.38,18.93
510050,2019/01/22,19.21,19.30,17.39,17.46
510050,2019/01/23,17.84,17.89,16.84,16.90
510050,2019/01/24,16.60,16.73,15.33,15.39
510050,2019/01/25,15.42,15.47,14.77,15.02
510050,2019/01/28,15.97,16.59,15.97,16.54
510050,2019/01/29,16.90,17.86,16.89,17.81
510050,2019/01/30,18.19,18.85,18.16,18.30
510050,2019/01/31,18.42,18.47,17.77,18.03
510050,2019/02/01,19.09,19.33,18.63,18.63
510050,2019/02/11,21.00,21.00,19.02,19.05
510050,2019/02/12,19.17,19.34,18.39,18.54
510050,2019/02/13,18.70,20.17,18.63,20.00
510050,2019/02/14,22.28,23.29,21.91,21.95
510050,2019/02/15,23.12,23.32,19.99,20.32
510050,2019/02/18,21.30,22.13,21.22,21.99
510050,2019/02/19,23.61,23.61,22.60,22.86
510050,2019/02/20,24.15,24.43,22.93,23.65
510050,2019/02/21,24.82,24.87,21.83,22.58
510050,2019/02/22,23.84,23.98,22.02,22.36
510050,2019/02/25,24.10,23.80,34.21,32.80
510050,2019/02/26,34.30,36.51,30.06,30.98
510050,2019/02/27,30.95,31.75,30.41,30.93
510050,2019/02/28,31.08,31.09,28.85,29.13
510050,2019/03/01,28.60,28.60,27.26,27.32
510050,2019/03/04,28.63,32.69,28.63,29.60
510050,2019/03/05,29.91,30.74,29.91,30.52
510050,2019/03/06,30.55,32.07,30.55,31.51
510050,2019/03/07,31.89,32.65,31.89,32.65
510050,2019/03/08,32.51,33.56,31.82,33.02
510050,2019/03/11,33.17,33.54,28.90,30.11
510050,2019/03/12,30.27,31.21,29.55,30.11
510050,2019/03/13,30.40,30.95,29.60,30.00
510050,2019/03/14,30.10,30.40,27.40,28.20
510050,2019/03/15,28.34,28.34,26.86,27.19
510050,2019/03/18,29.67,30.41,27.39,27.39
510050,2019/03/19,29.20,30.22,29.20,29.85
510050,2019/03/20,29.78,30.05,29.17,29.37
510050,2019/03/21,29.65,30.55,29.50,30.17
510050,2019/03/22,30.48,30.92,29.71,29.63
510050,2019/03/25,31.50,31.50,27.55,27.70
510050,2019/03/26,28.83,28.85,27.00,27.18
510050,2019/03/27,27.74,27.74,26.21,26.30
510050,2019/03/28,26.10,26.13,25.50,25.50
510050,2019/03/29,26.43,29.47,25.85,27.33
510050,2019/04/01,29.32,31.11,29.05,29.41
510050,2019/04/02,30.57,31.02,29.10,29.92
510050,2019/04/03,29.76,30.41,29.20,29.41
510050,2019/04/04,30.15,31.88,30.15,31.00
510050,2019/04/08,34.03,34.03,31.84,32.50
510050,2019/04/09,33.24,33.24,30.86,31.06
510050,2019/04/10,31.31,31.31,30.38,31.21
510050,2019/04/11,31.59,32.00,30.71,31.00
510050,2019/04/12,31.13,31.13,28.07,28.16
510050,2019/04/15,30.37,30.73,28.09,28.13
510050,2019/04/16,28.23,29.14,27.46,28.38
510050,2019/04/17,28.46,29.89,28.42,28.70
510050,2019/04/18,29.18,29.70,28.63,28.71
510050,2019/04/19,29.89,29.89,27.97,28.40
510050,2019/04/22,30.43,30.43,29.10,29.50
510050,2019/04/23,29.89,29.89,27.64,27.64
510050,2019/04/24,27.61,28.17,26.70,27.07
510050,2019/04/25,27.15,27.16,26.37,26.74
510050,2019/04/26,26.97,26.99,25.91,25.94
510050,2019/04/29,26.90,27.08,25.34,25.39
510050,2019/04/30,25.77,26.45,25.43,25.59
510050,2019/05/06,28.63,32.10,28.17,29.41
510050,2019/05/07,28.96,28.96,26.11,26.24
510050,2019/05/08,27.82,28.08,26.14,27.20
510050,2019/05/09,27.15,30.76,27.15,29.04
510050,2019/05/10,28.88,31.51,28.36,29.04
510050,2019/05/13,30.00,30.00,27.73,27.73
510050,2019/05/14,28.38,28.66,26.65,26.68
510050,2019/05/15,26.64,26.64,24.44,25.09
510050,2019/05/16,24.70,24.70,23.81,23.93
510050,2019/05/17,23.70,24.49,23.40,23.75
510050,2019/05/20,23.56,25.17,23.21,23.21
510050,2019/05/21,23.30,23.30,22.35,22.47
510050,2019/05/22,22.60,22.70,21.30,21.55
510050,2019/05/23,21.97,22.60,21.67,22.17
510050,2019/05/24,21.95,22.07,21.24,21.76
510050,2019/05/27,23.10,23.42,22.66,23.09
510050,2019/05/28,23.44,23.44,22.01,22.25
510050,2019/05/29,22.57,22.90,20.48,21.55
510050,2019/05/30,22.05,22.59,21.43,21.78
510050,2019/05/31,22.19,22.49,21.74,22.37
510050,2019/06/03,23.48,23.87,22.52,23.15
510050,2019/06/04,23.38,23.80,23.38,23.68
510050,2019/06/05,23.60,23.92,23.19,23.33
510050,2019/06/06,23.52,23.94,23.10,23.41
510050,2019/06/10,24.21,24.21,22.15,22.30
510050,2019/06/11,22.20,22.49,20.44,21.62
510050,2019/06/12,21.85,22.16,21.41,21.66
510050,2019/06/13,21.53,21.72,20.87,20.87
510050,2019/06/14,21.00,21.50,20.82,21.15
510050,2019/06/17,21.98,21.98,20.87,21.09
510050,2019/06/18,21.14,21.38,20.30,20.30
510050,2019/06/19,21.13,21.33,19.32,19.55
510050,2019/06/20,19.60,25.96,19.35,23.12
510050,2019/06/21,25.77,25.94,24.38,25.27
510050,2019/06/24,26.14,26.80,25.79,26.22
510050,2019/06/25,26.31,27.11,25.51,26.31
510050,2019/06/26,26.51,26.69,25.56,26.02
510050,2019/06/27,24.59,26.99,25.72,26.99
510050,2019/06/28,27.20,28.00,27.00,27.95
510050,2019/07/01,29.42,29.42,25.38,25.69
510050,2019/07/02,25.68,25.68,24.57,24.78
510050,2019/07/03,25.09,25.09,23.50,23.80
510050,2019/07/04,23.87,23.91,22.97,23.38
510050,2019/07/05,23.36,24.09,23.10,24.07
510050,2019/07/08,24.34,25.20,23.03,23.31
510050,2019/07/09,23.29,23.29,22.01,22.29
510050,2019/07/10,22.48,22.62,22.15,22.36
510050,2019/07/11,22.49,22.77,22.12,22.70
510050,2019/07/12,22.82,22.86,22.27,22.58
510050,2019/07/15,23.21,23.21,22.31,22.68
510050,2019/07/16,22.79,23.02,22.67,23.01
510050,2019/07/17,23.28,23.37,22.38,22.57
510050,2019/07/18,22.62,22.84,22.25,22.41
510050,2019/07/19,22.50,23.34,22.28,23.33
510050,2019/07/22,24.30,24.30,21.96,22.05
510050,2019/07/23,21.90,21.91,20.51,20.76
510050,2019/07/24,20.75,20.75,19.45,19.78
510050,2019/07/25,18.90,18.90,17.70,18.16
510050,2019/07/26,18.20,18.76,18.20,18.49
510050,2019/07/29,19.58,19.60,19.11,19.58
510050,2019/07/30,19.61,19.68,19.28,19.63
510050,2019/07/31,19.78,20.04,19.54,19.98
510050,2019/08/01,20.03,20.03,17.99,17.99
510050,2019/08/02,18.83,19.88,18.65,18.68
510050,2019/08/05,19.33,20.59,18.89,20.59
510050,2019/08/06,22.80,25.32,21.54,22.21
510050,2019/08/07,21.55,21.88,20.68,21.28
510050,2019/08/08,20.89,20.90,20.19,20.77
510050,2019/08/09,20.60,20.69,20.17,20.15
510050,2019/08/12,20.33,20.56,20.03,20.46
510050,2019/08/13,20.64,20.67,20.28,20.38
510050,2019/08/14,19.95,20.03,19.69,19.80
510050,2019/08/15,20.51,20.84,19.89,20.45
510050,2019/08/16,20.52,20.88,20.18,20.34
510050,2019/08/19,21.12,21.33,20.60,21.04
510050,2019/08/20,21.03,21.72,20.65,20.83
510050,2019/08/21,20.84,20.88,19.79,19.99
510050,2019/08/22,19.98,20.10,19.49,19.80
510050,2019/08/23,19.67,20.42,19.53,20.07
510050,2019/08/26,21.60,21.62,21.07,21.23
510050,2019/08/27,20.00,20.23,19.90,20.18
510050,2019/08/28,20.11,20.33,19.88,19.97
510050,2019/08/29,19.49,19.83,19.12,19.13
510050,2019/08/30,18.89,19.26,18.60,19.26
510050,2019/09/02,19.34,19.34,18.48,18.48
510050,2019/09/03,18.60,18.60,18.30,18.44
510050,2019/09/04,18.10,18.15,17.90,17.99
510050,2019/09/05,18.34,21.17,18.34,18.77
510050,2019/09/06,19.44,19.46,18.95,19.28
510050,2019/09/09,21.37,21.37,19.83,20.40
510050,2019/09/10,20.75,20.75,19.99,20.22
510050,2019/09/11,20.04,20.09,19.62,19.79
510050,2019/09/12,19.80,19.83,19.19,19.59
510050,2019/09/16,19.58,19.86,18.59,18.72
510050,2019/09/17,18.20,18.70,18.16,18.34
510050,2019/09/18,18.13,18.16,17.45,17.90
510050,2019/09/19,17.51,17.79,17.25,17.65
510050,2019/09/20,17.57,17.57,17.00,17.01
510050,2019/09/23,17.31,17.93,17.05,17.05
510050,2019/09/24,16.77,16.95,16.47,16.63
510050,2019/09/25,16.75,16.88,16.56,16.88
510050,2019/09/26,16.83,17.15,16.53,17.14
510050,2019/09/27,17.49,18.28,17.46,17.53
510050,2019/09/30,18.75,19.00,17.46,17.76
510050,2019/10/08,19.32,19.32,16.32,16.32
510050,2019/10/09,16.30,16.43,15.86,16.00
510050,2019/10/10,16.02,16.56,15.94,16.19
510050,2019/10/11,16.19,17.00,15.77,16.24
510050,2019/10/14,17.35,17.35,15.63,15.69
510050,2019/10/15,15.61,15.68,15.03,15.22
510050,2019/10/16,15.23,15.61,14.35,14.48
510050,2019/10/17,14.68,15.40,14.68,15.40
510050,2019/10/18,15.62,16.20,14.92,15.38
510050,2019/10/21,15.38,15.39,14.43,14.50
510050,2019/10/22,14.35,14.69,14.21,14.34
510050,2019/10/23,14.42,14.65,14.24,14.52
510050,2019/10/24,14.00,14.19,13.66,13.85
510050,2019/10/25,14.15,14.28,13.53,13.61
510050,2019/10/28,14.38,14.60,13.91,13.97
510050,2019/10/29,14.18,14.43,13.93,14.13
510050,2019/10/30,14.27,14.43,14.11,14.39
510050,2019/10/31,14.46,14.76,14.36,14.67
510050,2019/11/01,14.82,14.88,13.98,14.45
510050,2019/11/04,14.85,15.20,14.33,14.80
510050,2019/11/05,14.95,16.36,14.93,15.11
510050,2019/11/06,15.27,15.53,14.82,14.90
510050,2019/11/07,15.04,15.51,14.88,15.04
510050,2019/11/08,15.59,15.73,15.13,15.19
510050,2019/11/11,15.16,15.55,14.98,15.44
510050,2019/11/12,15.46,15.52,14.86,14.88
510050,2019/11/13,14.98,15.28,14.98,15.13
510050,2019/11/14,15.24,15.42,15.12,15.39
510050,2019/11/15,15.54,16.03,15.38,15.41
510050,2019/11/18,16.11,16.11,14.62,14.62
510050,2019/11/19,14.78,14.78,13.72,14.17
510050,2019/11/20,13.85,14.10,13.45,13.75
510050,2019/11/21,13.90,14.31,13.54,13.96
510050,2019/11/22,13.98,14.59,13.45,14.45
510050,2019/11/25,14.95,15.12,14.41,14.42
510050,2019/11/26,14.35,14.73,14.05,14.44
510050,2019/11/27,14.78,14.78,14.06,14.27
510050,2019/11/28,14.20,14.25,13.84,13.84
510050,2019/11/29,13.91,14.74,13.52,14.04
510050,2019/12/02,14.52,14.67,13.72,13.74
510050,2019/12/03,13.96,14.06,13.58,13.66
510050,2019/12/04,13.85,14.11,13.50,13.58
510050,2019/12/05,13.40,13.56,12.80,12.91
510050,2019/12/06,12.68,12.71,12.41,12.46
510050,2019/12/09,13.00,13.00,12.57,12.60
510050,2019/12/10,12.63,12.78,12.50,12.58
510050,2019/12/11,12.76,12.76,12.37,12.37
510050,2019/12/12,12.43,12.52,12.35,12.52
510050,2019/12/13,12.57,14.38,12.38,14.02
510050,2019/12/16,14.14,14.14,13.18,13.48
510050,2019/12/17,13.64,15.76,13.51,14.17
510050,2019/12/18,14.26,15.22,14.12,14.46
510050,2019/12/19,14.75,15.18,14.63,15.11
510050,2019/12/20,15.54,15.71,14.71,14.80
510050,2019/12/23,15.13,15.33,13.94,14.30
510050,2019/12/24,14.52,14.54,13.47,13.47
510050,2019/12/25,13.25,13.62,13.24,13.53
510050,2019/12/26,13.68,13.85,13.12,13.28
510050,2019/12/27,13.52,14.38,13.52,13.69
510050,2019/12/30,14.14,15.14,13.89,14.76
510050,2019/12/31,15.05,15.58,15.05,15.25
510050,2020/01/02,16.10,17.11,15.51,15.52
510050,2020/01/03,15.90,16.00,15.14,15.29
510050,2020/01/06,15.82,16.46,15.57,16.02
510050,2020/01/07,16.25,16.60,16.08,16.35
510050,2020/01/08,16.39,16.70,16.20,16.21
510050,2020/01/09,16.60,16.60,15.78,15.78
510050,2020/01/10,16.06,16.23,15.43,15.44
510050,2020/01/13,15.93,15.96,15.20,15.25
510050,2020/01/14,15.47,15.61,14.77,14.88
510050,2020/01/15,15.16,15.16,14.58,14.80
510050,2020/01/16,14.87,15.07,13.68,14.14
510050,2020/01/17,14.00,14.13,13.54,13.72
510050,2020/01/20,14.80,14.80,14.07,14.40
510050,2020/01/21,14.85,16.17,14.61,15.88
510050,2020/01/22,16.49,20.01,15.19,15.19
510050,2020/01/23,16.18,19.00,15.55,17.37
510050,2020/02/03,30.10,32.86,26.05,32.46
510050,2020/02/04,25.69,26.81,23.40,23.40
510050,2020/02/05,23.62,23.67,20.92,21.04
510050,2020/02/06,20.94,21.72,19.91,21.01
510050,2020/02/07,21.85,22.41,21.07,22.26
510050,2020/02/10,23.42,23.42,21.86,21.87
510050,2020/02/11,22.13,22.13,19.92,20.03
510050,2020/02/12,20.44,20.44,19.00,19.30
510050,2020/02/13,19.32,20.04,19.00,19.69
510050,2020/02/14,19.98,19.98,18.71,18.78
510050,2020/02/17,19.63,19.85,18.08,18.96
510050,2020/02/18,18.95,20.01,18.70,19.04
510050,2020/02/19,19.39,19.51,18.89,19.35
510050,2020/02/20,19.21,20.03,19.07,19.57
510050,2020/02/21,20.00,22.05,19.94,20.77
510050,2020/02/24,21.70,22.62,21.18,22.45
510050,2020/02/25,24.50,24.57,22.74,23.13
510050,2020/02/26,24.14,24.58,23.29,23.85
510050,2020/02/27,24.25,24.25,20.26,20.54
510050,2020/02/28,22.15,24.14,21.22,24.14
510050,2020/03/02,23.77,23.77,20.78,21.44
510050,2020/03/03,21.54,21.54,20.30,20.89
510050,2020/03/04,20.79,21.48,20.63,21.08
510050,2020/03/05,21.42,21.83,21.06,21.45
510050,2020/03/06,21.99,22.73,21.98,22.73
510050,2020/03/09,24.91,28.65,24.70,28.65
510050,2020/03/10,27.07,29.83,26.41,27.82
510050,2020/03/11,27.94,28.16,27.24,27.69
510050,2020/03/12,29.05,31.75,29.05,30.50
510050,2020/03/13,38.44,38.87,33.03,37.42
510050,2020/03/16,38.10,40.63,35.17,40.57
510050,2020/03/17,38.50,43.98,38.03,40.15
510050,2020/03/18,40.06,40.06,29.88,35.29
510050,2020/03/19,38.00,42.10,35.81,37.00
510050,2020/03/20,35.18,36.15,31.79,32.84
510050,2020/03/23,43.15,43.15,37.39,38.28
510050,2020/03/24,35.64,37.06,34.00,35.29
510050,2020/03/25,36.80,36.80,33.79,34.64
510050,2020/03/26,34.45,34.45,32.99,33.67
510050,2020/03/27,33.69,34.39,32.97,34.39
510050,2020/03/30,35.41,35.41,33.92,33.92
510050,2020/03/31,32.88,32.88,31.04,31.44
510050,2020/04/01,31.37,31.37,28.83,29.59
510050,2020/04/02,29.56,29.56,27.95,27.95
510050,2020/04/03,28.15,29.44,27.83,28.98
510050,2020/04/07,28.95,28.95,26.65,26.70
510050,2020/04/08,26.80,26.80,24.78,24.88
510050,2020/04/09,24.60,24.60,23.43,23.61
510050,2020/04/10,23.54,23.58,22.06,22.71
510050,2020/04/13,23.31,23.31,21.08,21.08
510050,2020/04/14,21.01,21.01,19.40,20.27
510050,2020/04/15,20.24,21.29,19.87,20.95
510050,2020/04/16,21.19,21.19,20.35,20.62
510050,2020/04/17,21.50,21.63,20.43,20.70
510050,2020/04/20,21.55,21.55,20.81,20.93
510050,2020/04/21,21.14,22.09,20.43,20.86
510050,2020/04/22,21.24,21.28,20.55,20.57
510050,2020/04/23,19.79,20.12,19.11,19.21
510050,2020/04/24,19.57,19.58,18.90,18.94
510050,2020/04/27,19.84,19.84,18.59,18.64
510050,2020/04/28,18.80,19.72,18.52,18.70
510050,2020/04/29,19.16,20.04,18.99,19.66
510050,2020/04/30,20.16,21.57,20.16,21.47
510050,2020/05/06,23.47,23.47,20.48,20.72
510050,2020/05/07,21.11,21.11,19.68,19.69
510050,2020/05/08,19.70,19.70,18.80,18.81
510050,2020/05/11,19.83,19.83,18.77,19.28
510050,2020/05/12,19.70,19.70,19.01,19.42
510050,2020/05/13,19.87,19.87,19.15,19.26
510050,2020/05/14,19.83,19.83,18.61,19.26
510050,2020/05/15,19.43,19.51,18.79,18.89
510050,2020/05/18,18.55,18.88,18.13,18.39
510050,2020/05/19,18.46,18.46,17.65,17.89
510050,2020/05/20,17.61,17.95,17.30,17.95
510050,2020/05/21,18.07,18.71,17.62,18.71
510050,2020/05/22,20.90,23.50,20.80,21.00
510050,2020/05/25,22.28,22.76,19.25,19.42
510050,2020/05/26,19.85,19.85,18.38,18.96
510050,2020/05/27,19.07,19.79,18.89,19.67
510050,2020/05/28,19.29,21.17,18.80,19.64
510050,2020/05/29,20.55,20.55,19.79,19.91
510050,2020/06/01,19.08,19.08,17.86,18.06
510050,2020/06/02,18.36,18.51,17.55,17.59
510050,2020/06/03,17.76,19.03,17.69,18.08
510050,2020/06/04,18.38,18.66,18.06,18.21
510050,2020/06/05,18.16,18.19,17.52,17.55
510050,2020/06/08,18.10,18.25,17.44,17.56
510050,2020/06/09,17.70,17.79,17.44,17.63
510050,2020/06/10,17.84,18.11,17.68,18.04
510050,2020/06/11,18.09,19.01,17.85,18.52
510050,2020/06/12,19.50,19.60,17.94,18.15
510050,2020/06/15,19.17,19.60,18.24,19.60
510050,2020/06/16,18.97,18.97,17.35,17.54
510050,2020/06/17,17.82,18.24,17.65,17.94
510050,2020/06/18,18.30,18.50,17.75,18.13
510050,2020/06/19,18.27,18.73,17.88,18.39
510050,2020/06/22,19.45,20.22,18.79,19.70
510050,2020/06/23,20.34,20.69,19.89,19.91
510050,2020/06/24,19.90,21.00,19.80,20.00
510050,2020/06/29,21.00,21.00,18.84,18.84
510050,2020/06/30,18.63,18.63,17.55,17.98
510050,2020/07/01,18.12,19.19,17.76,18.81
510050,2020/07/02,19.11,23.46,19.11,22.53
510050,2020/07/03,24.56,27.82,23.32,25.01
510050,2020/07/06,29.43,39.09,29.43,37.69
510050,2020/07/07,45.67,51.25,33.75,35.55
510050,2020/07/08,34.00,32.20,35.00,33.20
510050,2020/07/09,33.00,34.40,31.50,32.00
510050,2020/07/10,31.30,32.00,30.50,31.00
510050,2020/07/13,31.00,31.50,29.80,30.00
510050,2020/07/14,29.97,32.00,29.24,29.80
510050,2020/07/15,30.26,31.07,29.34,30.30
510050,2020/07/16,30.70,32.76,30.34,32.76
510050,2020/07/17,32.48,32.72,27.59,28.00
510050,2020/07/20,28.91,29.97,26.41,28.81
510050,2020/07/21,29.80,29.80,27.10,27.28
510050,2020/07/22,27.54,29.80,26.29,26.96
510050,2020/07/23,27.45,29.89,27.00,27.87
510050,2020/07/24,28.83,32.11,28.68,31.34
510050,2020/07/27,31.15,31.41,29.70,29.71
510050,2020/07/28,29.31,29.55,28.88,28.90
510050,2020/07/29,29.24,30.37,29.15,29.49
510050,2020/07/30,29.88,30.35,29.56,29.57
510050,2020/07/31,30.03,31.53,30.03,30.72
510050,2020/08/03,32.19,32.56,31.64,31.84
510050,2020/08/04,32.10,32.30,31.69,32.05
510050,2020/08/05,31.71,32.20,31.10,31.41
510050,2020/08/06,31.76,32.20,30.97,31.65
510050,2020/08/07,32.03,32.13,30.75,30.78
510050,2020/08/10,32.00,32.20,30.46,30.70
510050,2020/08/11,30.67,30.70,29.50,29.67
510050,2020/08/12,29.89,30.00,29.16,29.26
510050,2020/08/13,29.13,29.83,28.62,28.75
510050,2020/08/14,28.78,28.79,27.72,28.12
510050,2020/08/17,29.22,32.29,28.76,31.25
510050,2020/08/18,31.86,32.02,30.45,31.00
510050,2020/08/19,31.97,31.97,29.47,29.79
510050,2020/08/20,30.41,30.52,29.06,29.08
510050,2020/08/21,29.21,29.21,28.45,28.92
510050,2020/08/24,30.12,30.12,27.70,27.92
510050,2020/08/25,27.12,27.82,27.12,27.54
510050,2020/08/26,27.87,28.76,27.18,28.61
510050,2020/08/27,28.14,28.25,26.43,26.54
510050,2020/08/28,26.61,27.23,25.77,27.07
510050,2020/08/31,27.95,28.89,26.65,26.65
510050,2020/09/01,26.79,26.90,26.30,26.64
510050,2020/09/02,27.12,27.54,26.67,27.10
510050,2020/09/03,27.53,27.69,27.08,27.37
510050,2020/09/04,27.79,28.94,26.96,27.09
510050,2020/09/07,27.89,28.35,26.70,27.51
510050,2020/09/08,27.49,27.54,26.68,26.89
510050,2020/09/09,27.49,28.00,26.68,26.80
510050,2020/09/10,27.57,27.62,25.88,25.96
510050,2020/09/11,26.02,26.29,24.58,24.74
510050,2020/09/14,25.47,25.47,23.13,23.31
510050,2020/09/15,23.43,23.47,22.35,22.70
510050,2020/09/16,22.74,22.78,21.76,21.98
510050,2020/09/17,22.11,22.42,21.55,21.97
510050,2020/09/18,21.70,23.69,20.97,23.29
510050,2020/09/21,23.00,24.50,22.60,23.80
510050,2020/09/22,24.60,25.00,23.83,23.93
510050,2020/09/23,23.24,23.71,23.20,23.39
510050,2020/09/24,23.42,25.33,23.42,24.61
510050,2020/09/25,24.49,25.18,24.10,24.79
510050,2020/09/28,25.64,26.46,25.45,26.35
510050,2020/09/29,26.49,27.75,26.49,27.63
510050,2020/09/30,27.97,28.36,26.80,28.28
510050,2020/10/09,28.11,28.11,22.79,22.89
510050,2020/10/12,23.82,25.84,22.81,25.09
510050,2020/10/13,25.03,25.10,24.05,24.51
510050,2020/10/14,24.75,24.75,23.67,23.71
510050,2020/10/15,23.92,24.50,23.92,24.22
510050,2020/10/16,24.60,24.61,23.82,24.00
510050,2020/10/19,24.93,25.19,22.89,23.05
510050,2020/10/20,23.33,23.33,21.85,22.46
510050,2020/10/21,22.62,23.00,22.23,22.66
510050,2020/10/22,23.00,23.57,22.61,22.74
510050,2020/10/23,22.98,23.94,22.87,23.10
510050,2020/10/26,24.29,24.92,22.84,23.04
510050,2020/10/27,24.08,24.14,22.92,24.09
510050,2020/10/28,23.20,23.58,22.63,22.81
510050,2020/10/29,24.01,24.18,22.68,22.72
510050,2020/10/30,23.15,24.14,22.86,23.73
510050,2020/11/02,24.21,24.80,23.77,24.59
510050,2020/11/03,24.25,24.47,24.02,24.45
510050,2020/11/04,24.76,24.86,22.79,22.85
510050,2020/11/05,24.50,25.00,22.84,23.04
510050,2020/11/06,22.50,22.70,21.83,21.98
510050,2020/11/09,22.90,24.38,22.44,23.24
510050,2020/11/10,24.15,24.15,22.54,23.02
510050,2020/11/11,23.20,23.21,22.33,22.38
510050,2020/11/12,22.56,22.56,21.72,21.95
510050,2020/11/13,22.18,22.30,21.13,21.15
510050,2020/11/16,21.92,21.92,20.94,21.12
510050,2020/11/17,21.00,21.19,20.45,20.91
510050,2020/11/18,21.07,21.67,20.85,21.55
510050,2020/11/19,21.83,21.86,21.56,21.79
510050,2020/11/20,22.16,22.16,20.83,20.83
510050,2020/11/23,21.60,23.27,21.02,22.14
510050,2020/11/24,22.24,22.71,21.22,21.35
510050,2020/11/25,21.74,22.35,20.83,20.83
510050,2020/11/26,20.88,20.88,19.69,19.96
510050,2020/11/27,20.16,20.80,19.91,20.77
510050,2020/11/30,21.74,24.30,20.94,21.16
510050,2020/12/01,21.41,24.38,20.97,23.77
510050,2020/12/02,24.29,26.08,23.38,24.14
510050,2020/12/03,24.11,24.72,23.91,23.96
510050,2020/12/04,23.99,23.99,22.81,23.05
510050,2020/12/07,22.80,23.09,21.64,21.76
510050,2020/12/08,21.76,21.94,20.57,21.00
510050,2020/12/09,20.93,20.93,19.86,19.98
510050,2020/12/10,20.13,20.13,18.87,19.02
510050,2020/12/11,19.02,20.65,18.73,19.64
510050,2020/12/14,20.26,20.26,18.53,18.71
510050,2020/12/15,18.80,18.92,18.44,18.66
510050,2020/12/16,18.71,19.11,18.48,18.70
510050,2020/12/17,18.79,19.56,18.14,19.05
510050,2020/12/18,19.04,19.29,18.52,18.52
510050,2020/12/21,19.15,20.50,19.15,20.25
510050,2020/12/22,19.40,20.12,19.29,19.46
510050,2020/12/23,19.57,19.70,19.12,19.26
510050,2020/12/24,19.31,19.52,18.45,18.54
510050,2020/12/25,18.68,18.83,18.10,18.16
510050,2020/12/28,18.95,19.23,18.44,18.56
510050,2020/12/29,19.00,19.38,18.86,19.02
510050,2020/12/30,19.24,19.58,19.09,19.13
510050,2020/12/31,19.52,22.00,19.52,20.26
510050,2021/01/04,21.46,22.21,20.66,21.00
510050,2021/01/05,20.88,21.20,20.28,20.84
510050,2021/01/06,22.00,23.90,21.51,22.59
510050,2021/01/07,23.60,26.10,23.45,26.10
510050,2021/01/08,27.93,29.34,25.61,26.08
510050,2021/01/11,26.84,26.86,23.44,23.44
510050,2021/01/12,23.46,25.01,22.36,24.97
510050,2021/01/13,25.90,27.57,24.12,24.38
510050,2021/01/14,24.59,24.95,23.81,23.94
510050,2021/01/15,24.13,24.16,22.07,22.12
510050,2021/01/18,23.04,23.59,21.96,22.56
510050,2021/01/19,22.79,23.15,22.27,22.78
510050,2021/01/20,22.82,23.03,22.30,22.50
510050,2021/01/21,22.60,24.41,22.43,23.29
510050,2021/01/22,23.65,23.65,21.92,22.18
510050,2021/01/25,23.36,23.51,22.51,22.97
510050,2021/01/26,23.13,24.18,22.76,22.97
510050,2021/01/27,23.17,23.55,22.22,22.48
510050,2021/01/28,23.61,24.69,23.61,24.34
510050,2021/01/29,24.35,26.26,23.70,24.53
510050,2021/02/01,25.71,26.28,24.96,25.04
510050,2021/02/02,25.24,25.24,23.02,23.19
510050,2021/02/03,23.56,23.59,21.91,22.01
510050,2021/02/04,22.47,23.98,22.02,23.04
510050,2021/02/05,23.22,24.25,23.13,23.53
510050,2021/02/08,24.71,24.85,23.91,23.93
510050,2021/02/09,24.28,24.56,23.54,23.54
510050,2021/02/10,23.91,25.46,23.91,24.98
510050,2021/02/18,27.00,27.00,23.14,24.56
510050,2021/02/19,24.83,24.92,22.44,22.44
510050,2021/02/22,23.40,24.59,22.66,24.59
510050,2021/02/23,24.89,24.89,22.84,23.89
510050,2021/02/24,23.70,27.40,23.64,24.84
510050,2021/02/25,24.30,24.37,23.07,23.18
510050,2021/02/26,23.47,25.24,22.58,24.26
510050,2021/03/01,25.91,26.13,24.01,24.34
510050,2021/03/02,24.19,25.01,22.78,23.71
510050,2021/03/03,25.00,26.67,22.86,23.33
510050,2021/03/04,23.59,26.09,23.59,25.08
510050,2021/03/05,26.52,28.41,25.53,26.96
510050,2021/03/08,26.24,28.20,25.56,27.73
510050,2021/03/09,27.81,30.67,26.58,27.17
510050,2021/03/10,27.15,27.49,26.02,26.07
510050,2021/03/11,25.90,25.90,23.68,24.07
510050,2021/03/12,23.96,24.37,22.51,22.56
510050,2021/03/15,23.30,24.00,22.98,23.26
510050,2021/03/16,23.29,23.80,22.11,22.47
510050,2021/03/17,22.69,23.15,22.17,22.71
510050,2021/03/18,22.80,23.00,22.16,22.26
510050,2021/03/19,23.08,23.33,22.25,22.77
510050,2021/03/22,23.48,23.48,21.85,22.03
510050,2021/03/23,21.94,22.47,21.13,21.24
510050,2021/03/24,21.80,22.68,21.55,21.65
510050,2021/03/25,22.90,23.58,21.05,21.36
510050,2021/03/26,20.98,20.98,19.98,20.19
510050,2021/03/29,20.75,20.90,20.04,20.29
510050,2021/03/30,20.43,20.89,19.93,20.23
510050,2021/03/31,20.36,20.65,19.87,19.89
510050,2021/04/01,19.85,19.90,18.98,19.14
510050,2021/04/02,19.50,19.87,19.26,19.27
510050,2021/04/06,20.25,20.38,19.54,19.59
510050,2021/04/07,19.69,19.69,18.87,18.93
510050,2021/04/08,19.32,19.43,18.42,18.59
510050,2021/04/09,18.93,19.37,18.50,18.52
510050,2021/04/12,19.45,19.84,18.95,19.31
510050,2021/04/13,19.51,19.69,18.48,19.43
510050,2021/04/14,19.34,19.71,18.78,19.17
510050,2021/04/15,19.85,20.96,19.25,19.38
510050,2021/04/16,19.56,19.94,18.79,18.91
510050,2021/04/19,19.85,19.85,19.13,19.54
510050,2021/04/20,19.72,19.94,19.40,19.51
510050,2021/04/21,19.79,20.02,19.41,19.68
510050,2021/04/22,19.75,19.97,19.51,19.61
510050,2021/04/23,19.74,20.06,19.69,19.69
510050,2021/04/26,20.32,20.60,20.20,20.60
510050,2021/04/27,20.30,20.47,19.62,20.01
510050,2021/04/28,20.58,20.71,19.37,19.54
510050,2021/04/29,19.69,20.24,19.42,19.61
510050,2021/04/30,20.02,20.41,19.44,19.50
510050,2021/05/06,20.61,20.61,19.03,19.24
510050,2021/05/07,19.10,19.51,18.52,19.07
510050,2021/05/10,19.50,19.63,18.91,18.98
510050,2021/05/11,19.52,20.46,18.71,19.19
510050,2021/05/12,19.33,19.70,19.22,19.42
510050,2021/05/13,19.76,20.43,19.43,19.44
510050,2021/05/14,19.54,19.88,19.00,19.62
510050,2021/05/17,20.28,21.44,20.18,20.41
510050,2021/05/18,20.64,20.83,19.76,20.04
510050,2021/05/19,20.08,20.08,19.39,19.52
510050,2021/05/20,19.72,19.93,19.16,19.39
510050,2021/05/21,19.62,19.92,18.92,19.18
510050,2021/05/24,19.83,20.06,19.09,19.30
510050,2021/05/25,19.07,21.27,18.94,20.61
510050,2021/05/26,21.24,21.76,20.54,20.75
510050,2021/05/27,20.24,21.63,19.79,21.00
510050,2021/05/28,22.74,23.81,22.45,22.48
510050,2021/05/31,23.52,23.52,22.56,22.95
510050,2021/06/01,23.44,23.48,22.59,22.71
510050,2021/06/02,23.17,23.25,21.37,21.37
510050,2021/06/03,21.45,21.72,20.53,20.53
510050,2021/06/04,20.66,22.16,20.01,20.74
510050,2021/06/07,21.61,21.66,21.01,21.28
510050,2021/06/08,21.33,22.00,21.22,21.77
510050,2021/06/09,21.96,22.00,20.57,20.95
510050,2021/06/10,21.20,21.20,20.09,20.15
510050,2021/06/11,20.52,20.65,20.20,20.31
510050,2021/06/15,21.40,21.40,19.79,19.89
510050,2021/06/16,20.12,20.84,19.86,20.78
510050,2021/06/17,21.18,21.28,19.32,19.76
510050,2021/06/18,20.02,20.37,19.33,19.75
510050,2021/06/21,20.62,21.18,20.06,20.09
510050,2021/06/22,20.26,20.28,19.37,19.64
510050,2021/06/23,19.77,19.78,18.19,18.28
510050,2021/06/24,19.12,19.80,19.00,19.30
510050,2021/06/25,19.25,19.33,18.54,19.02
510050,2021/06/28,19.08,19.25,18.38,18.47
510050,2021/06/29,18.64,18.74,18.29,18.35
510050,2021/06/30,18.65,19.13,18.47,18.93
510050,2021/07/01,19.39,19.56,18.31,18.37
510050,2021/07/02,18.83,20.16,18.83,19.64
510050,2021/07/05,20.53,20.62,18.69,18.69
510050,2021/07/06,18.72,19.30,18.37,18.38
510050,2021/07/07,18.63,18.63,17.64,17.66
510050,2021/07/08,17.89,19.01,17.78,18.45
510050,2021/07/09,18.83,20.02,18.33,18.39
510050,2021/07/12,19.46,19.76,18.94,19.02
510050,2021/07/13,19.20,19.20,18.61,18.63
510050,2021/07/14,18.80,19.30,18.47,18.62
510050,2021/07/15,18.87,18.98,17.97,18.45
510050,2021/07/16,18.70,18.79,18.12,18.32
510050,2021/07/19,19.30,19.78,18.39,18.56
510050,2021/07/20,19.04,19.41,18.75,18.91
510050,2021/07/21,18.98,18.98,18.27,18.31
510050,2021/07/22,18.64,18.69,17.95,18.27
510050,2021/07/23,18.38,18.50,18.03,18.14
510050,2021/07/26,19.53,23.90,19.53,21.36
510050,2021/07/27,21.77,23.80,19.88,23.46
510050,2021/07/28,23.40,25.97,21.58,21.96
510050,2021/07/29,22.90,22.90,20.86,21.22
510050,2021/07/30,21.96,21.96,20.45,20.72
510050,2021/08/02,21.72,21.90,20.19,20.67
510050,2021/08/03,20.98,20.98,19.66,19.67
510050,2021/08/04,19.93,20.03,19.62,19.83
510050,2021/08/05,20.12,20.15,19.50,19.64
510050,2021/08/06,19.76,19.76,19.15,19.15
510050,2021/08/09,19.76,19.76,19.14,19.14
510050,2021/08/10,19.21,19.55,19.00,19.55
510050,2021/08/11,19.79,20.59,19.23,19.36
510050,2021/08/12,19.48,19.69,19.21,19.34
510050,2021/08/13,19.61,19.67,19.23,19.29
510050,2021/08/16,19.98,20.04,19.29,19.76
510050,2021/08/17,19.86,21.28,19.56,20.81
510050,2021/08/18,20.96,21.34,19.57,19.70
510050,2021/08/19,20.03,20.89,20.03,20.50
510050,2021/08/20,21.40,23.87,21.11,22.51
510050,2021/08/23,22.78,23.14,20.96,21.38
510050,2021/08/24,21.21,21.21,19.95,20.13
510050,2021/08/25,20.60,20.68,19.95,20.12
510050,2021/08/26,20.25,20.85,19.72,20.82
510050,2021/08/27,20.45,20.68,19.88,20.43
510050,2021/08/30,21.09,21.48,20.66,21.24
510050,2021/08/31,21.42,22.42,20.85,21.18
510050,2021/09/01,21.34,21.83,20.78,21.11
510050,2021/09/02,21.56,22.03,21.56,21.60
510050,2021/09/03,21.00,22.62,21.00,21.39
510050,2021/09/06,22.00,22.11,20.96,21.08
510050,2021/09/07,21.60,21.60,20.94,21.37
510050,2021/09/08,21.56,21.96,21.35,21.48
510050,2021/09/09,21.78,21.78,21.00,21.27
510050,2021/09/10,21.46,21.60,20.89,20.91
510050,2021/09/13,21.70,21.87,21.02,21.26
510050,2021/09/14,21.46,21.50,20.62,20.77
510050,2021/09/15,21.18,21.23,20.77,21.10
510050,2021/09/16,21.27,22.19,20.86,21.85
510050,2021/09/17,22.26,22.68,19.89,20.08
510050,2021/09/22,22.21,22.99,21.44,21.88
510050,2021/09/23,21.55,21.58,20.60,21.00
510050,2021/09/24,21.08,21.08,19.55,19.86
510050,2021/09/27,20.12,20.60,19.23,20.22
510050,2021/09/28,20.83,21.18,20.44,20.76
510050,2021/09/29,21.61,21.94,21.21,21.49
510050,2021/09/30,22.03,22.15,21.25,21.63
510050,2021/10/08,22.15,22.15,19.68,19.83
510050,2021/10/11,20.63,20.63,19.43,19.45
510050,2021/10/12,19.86,19.86,19.26,19.30
510050,2021/10/13,19.59,19.78,18.99,19.46
510050,2021/10/14,19.59,19.66,19.09,19.21
510050,2021/10/15,19.51,19.60,18.85,18.86
510050,2021/10/18,19.67,20.44,19.45,19.80
510050,2021/10/19,19.59,19.59,18.61,18.81
510050,2021/10/20,18.57,19.43,18.54,18.79
510050,2021/10/21,18.80,19.25,18.64,19.12
510050,2021/10/22,19.44,20.00,18.83,19.09
510050,2021/10/25,19.56,20.00,19.30,19.56
510050,2021/10/26,19.84,20.24,19.31,19.37
510050,2021/10/27,19.88,19.88,19.05,19.15
510050,2021/10/28,20.10,20.55,19.57,19.74
510050,2021/10/29,19.84,20.05,19.35,19.50
510050,2021/11/01,20.00,20.20,19.12,19.83
510050,2021/11/02,20.03,21.34,19.47,20.81
510050,2021/11/03,20.86,21.46,20.15,21.08
510050,2021/11/04,20.89,20.89,19.84,19.95
510050,2021/11/05,20.26,20.30,19.31,19.46
510050,2021/11/08,20.37,20.53,19.57,20.12
510050,2021/11/09,20.16,20.49,19.70,20.14
510050,2021/11/10,19.17,20.60,18.46,18.71
510050,2021/11/11,20.40,20.40,19.06,19.53
510050,2021/11/12,19.66,19.66,19.16,19.27
510050,2021/11/15,19.98,19.98,19.41,19.48
510050,2021/11/16,19.84,19.84,19.20,19.33
510050,2021/11/17,19.60,19.65,18.93,19.21
510050,2021/11/18,19.58,19.79,18.87,19.11
510050,2021/11/19,18.46,19.00,17.96,18.84
510050,2021/11/22,18.50,18.90,18.45,18.50
510050,2021/11/23,18.61,18.83,18.12,18.35
510050,2021/11/24,18.53,18.53,17.87,17.91
510050,2021/11/25,19.34,19.34,18.31,18.36
510050,2021/11/26,18.74,18.86,18.14,18.44
510050,2021/11/29,19.11,19.19,18.59,18.73
510050,2021/11/30,18.75,18.83,18.04,18.52
510050,2021/12/01,18.80,18.84,18.12,18.26
510050,2021/12/02,17.90,17.95,17.62,17.71
510050,2021/12/03,17.83,18.00,17.12,17.12
510050,2021/12/06,17.91,17.91,17.30,17.34
510050,2021/12/07,17.80,17.91,17.27,17.46
510050,2021/12/08,17.71,18.78,17.53,18.66
510050,2021/12/09,18.87,22.19,18.79,19.67
510050,2021/12/10,19.50,19.74,18.57,18.80
510050,2021/12/13,20.00,21.45,18.86,19.26
510050,2021/12/14,19.21,19.21,18.39,18.62
510050,2021/12/15,18.88,18.88,17.85,18.03
510050,2021/12/16,18.38,18.40,17.73,18.01
510050,2021/12/17,18.27,18.27,17.64,17.82
510050,2021/12/20,18.31,18.80,17.61,18.59
510050,2021/12/21,18.70,18.70,17.54,17.85
510050,2021/12/22,18.09,18.18,17.45,17.66
510050,2021/12/23,16.70,16.74,15.06,15.20
510050,2021/12/24,15.97,16.48,15.76,16.02
510050,2021/12/27,16.66,16.99,16.36,16.50
510050,2021/12/28,16.52,16.81,16.20,16.44
510050,2021/12/29,16.76,18.44,16.76,18.13
510050,2021/12/30,18.26,18.26,16.94,17.32
510050,2021/12/31,17.40,18.30,17.10,17.60
510050,2022/01/04,18.70,19.23,17.93,18.11
510050,2022/01/05,18.20,18.84,17.88,18.51
510050,2022/01/06,19.00,19.98,18.55,18.76
510050,2022/01/07,18.73,18.74,17.81,18.01
510050,2022/01/10,18.40,19.41,18.06,18.11
510050,2022/01/11,18.60,18.62,17.95,18.05
510050,2022/01/12,18.00,18.10,17.40,17.45
510050,2022/01/13,17.61,18.99,17.39,18.87
510050,2022/01/14,19.40,20.26,18.74,19.34
510050,2022/01/17,19.66,19.66,18.44,18.67
510050,2022/01/18,19.00,19.12,17.87,17.92
510050,2022/01/19,18.30,18.40,17.75,18.15
510050,2022/01/20,17.65,18.32,17.45,18.05
510050,2022/01/21,18.31,18.83,18.14,18.34
510050,2022/01/24,19.34,19.65,18.88,19.22
510050,2022/01/25,19.15,21.92,19.02,21.42
510050,2022/01/26,20.23,21.98,19.76,20.51
510050,2022/01/27,21.18,22.11,20.52,21.11
510050,2022/01/28,21.41,25.33,20.50,25.19
510050,2022/02/07,23.46,23.46,19.42,19.67
510050,2022/02/08,19.87,19.96,18.69,18.72
510050,2022/02/09,19.13,19.13,17.90,17.99
510050,2022/02/10,18.22,18.29,17.52,17.52
510050,2022/02/11,17.83,17.86,17.13,17.19
510050,2022/02/14,18.15,18.61,17.79,18.05
510050,2022/02/15,18.36,18.40,17.69,17.99
510050,2022/02/16,17.96,17.96,16.96,17.08
510050,2022/02/17,17.28,17.28,16.63,17.03
510050,2022/02/18,17.43,17.43,16.45,16.67
510050,2022/02/21,17.38,17.38,16.49,16.62
510050,2022/02/22,17.29,17.38,17.05,17.75
510050,2022/02/23,17.44,17.44,16.67,16.77
510050,2022/02/24,17.26,19.84,16.83,18.80
510050,2022/02/25,17.87,18.18,16.81,17.81
510050,2022/02/28,18.35,19.40,18.14,18.15
510050,2022/03/01,16.99,17.41,16.77,16.93
510050,2022/03/02,17.20,17.39,16.83,16.88
510050,2022/03/03,16.71,17.57,16.56,17.46
510050,2022/03/04,18.09,18.56,17.27,17.37
510050,2022/03/07,18.48,21.35,18.48,21.12
510050,2022/03/08,20.87,23.52,20.56,22.71
510050,2022/03/09,22.14,29.54,21.43,24.85
510050,2022/03/10,22.50,22.75,20.71,21.50
510050,2022/03/11,23.10,25.27,21.73,22.67
510050,2022/03/14,24.15,26.52,23.90,26.35
510050,2022/03/15,28.63,32.07,26.54,29.42
510050,2022/03/16,30.18,31.20,22.18,25.49
510050,2022/03/17,24.70,25.22,23.00,23.18
510050,2022/03/18,23.44,23.44,22.22,22.89
510050,2022/03/21,23.19,23.83,22.15,22.35
510050,2022/03/22,22.54,22.74,20.56,21.09
510050,2022/03/23,21.28,21.30,19.49,19.55
510050,2022/03/24,20.23,20.23,19.06,19.08
510050,2022/03/25,18.96,21.45,18.96,21.14
510050,2022/03/28,23.98,26.51,22.41,22.92
510050,2022/03/29,22.57,23.72,22.14,23.26
510050,2022/03/30,22.44,22.44,21.19,21.33
510050,2022/03/31,21.49,21.84,21.13,21.13
510050,2022/04/01,21.70,21.99,20.68,20.68
510050,2022/04/06,21.94,21.94,20.27,20.29
510050,2022/04/07,20.66,21.68,20.60,21.15
510050,2022/04/08,21.37,21.89,20.51,20.54
510050,2022/04/11,21.26,23.73,21.06,23.29
510050,2022/04/12,23.17,24.17,21.43,22.09
510050,2022/04/13,22.46,22.62,21.48,21.99
510050,2022/04/14,21.85,21.94,20.90,21.00
510050,2022/04/15,21.25,21.71,20.91,21.08
510050,2022/04/18,21.99,23.01,21.62,21.75
510050,2022/04/19,21.93,22.55,21.46,21.68
510050,2022/04/20,21.95,23.43,21.92,23.08
510050,2022/04/21,23.55,25.79,22.86,25.01
510050,2022/04/22,26.43,27.06,23.30,23.98
510050,2022/04/25,27.50,31.18,26.52,31.18
510050,2022/04/26,30.63,32.03,26.33,27.93
510050,2022/04/27,27.90,28.65,25.10,25.56
510050,2022/04/28,25.96,26.23,22.59,22.84
510050,2022/04/29,22.80,23.78,21.81,22.08
510050,2022/05/05,24.34,24.34,23.18,23.39
510050,2022/05/06,24.68,25.94,24.37,24.91
510050,2022/05/09,26.06,26.42,25.26,25.28
510050,2022/05/10,26.79,27.33,24.36,25.13
510050,2022/05/11,25.19,25.32,23.82,24.06
510050,2022/05/12,24.46,24.93,24.18,24.54
510050,2022/05/13,23.97,24.50,23.70,23.81
510050,2022/05/16,24.48,24.88,24.07,24.10
510050,2022/05/17,24.35,24.35,22.73,22.96
510050,2022/05/18,23.11,23.27,22.18,22.25
510050,2022/05/19,22.91,23.08,22.10,22.20
510050,2022/05/20,22.30,22.30,21.35,22.06
510050,2022/05/23,22.00,22.99,21.26,21.46
510050,2022/05/24,21.79,21.79,21.23,21.53
510050,2022/05/25,22.16,22.21,21.17,21.29
510050,2022/05/26,21.72,21.92,20.82,20.91
510050,2022/05/27,20.69,20.69,20.10,20.32
510050,2022/05/30,20.88,20.88,20.39,20.64
510050,2022/05/31,20.90,21.27,20.70,21.10
510050,2022/06/01,21.30,21.42,20.77,20.82
510050,2022/06/02,20.97,21.28,20.71,20.71
510050,2022/06/06,21.64,21.77,21.13,21.28
510050,2022/06/07,21.44,22.12,21.43,21.63
510050,2022/06/08,22.01,22.42,21.29,21.97
510050,2022/06/09,22.02,22.51,21.23,21.37
510050,2022/06/10,21.45,21.59,20.99,21.04
510050,2022/06/13,21.46,21.94,21.15,21.47
510050,2022/06/14,21.56,22.31,21.19,21.58
510050,2022/06/15,21.87,24.32,21.79,22.75
510050,2022/06/16,22.97,23.07,21.53,21.65
510050,2022/06/17,21.88,22.92,21.86,22.35
510050,2022/06/20,23.09,23.19,22.17,22.24
510050,2022/06/21,22.36,22.73,21.46,21.72
510050,2022/06/22,22.08,22.08,20.58,20.58
510050,2022/06/23,20.60,20.82,20.23,20.28
510050,2022/06/24,20.46,21.17,20.03,20.03
510050,2022/06/27,21.88,23.07,21.74,22.00
510050,2022/06/28,22.32,22.54,21.70,21.82
510050,2022/06/29,22.05,23.09,21.93,21.99
510050,2022/06/30,22.22,23.79,22.22,23.33
510050,2022/07/01,23.83,24.18,22.49,22.87
510050,2022/07/04,23.34,23.75,22.77,23.11
510050,2022/07/05,23.42,23.46,22.41,23.03
510050,2022/07/06,23.18,23.39,22.65,22.76
510050,2022/07/07,23.05,23.12,22.29,22.29
510050,2022/07/08,22.03,22.07,21.59,21.59
510050,2022/07/11,22.65,22.80,21.92,21.97
510050,2022/07/12,22.21,22.21,21.29,21.35
510050,2022/07/13,21.64,21.64,20.73,21.02
510050,2022/07/14,21.17,21.31,20.49,20.67
510050,2022/07/15,21.06,21.18,20.08,21.18
510050,2022/07/18,21.73,21.96,20.81,21.20
510050,2022/07/19,21.37,21.54,20.55,20.94
510050,2022/07/20,20.84,20.98,20.11,20.15
510050,2022/07/21,20.47,20.47,19.72,20.36
510050,2022/07/22,20.45,20.84,19.46,19.92
510050,2022/07/25,20.75,20.75,20.12,20.41
510050,2022/07/26,20.25,20.25,19.23,19.38
510050,2022/07/27,19.53,19.75,19.24,19.65
510050,2022/07/28,19.98,19.99,19.10,19.70
510050,2022/07/29,20.28,21.69,19.44,21.31
510050,2022/08/01,22.36,22.82,21.14,21.57
510050,2022/08/02,22.88,25.77,22.88,25.36
510050,2022/08/03,23.61,25.51,23.00,23.47
510050,2022/08/04,23.12,23.19,21.33,21.33
510050,2022/08/05,21.25,21.28,19.56,19.56
510050,2022/08/08,20.40,20.40,19.70,19.71
510050,2022/08/09,20.14,20.14,19.45,19.45
510050,2022/08/10,19.68,20.32,19.62,19.92
510050,2022/08/11,19.80,20.06,19.14,20.01
510050,2022/08/12,20.16,20.16,19.15,19.17
510050,2022/08/15,19.88,20.11,19.28,19.43
510050,2022/08/16,19.69,19.76,18.96,19.17
510050,2022/08/17,19.24,19.42,18.48,18.92
510050,2022/08/18,18.86,19.50,18.80,19.49
510050,2022/08/19,19.54,19.54,18.38,18.76
510050,2022/08/22,19.58,19.58,18.16,18.35
510050,2022/08/23,18.57,18.66,17.46,18.03
510050,2022/08/24,17.94,19.28,17.44,18.92
510050,2022/08/25,18.64,18.75,17.54,17.85
510050,2022/08/26,17.20,17.99,16.98,17.02
510050,2022/08/29,18.32,18.50,17.69,17.69
510050,2022/08/30,17.78,18.40,17.36,17.42
510050,2022/08/31,17.93,18.03,16.79,17.57
510050,2022/09/01,17.85,18.17,17.60,17.85
510050,2022/09/02,17.72,19.33,17.72,18.29
510050,2022/09/05,19.41,20.40,19.11,19.14
510050,2022/09/06,18.99,19.26,17.91,18.10
510050,2022/09/07,18.48,18.68,17.85,17.95
510050,2022/09/08,17.84,17.93,17.32,17.49
510050,2022/09/09,17.55,17.55,16.92,16.96
510050,2022/09/13,17.99,18.21,17.15,17.17
510050,2022/09/14,17.93,17.93,17.07,17.24
510050,2022/09/15,17.06,18.23,16.85,17.59
510050,2022/09/16,18.04,19.20,18.01,19.00
510050,2022/09/19,19.61,19.84,18.64,18.97
510050,2022/09/20,18.84,18.91,18.18,18.49
510050,2022/09/21,18.63,19.92,18.61,19.42
510050,2022/09/22,20.04,20.91,19.38,19.63
510050,2022/09/23,19.73,20.19,18.64,19.20
510050,2022/09/26,20.12,20.47,19.25,20.11
510050,2022/09/27,20.07,20.49,18.72,18.88
510050,2022/09/28,19.32,19.63,18.64,19.56
510050,2022/09/29,19.92,22.28,19.23,20.39
510050,2022/09/30,19.83,20.53,19.13,19.13
510050,2022/10/10,20.25,20.84,19.21,20.53
510050,2022/10/11,20.45,20.74,19.92,20.01
510050,2022/10/12,20.48,21.77,19.73,20.82
510050,2022/10/13,20.81,21.68,20.81,21.07
510050,2022/10/14,20.86,20.86,19.05,19.36
510050,2022/10/17,20.05,20.35,19.19,19.19
510050,2022/10/18,20.45,20.84,19.46,19.92
510050,2022/10/19,18.84,19.15,18.19,19.06
510050,2022/10/20,19.51,20.11,18.95,19.98
510050,2022/10/21,20.11,21.41,19.80,20.38
510050,2022/10/24,21.29,25.20,20.89,24.64
510050,2022/10/25,24.83,26.04,22.08,22.90
510050,2022/10/26,23.02,23.18,20.40,21.11
510050,2022/10/27,20.75,21.43,19.92,21.07
510050,2022/10/28,23.45,24.03,22.91,24.03
510050,2022/10/31,26.20,26.78,24.96,26.78
510050,2022/11/01,26.08,26.08,23.19,23.33
510050,2022/11/02,24.20,24.20,22.04,22.09
510050,2022/11/03,22.44,23.10,22.20,22.24
510050,2022/11/04,22.33,22.75,21.50,22.24
510050,2022/11/07,23.15,23.79,22.34,23.01
510050,2022/11/08,23.52,23.52,21.92,22.35
510050,2022/11/09,22.30,22.43,21.71,22.18
510050,2022/11/10,22.47,22.84,22.21,22.33
510050,2022/11/11,22.80,23.15,21.79,21.81
510050,2022/11/14,23.03,23.48,22.67,22.93
510050,2022/11/15,23.07,23.91,22.96,23.16
510050,2022/11/16,23.49,23.49,22.47,22.91
510050,2022/11/17,23.03,23.03,22.11,22.37
510050,2022/11/18,22.65,22.65,21.41,21.78
510050,2022/11/21,22.73,22.73,21.50,22.00
510050,2022/11/22,21.60,22.12,20.92,21.99
510050,2022/11/23,22.22,22.42,21.68,22.08
510050,2022/11/24,22.17,22.38,21.82,21.89
510050,2022/11/25,21.98,22.23,21.25,21.25
510050,2022/11/28,22.38,24.49,22.38,22.91
510050,2022/11/29,22.44,24.63,22.35,24.04
510050,2022/11/30,24.04,24.36,23.18,23.55
510050,2022/12/01,24.00,24.30,23.20,23.80
510050,2022/12/02,22.31,22.57,21.33,21.55
510050,2022/12/05,22.48,22.57,21.81,22.20
510050,2022/12/06,22.16,22.87,21.64,21.80
510050,2022/12/07,22.00,22.25,21.32,21.78
510050,2022/12/08,21.92,21.92,21.29,21.36
510050,2022/12/09,21.38,21.47,20.89,20.96
510050,2022/12/12,22.14,22.14,21.35,21.49
510050,2022/12/13,20.87,21.03,20.44,21.03
510050,2022/12/14,20.87,21.03,20.44,20.68
510050,2022/12/15,21.01,21.01,19.66,19.80
510050,2022/12/16,19.92,20.00,19.34,19.44
510050,2022/12/19,19.76,20.25,19.43,19.95
510050,2022/12/20,19.91,20.83,19.79,20.25
510050,2022/12/21,20.23,20.29,19.64,19.82
510050,2022/12/22,19.72,19.72,18.87,18.95
510050,2022/12/23,19.30,20.20,18.59,19.56
510050,2022/12/26,19.89,20.33,19.13,19.51
510050,2022/12/27,19.40,19.52,18.77,18.85
510050,2022/12/28,18.82,19.16,18.26,18.26
510050,2022/12/29,18.32,18.82,17.92,17.94
510050,2022/12/30,17.76,17.83,17.14,17.20
510050,2023/01/03,17.88,18.42,17.22,17.23
510050,2023/01/04,17.37,17.65,17.04,17.17
510050,2023/01/05,17.26,18.06,17.23,17.73
510050,2023/01/06,17.78,18.04,17.72,17.94
510050,2023/01/09,18.82,19.55,18.69,19.43
510050,2023/01/10,19.54,19.73,19.25,19.30
510050,2023/01/11,19.27,19.65,19.27,19.41
510050,2023/01/12,19.12,19.30,18.66,18.98
510050,2023/01/13,18.95,18.95,17.68,17.71
510050,2023/01/16,18.58,21.21,18.47,19.28
510050,2023/01/17,18.68,18.79,18.39,18.70
510050,2023/01/18,19.11,19.54,18.52,19.47
510050,2023/01/19,19.60,21.08,19.26,20.46
510050,2023/01/20,21.30,21.84,20.11,20.63
510050,2023/01/30,19.75,19.92,18.43,19.37
510050,2023/01/31,21.00,21.10,19.22,19.28
510050,2023/02/01,19.47,19.74,18.91,19.73
510050,2023/02/02,20.02,20.13,19.50,19.93
510050,2023/02/03,19.86,20.65,19.48,20.04
510050,2023/02/06,20.65,21.02,20.19,20.96
510050,2023/02/07,21.06,21.06,20.43,20.61
510050,2023/02/08,20.75,20.75,20.03,20.08
510050,2023/02/09,20.56,20.56,19.33,19.58
510050,2023/02/10,19.84,19.84,18.76,18.89
510050,2023/02/13,19.60,19.60,18.81,19.02
510050,2023/02/14,19.30,19.37,18.91,18.92
510050,2023/02/15,18.70,18.72,18.29,18.38
510050,2023/02/16,18.44,19.10,17.63,18.46
510050,2023/02/17,18.57,18.74,18.24,18.68
510050,2023/02/20,19.19,19.73,18.46,19.35
510050,2023/02/21,19.54,20.07,19.10,19.52
510050,2023/02/22,19.79,19.99,18.81,18.92
510050,2023/02/23,18.99,19.41,18.68,18.75
510050,2023/02/24,18.73,19.52,18.49,19.20
510050,2023/02/27,19.60,19.68,19.31,19.36
510050,2023/02/28,19.46,19.46,18.53,18.53
510050,2023/03/01,18.90,19.00,18.27,18.27
510050,2023/03/02,18.37,18.39,18.07,18.18
510050,2023/03/03,18.41,18.41,17.98,17.98
510050,2023/03/06,18.50,18.70,17.97,17.97
510050,2023/03/07,18.22,18.23,17.85,18.23
510050,2023/03/08,18.80,18.83,18.17,18.30
510050,2023/03/09,18.42,18.47,17.96,18.12
510050,2023/03/10,18.65,19.28,18.22,18.57
510050,2023/03/13,18.92,18.92,17.71,18.03
510050,2023/03/14,18.28,18.69,17.95,18.35
510050,2023/03/15,18.00,18.06,17.30,17.38
510050,2023/03/16,17.85,18.00,17.28,17.91
510050,2023/03/17,17.72,17.72,16.29,17.09
510050,2023/03/20,17.81,18.00,17.29,18.00
510050,2023/03/21,17.80,17.96,17.26,17.35
510050,2023/03/22,17.81,18.00,17.29,18.00
510050,2023/03/23,18.00,18.06,17.30,17.38
510050,2023/03/24,16.81,17.07,16.39,16.43
510050,2023/03/27,17.06,17.57,16.91,17.07
510050,2023/03/28,17.02,17.19,16.66,16.73
510050,2023/03/29,16.61,16.93,16.61,16.72
510050,2023/03/30,16.66,17.02,16.30,16.40
510050,2023/03/31,16.40,16.64,16.29,16.34
510050,2023/04/03,16.80,17.25,16.80,17.16
510050,2023/04/04,17.17,17.48,16.87,16.87
510050,2023/04/06,17.28,17.44,17.21,17.36
510050,2023/04/07,17.40,17.49,16.57,16.58
510050,2023/04/10,17.10,17.13,16.47,16.56
510050,2023/04/11,16.72,16.72,16.09,16.12
510050,2023/04/12,16.26,16.27,15.66,15.72
510050,2023/04/13,15.85,15.85,15.19,15.22
510050,2023/04/14,15.38,15.38,15.01,15.03
510050,2023/04/17,15.56,16.11,15.19,16.06
510050,2023/04/18,16.10,16.42,15.52,15.53
510050,2023/04/19,15.58,15.76,15.09,15.19
510050,2023/04/20,15.27,15.32,14.87,15.00
510050,2023/04/21,15.24,16.15,14.76,15.91
510050,2023/04/24,16.37,18.01,16.26,17.12
510050,2023/04/25,17.30,19.62,16.90,17.27
510050,2023/04/26,17.34,18.36,16.34,16.51
510050,2023/04/27,17.00,17.27,15.28,15.28
510050,2023/04/28,15.39,15.44,14.96,15.01
510050,2023/05/04,16.15,16.16,15.52,15.58
510050,2023/05/05,15.71,15.77,15.24,15.34
510050,2023/05/08,15.87,16.16,15.54,16.16
510050,2023/05/09,16.37,17.24,16.17,16.32
510050,2023/05/10,16.44,16.52,15.97,16.36
510050,2023/05/11,16.45,16.45,15.91,15.91
510050,2023/05/12,16.09,16.61,15.90,16.24
510050,2023/05/15,16.81,16.92,15.95,16.14
510050,2023/05/16,16.32,16.61,16.12,16.34
510050,2023/05/17,16.51,17.13,16.28,16.90
510050,2023/05/18,17.00,17.05,15.97,16.14
510050,2023/05/19,16.88,17.23,15.64,15.86
510050,2023/05/22,16.56,16.56,15.08,15.53
510050,2023/05/23,15.67,16.00,15.13,15.84
510050,2023/05/24,16.37,17.32,15.83,16.62
510050,2023/05/25,16.87,17.80,16.63,16.82
510050,2023/05/26,17.27,18.07,15.95,16.18
510050,2023/05/29,16.49,17.40,16.46,16.60
510050,2023/05/30,16.69,17.32,16.37,16.41
510050,2023/05/31,17.75,18.30,16.20,17.87
510050,2023/06/01,17.36,17.45,16.46,16.58
510050,2023/06/02,17.00,17.50,16.56,17.00
510050,2023/06/05,17.03,17.22,16.56,16.63
510050,2023/06/06,16.67,17.09,16.20,16.96
510050,2023/06/07,16.98,17.65,16.65,17.25
510050,2023/06/08,17.26,17.84,17.16,17.16
510050,2023/06/09,17.29,17.35,16.48,16.48
510050,2023/06/12,17.10,17.23,16.24,16.47
510050,2023/06/13,16.73,16.82,16.06,16.07
510050,2023/06/14,16.37,17.24,16.17,16.32
510050,2023/06/15,16.00,16.29,15.62,15.66
510050,2023/06/16,15.77,16.02,15.19,15.36
510050,2023/06/19,15.91,16.16,15.52,16.03
510050,2023/06/20,16.06,16.26,15.45,15.45
510050,2023/06/21,15.66,16.00,15.35,15.97
510050,2023/06/26,17.09,17.76,16.68,17.05
510050,2023/06/27,17.23,17.62,16.13,16.43
510050,2023/06/28,16.60,16.60,15.68,15.69
510050,2023/06/29,16.19,16.28,15.31,15.84
510050,2023/06/30,15.83,15.98,15.21,15.46
510050,2023/07/03,16.06,16.06,15.05,15.09
510050,2023/07/04,15.30,15.43,14.73,14.73
510050,2023/07/05,14.85,15.17,14.85,15.01
510050,2023/07/06,15.14,15.42,14.91,15.25
510050,2023/07/07,15.41,15.82,15.24,15.40
510050,2023/07/10,15.83,15.83,15.03,15.36
510050,2023/07/11,15.23,15.27,14.89,14.97
510050,2023/07/12,15.20,15.26,14.93,15.22
510050,2023/07/13,14.93,14.93,14.85,14.87
510050,2023/07/14,15.03,15.09,14.77,14.80
510050,2023/07/17,15.38,15.54,14.99,15.04
510050,2023/07/18,15.29,15.37,14.79,14.97
510050,2023/07/19,15.29,15.29,14.84,15.06
510050,2023/07/20,15.18,15.88,14.73,15.66
510050,2023/07/21,15.95,15.95,14.84,15.14
510050,2023/07/24,15.95,15.95,14.84,14.84
510050,2023/07/25,15.40,16.08,15.31,15.31
510050,2023/07/26,15.97,16.11,15.21,15.68
510050,2023/07/27,16.22,16.22,15.06,15.06
510050,2023/07/28,15.28,17.48,15.20,15.20
510050,2023/07/31,18.90,19.55,17.88,18.36
510050,2023/08/01,18.36,18.95,18.36,18.36
510050,2023/08/02,17.97,18.45,17.43,17.77
510050,2023/08/03,18.00,18.36,17.90,18.33
510050,2023/08/04,17.97,18.45,17.43,17.77
510050,2023/08/07,18.36,18.95,18.36,18.36
510050,2023/08/08,19.07,19.21,18.78,18.78
510050,2023/08/09,19.09,19.32,18.90,19.01
510050,2023/08/10,19.21,19.28,18.77,19.05
510050,2023/08/11,19.14,19.47,18.72,19.03
510050,2023/08/14,19.80,20.60,18.65,18.73
510050,2023/08/15,18.93,18.93,18.05,18.25
510050,2023/08/16,18.49,18.94,18.27,18.92
510050,2023/08/17,19.18,20.33,18.82,19.11
510050,2023/08/18,19.29,19.86,18.76,19.72
510050,2023/08/21,20.52,21.04,19.83,21.02
510050,2023/08/22,20.99,21.10,19.78,20.32
510050,2023/08/23,20.21,20.55,19.78,20.54
510050,2023/08/24,20.70,20.70,19.38,19.77
510050,2023/08/25,19.90,20.25,19.80,19.80
510050,2023/08/28,20.99,21.10,19.78,20.32
510050,2023/08/29,20.85,21.19,20.61,20.61
510050,2023/08/30,20.00,20.70,20.00,20.20
510050,2023/08/31,19.75,19.78,18.72,18.72
510050,2023/09/01,18.71,18.71,18.06,18.06
510050,2023/09/04,18.52,18.52,17.56,17.58
510050,2023/09/05,17.58,17.59,17.22,17.22
510050,2023/09/06,17.28,17.51,17.08,17.17
510050,2023/09/07,17.17,17.87,17.17,17.61
510050,2023/09/08,18.36,18.36,17.67,17.99
510050,2023/09/11,18.71,18.71,18.06,18.06
510050,2023/09/12,17.63,17.65,17.11,17.17
510050,2023/09/13,16.95,17.51,16.64,17.08
510050,2023/09/14,17.17,17.87,17.17,17.61
510050,2023/09/15,16.86,17.43,16.85,16.85
510050,2023/09/18,18.00,18.00,17.08,17.15
510050,2023/09/19,17.44,17.44,16.80,16.91
510050,2023/09/20,17.01,17.04,16.44,16.56
510050,2023/09/21,16.61,16.89,16.52,16.89
510050,2023/09/22,16.92,16.92,16.37,16.37
510050,2023/09/25,17.20,17.60,17.00,17.17
510050,2023/09/26,17.20,17.25,16.67,16.96
510050,2023/09/27,17.01,17.56,16.86,17.06
510050,2023/09/28,17.40,17.69,16.90,16.99
510050,2023/10/09,18.19,18.19,16.22,16.22
510050,2023/10/10,16.23,16.23,15.89,16.08
510050,2023/10/11,15.83,15.87,15.56,15.63
510050,2023/10/12,15.91,15.94,15.25,15.31
510050,2023/10/13,15.29,15.78,15.18,15.61
510050,2023/10/16,16.27,16.72,16.06,16.41
510050,2023/10/17,16.47,16.58,15.80,15.80
510050,2023/10/18,15.81,16.11,15.45,15.70
510050,2023/10/19,16.06,18.28,16.06,17.95
510050,2023/10/20,18.18,19.16,17.74,18.94
510050,2023/10/23,19.62,20.85,18.78,19.66
510050,2023/10/24,19.83,20.35,18.07,18.29
510050,2023/10/25,17.83,17.83,16.44,16.74
510050,2023/10/26,17.06,17.07,16.10,16.13
510050,2023/10/27,16.42,16.43,15.67,15.76
510050,2023/10/30,16.73,16.89,16.38,16.55
510050,2023/10/31,16.63,16.76,16.30,16.44
510050,2023/11/01,16.49,16.76,16.13,16.24
510050,2023/11/02,16.33,16.33,15.85,15.95
510050,2023/11/03,16.08,16.11,15.50,15.50
510050,2023/11/06,16.10,16.44,15.82,16.34
510050,2023/11/07,16.33,16.41,16.05,16.08
510050,2023/11/08,16.15,16.20,15.91,16.07
510050,2023/11/09,16.13,16.26,15.92,16.13
510050,2023/11/10,16.16,16.63,16.16,16.33
510050,2023/11/13,16.79,17.04,16.45,16.70
510050,2023/11/14,16.68,16.76,16.32,16.45
510050,2023/11/15,16.51,16.51,16.04,16.13
510050,2023/11/16,16.02,16.25,15.80,15.94
510050,2023/11/17,16.03,16.09,15.10,15.28
510050,2023/11/20,14.62,14.69,14.23,14.23
510050,2023/11/21,14.85,15.48,14.35,14.65
510050,2023/11/22,14.78,15.16,14.60,14.97
510050,2023/11/23,15.94,15.94,14.51,14.53
510050,2023/11/24,14.75,15.12,14.72,14.88
510050,2023/11/27,15.30,16.68,15.30,15.73
510050,2023/11/28,15.96,16.17,15.31,15.48
510050,2023/11/29,15.63,16.21,15.51,15.80
510050,2023/11/30,15.75,15.95,15.41,15.45
510050,2023/12/01,15.50,16.84,15.50,15.76
510050,2023/12/04,16.36,16.68,16.10,16.58
510050,2023/12/05,16.90,18.43,16.87,18.32
510050,2023/12/06,18.51,18.79,16.77,17.37
510050,2023/12/07,17.86,18.38,17.00,17.32
510050,2023/12/08,16.98,17.45,16.68,16.81
510050,2023/12/11,17.85,18.15,17.27,17.50
510050,2023/12/12,17.63,17.70,16.91,16.97
510050,2023/12/13,17.04,17.93,16.90,17.61
510050,2023/12/14,17.04,18.00,16.90,17.61
510050,2023/12/15,18.00,19.00,18.00,18.50
510050,2023/12/18,18.85,18.85,17.88,18.14
510050,2023/12/19,18.00,19.00,18.00,18.50
510050,2023/12/20,18.50,19.05,18.09,18.96
510050,2023/12/21,19.21,19.60,17.76,18.04
510050,2023/12/22,18.21,18.40,17.17,17.36
510050,2023/12/25,17.66,17.66,16.70,16.77
510050,2023/12/26,16.89,17.12,16.78,16.78
510050,2023/12/27,17.38,18.00,16.76,16.89
510050,2023/12/28,17.00,18.40,17.00,17.60
510050,2023/12/29,16.94,17.06,15.92,15.92
510050,2024/01/02,16.90,16.93,16.32,16.32
510050,2024/01/03,16.53,16.60,16.23,16.32
510050,2024/01/04,16.43,17.18,16.41,16.60
510050,2024/01/05,16.90,17.73,16.38,17.12
510050,2024/01/08,17.38,18.00,16.76,16.89
510050,2024/01/09,20.02,20.02,18.44,18.46
510050,2024/01/10,21.00,21.00,19.00,19.00
510050,2024/01/11,18.71,18.97,17.98,18.27
510050,2024/01/12,18.62,18.62,17.95,18.25
510050,2024/01/15,19.04,19.11,17.20,17.26
510050,2024/01/16,17.20,17.28,16.39,16.59
510050,2024/01/17,16.68,19.18,16.59,19.18
510050,2024/01/18,19.56,22.95,18.64,18.94
510050,2024/01/19,19.15,19.36,17.49,17.80
510050,2024/01/22,18.14,22.43,17.57,21.61
510050,2024/01/23,21.99,22.54,19.02,19.67
510050,2024/01/24,19.36,20.59,18.02,18.26
510050,2024/01/25,18.65,18.65,17.44,17.44
510050,2024/01/26,17.92,17.92,16.81,16.97
510050,2024/01/29,17.86,18.38,17.59,18.13
510050,2024/01/30,18.45,19.59,18.28,19.50
510050,2024/01/31,19.73,23.56,19.72,21.71
510050,2024/02/01,22.17,23.37,21.00,21.91
510050,2024/02/02,21.72,28.51,21.45,23.72
510050,2024/02/05,24.89,29.58,24.59,24.99
510050,2024/02/06,23.50,23.67,21.05,23.50
510050,2024/02/07,21.98,22.09,20.97,20.97
510050,2024/02/08,21.34,22.10,20.70,20.77
510050,2024/02/19,22.73,22.90,20.28,20.93
510050,2024/02/20,20.89,20.91,18.97,19.08
510050,2024/02/21,19.15,21.32,18.55,19.45
510050,2024/02/22,19.72,20.87,19.66,20.55
510050,2024/02/23,21.08,22.10,20.91,21.11
510050,2024/02/26,21.27,21.70,20.00,20.45
510050,2024/02/27,20.56,20.56,19.41,20.20
510050,2024/02/28,20.27,21.10,19.92,20.67
510050,2024/02/29,21.24,21.24,19.40,19.44
510050,2024/03/01,19.78,19.88,18.96,18.97
510050,2024/03/04,19.71,19.73,19.14,19.16
510050,2024/03/05,19.42,19.45,18.11,18.17
510050,2024/03/06,18.38,18.38,16.99,17.22
510050,2024/03/07,17.33,17.39,16.39,16.70
510050,2024/03/08,16.86,16.86,16.14,16.26
510050,2024/03/11,16.66,16.66,15.92,16.42
510050,2024/03/12,16.55,16.80,16.35,16.40
510050,2024/03/13,16.58,16.84,16.30,16.34
510050,2024/03/14,16.45,16.45,15.99,16.07
510050,2024/03/15,16.31,16.51,15.78,15.88
510050,2024/03/18,16.49,16.58,15.83,15.94
510050,2024/03/19,15.95,16.12,15.71,15.72
510050,2024/03/20,15.93,16.04,15.41,15.85
510050,2024/03/21,15.96,16.19,15.62,15.74
510050,2024/03/22,15.88,17.58,15.88,16.52
510050,2024/03/25,16.91,17.06,15.84,16.30
510050,2024/03/26,16.33,16.42,15.65,15.84
510050,2024/03/27,16.08,16.32,15.54,16.32
510050,2024/03/28,16.57,16.98,15.49,15.49
510050,2024/03/29,15.74,15.74,14.98,15.03
510050,2024/04/01,15.45,15.45,15.02,15.03
510050,2024/04/02,15.17,15.21,14.74,14.74
510050,2024/04/03,14.85,15.15,14.64,14.64
510050,2024/04/08,15.57,15.57,14.87,15.02
510050,2024/04/09,15.16,15.35,14.92,14.92
510050,2024/04/10,15.03,15.50,14.69,14.81
510050,2024/04/11,15.28,15.28,14.50,14.64
510050,2024/04/12,14.50,15.19,14.49,14.94
510050,2024/04/15,15.18,15.66,14.74,15.50
510050,2024/04/16,15.71,16.51,15.63,16.14
510050,2024/04/17,16.26,16.43,15.26,15.41
510050,2024/04/18,16.33,16.80,16.20,16.80
510050,2024/04/19,17.00,17.70,17.00,17.40
510050,2024/04/22,15.88,15.90,15.41,15.56
510050,2024/04/23,16.00,16.00,15.12,15.19
510050,2024/04/24,15.16,15.35,14.92,14.92
510050,2024/04/25,15.38,15.53,14.84,14.88
510050,2024/04/26,14.24,15.39,13.85,14.96
510050,2024/04/29,15.78,17.59,15.78,16.24
510050,2024/04/30,16.69,16.71,14.99,15.02
510050,2024/05/06,16.35,16.46,16.01,16.01
510050,2024/05/07,15.66,15.70,15.20,15.20
510050,2024/05/08,15.00,15.10,14.78,14.96
510050,2024/05/09,15.14,15.30,14.93,15.02
510050,2024/05/10,15.12,15.32,14.81,14.89
510050,2024/05/13,14.85,15.15,14.64,14.64
510050,2024/05/14,15.14,15.20,14.79,14.79
510050,2024/05/15,14.81,14.90,14.65,14.85
510050,2024/05/16,14.53,15.50,14.33,14.35
510050,2024/05/17,14.36,15.07,14.08,14.08
510050,2024/05/20,15.53,16.00,14.74,14.74
510050,2024/05/21,13.89,14.05,13.78,13.84
510050,2024/05/28,13.89,14.05,13.78,13.84
510050,2024/06/03,14.45,14.49,13.92,13.92
510050,2024/06/04,14.06,14.26,13.69,13.71
510050,2024/06/05,13.89,13.98,13.66,13.79
510050,2024/06/06,13.88,14.58,13.57,14.05
510050,2024/06/07,14.03,15.19,13.94,14.11
510050,2024/06/11,14.93,15.77,14.72,14.86
510050,2024/06/12,15.05,15.07,14.26,14.36
510050,2024/06/13,14.49,14.52,13.89,13.93
510050,2024/06/14,14.16,14.29,13.58,13.80
510050,2024/06/17,14.43,14.45,13.89,13.89
510050,2024/06/18,14.25,14.39,13.87,13.87
510050,2024/06/19,14.14,14.38,13.82,14.01
510050,2024/06/20,14.18,14.26,13.59,14.09
510050,2024/06/21,14.24,14.57,13.51,13.56
510050,2024/06/24,14.33,14.33,13.20,13.49
510050,2024/06/25,13.51,14.62,13.09,14.21
510050,2024/06/26,14.37,14.63,13.32,13.54
510050,2024/06/27,13.76,14.24,13.38,13.38
510050,2024/06/28,13.54,13.72,12.66,12.75
510050,2024/07/01,13.30,13.59,12.64,12.80
510050,2024/07/02,12.86,12.87,12.32,12.40
510050,2024/07/03,12.44,12.48,12.05,12.10
510050,2024/07/04,12.16,12.36,11.95,12.13
510050,2024/07/05,12.33,14.39,12.28,12.93
510050,2024/07/08,13.46,13.94,13.13,13.82
510050,2024/07/09,14.00,14.28,13.17,13.33
510050,2024/07/10,14.00,14.50,14.00,14.20
510050,2024/07/11,13.44,13.56,12.84,13.00
510050,2024/07/12,13.03,13.03,12.43,12.46
510050,2024/07/15,12.83,12.87,12.31,12.39
510050,2024/07/16,12.53,12.53,12.13,12.27
510050,2024/07/17,12.41,12.60,12.15,12.60
510050,2024/07/18,12.81,13.14,12.64,13.09
510050,2024/07/19,13.12,13.41,12.58,13.41
510050,2024/07/22,13.81,13.81,13.08,13.30
510050,2024/07/23,13.42,13.42,12.73,12.95
510050,2024/07/24,13.12,13.77,12.58,13.08
510050,2024/07/25,13.03,13.03,12.43,12.46
510050,2024/07/26,13.46,13.94,13.13,13.82
510050,2024/07/29,14.74,14.76,14.04,14.22
510050,2024/07/30,14.54,15.25,14.37,14.60
510050,2024/07/31,15.00,15.00,13.19,13.69
510050,2024/08/01,13.94,14.00,13.61,13.77
510050,2024/08/02,14.19,14.87,14.07,14.49
510050,2024/08/05,15.47,17.72,15.15,17.50
510050,2024/08/06,16.96,17.78,16.60,16.96
510050,2024/08/07,17.20,17.22,15.19,15.22
510050,2024/08/08,15.35,15.61,14.15,14.28
510050,2024/08/09,14.44,14.44,13.94,13.98
510050,2024/08/12,14.56,14.56,13.81,14.04
510050,2024/08/13,14.19,14.19,13.75,14.07
510050,2024/08/14,15.35,16.00,14.15,14.28
510050,2024/08/15,14.56,14.56,13.81,14.04
510050,2024/08/16,13.85,13.89,13.25,13.55
510050,2024/08/19,14.06,14.06,13.45,13.62
510050,2024/08/20,13.82,13.92,13.19,13.48
510050,2024/08/21,13.67,13.67,13.08,13.57
510050,2024/08/22,13.58,13.80,13.24,13.77
510050,2024/08/23,14.02,14.02,13.12,13.30
510050,2024/08/26,13.72,13.72,12.98,13.20
510050,2024/08/27,13.39,13.47,12.89,12.95
510050,2024/08/28,13.06,13.32,12.69,13.07
510050,2024/08/29,13.53,13.53,13.03,13.08
510050,2024/08/30,13.34,13.34,12.33,12.78
510050,2024/09/02,13.52,14.28,13.37,14.06
510050,2024/09/03,13.85,13.89,13.25,13.55
510050,2024/09/04,13.71,14.51,13.71,14.11
510050,2024/09/05,14.03,14.03,13.71,13.87
510050,2024/09/06,14.19,14.87,14.07,14.49
510050,2024/09/09,14.06,14.06,13.45,13.62
510050,2024/09/10,15.19,15.95,15.12,15.66
510050,2024/09/11,15.47,16.20,15.15,16.20
510050,2024/09/12,15.41,15.52,15.06,15.45
510050,2024/09/13,15.00,15.30,15.00,15.10
510050,2024/09/18,14.70,14.72,13.89,14.72
510050,2024/09/19,14.79,14.84,14.16,14.26
510050,2024/09/20,14.39,14.67,13.51,13.59
510050,2024/09/23,13.82,13.82,12.94,13.05
510050,2024/09/24,13.18,17.34,13.10,16.54
510050,2024/09/25,18.68,22.44,17.58,18.06
510050,2024/09/26,18.40,21.79,18.40,21.79
510050,2024/09/27,29.12,45.63,24.24,28.56
510050,2024/09/30,45.55,51.24,32.46,49.14
510050,2024/10/08,85.99,85.99,50.40,53.50
510050,2024/10/09,53.88,53.96,38.93,43.08
510050,2024/10/10,42.46,47.39,38.88,39.17
510050,2024/10/11,38.60,38.60,33.80,37.57
510050,2024/10/14,39.04,39.04,31.56,32.67
510050,2024/10/15,29.12,45.63,24.24,24.62
510050,2024/10/16,24.00,28.00,24.00,25.00
510050,2024/10/17,25.33,26.66,23.47,23.87
510050,2024/10/18,24.90,40.99,23.77,31.58
510050,2024/10/21,25.00,26.66,25.00,26.00
510050,2024/10/22,31.25,31.59,28.34,29.75
510050,2024/10/23,29.45,30.75,26.91,27.02
510050,2024/10/24,24.00,25.43,24.00,25.02
510050,2024/10/25,25.32,28.52,24.75,26.13
510050,2024/10/28,28.60,30.52,28.30,30.01
510050,2024/10/29,30.56,31.03,29.58,29.58
510050,2024/10/30,29.79,30.86,29.79,30.22
510050,2024/10/31,30.49,33.71,30.49,31.98
510050,2024/11/01,32.30,33.95,32.30,32.64
510050,2024/11/04,25.33,26.66,23.47,23.87
510050,2024/11/05,24.90,40.99,23.77,31.58
510050,2024/11/06,25.00,26.66,25.00,26.00
510050,2024/11/07,31.25,31.59,28.34,29.75
510050,2024/11/08,29.45,30.75,26.91,27.02
510050,2024/11/11,27.88,27.88,27.70,27.70
510050,2024/11/12,27.90,27.93,25.36,26.28
510050,2024/11/13,26.00,26.37,25.49,25.49
510050,2024/11/14,25.04,25.04,23.97,24.88
510050,2024/11/15,25.24,25.64,24.48,24.96
510050,2024/11/18,25.80,26.50,25.26,26.36
510050,2024/11/19,26.60,27.06,26.20,26.36
510050,2024/11/20,26.62,26.66,24.81,24.81
510050,2024/11/21,24.50,24.80,22.97,23.12
510050,2024/11/22,23.33,24.19,22.05,24.19
510050,2024/11/25,25.14,25.14,23.15,23.96
510050,2024/11/26,24.20,24.58,23.13,23.34
510050,2024/11/27,23.71,25.25,23.44,23.60
510050,2024/11/28,23.87,23.87,22.15,22.17
510050,2024/11/29,22.27,24.30,21.91,22.83
510050,2024/12/02,24.16,25.39,24.10,24.54
510050,2024/12/03,24.84,25.17,24.29,24.81
510050,2024/12/04,25.07,25.30,24.75,24.88
510050,2024/12/05,25.09,25.14,24.04,24.04
510050,2024/12/06,25.00,25.37,23.93,23.93
510050,2024/12/09,24.94,25.10,23.87,23.90
510050,2024/12/10,26.70,28.12,24.58,24.91
510050,2024/12/11,25.33,25.33,23.86,24.48
510050,2024/12/12,24.51,25.14,24.08,25.14
510050,2024/12/13,24.86,24.86,23.30,23.51
510050,2024/12/16,24.14,24.14,21.81,22.01
510050,2024/12/17,21.40,21.40,20.08,21.11
510050,2024/12/18,21.33,21.33,20.43,21.01
510050,2024/12/19,21.29,21.50,20.91,21.11
510050,2024/12/20,21.22,21.22,19.95,19.95
510050,2024/12/23,20.47,20.47,18.42,19.52
510050,2024/12/24,19.08,19.44,18.30,18.94
510050,2024/12/25,19.03,19.30,18.69,19.23
510050,2024/12/26,19.34,19.34,18.03,18.54
510050,2024/12/27,18.79,18.79,18.03,18.20
510050,2024/12/30,18.93,18.93,18.06,18.41
510050,2024/12/31,18.60,18.92,18.10,18.11
510050,2025/01/02,18.70,21.35,18.49,20.69
510050,2025/01/03,20.63,21.23,19.93,20.28
510050,2025/01/06,20.79,22.30,20.71,21.45
510050,2025/01/07,21.65,21.74,19.16,19.19
510050,2025/01/08,19.35,19.60,18.43,18.47
510050,2025/01/09,18.53,18.63,17.88,17.97
510050,2025/01/10,18.10,18.31,17.78,18.05
510050,2025/01/13,18.71,19.46,18.71,18.76
510050,2025/01/14,18.77,19.79,18.28,19.48
510050,2025/01/15,19.48,19.48,18.60,18.77
510050,2025/01/16,18.82,19.45,18.58,18.86
510050,2025/01/17,18.69,19.99,18.68,19.56
510050,2025/01/20,20.19,20.19,18.98,19.25
510050,2025/01/21,19.46,19.74,18.42,18.65
510050,2025/01/22,18.84,19.50,18.33,18.79
510050,2025/01/23,19.50,20.75,19.28,19.50
510050,2025/01/24,19.70,20.15,18.81,19.10
510050,2025/01/27,18.93,18.93,17.73,17.73
510050,2025/02/05,20.82,20.82,18.61,18.64
510050,2025/02/06,18.93,18.93,17.86,18.40
510050,2025/02/07,18.56,19.60,18.21,18.53
510050,2025/02/10,19.31,19.34,18.60,18.99
510050,2025/02/11,17.35,17.49,16.49,16.49
510050,2025/02/12,18.43,18.57,17.80,18.57
510050,2025/02/13,18.77,18.78,17.80,17.86
510050,2025/02/14,18.17,18.17,17.31,17.45
510050,2025/02/17,18.30,18.69,18.06,18.21
510050,2025/02/18,18.37,18.37,17.78,18.12
510050,2025/02/19,18.30,18.34,17.61,17.65
510050,2025/02/20,17.75,17.84,17.29,17.35
510050,2025/02/21,17.49,19.44,16.92,18.28
510050,2025/02/24,18.46,18.65,17.86,17.92
510050,2025/02/25,17.91,18.41,17.21,17.91
510050,2025/02/26,18.09,18.09,17.35,17.95
510050,2025/02/27,18.17,18.35,17.63,17.69
510050,2025/02/28,17.50,18.08,17.11,17.84
510050,2025/03/03,18.27,18.27,16.77,16.78
510050,2025/03/04,17.49,19.44,16.92,18.28
510050,2025/03/05,16.32,16.32,15.50,15.71
510050,2025/03/06,15.93,16.98,15.64,16.45
510050,2025/03/07,16.36,16.37,15.34,15.42
510050,2025/03/10,15.37,15.41,15.02,15.11
510050,2025/03/11,15.93,16.98,15.64,16.45
510050,2025/03/12,15.67,15.77,15.41,15.53
510050,2025/03/13,15.67,16.00,15.48,15.52
510050,2025/03/14,15.56,19.15,15.33,18.08
510050,2025/03/17,18.66,19.19,17.38,17.59
510050,2025/03/18,17.84,18.26,17.06,17.36
510050,2025/03/19,17.55,17.69,17.01,17.69
510050,2025/03/20,17.35,17.49,16.49,16.49
510050,2025/03/21,16.54,16.99,15.87,15.90
510050,2025/03/24,16.33,16.34,15.13,15.33
510050,2025/03/25,15.67,15.77,15.41,15.53
510050,2025/03/26,15.05,15.05,14.46,14.70
510050,2025/03/27,14.81,14.91,14.17,14.30
510050,2025/03/28,14.52,14.90,14.42,14.59
510050,2025/03/31,15.58,16.57,15.53,15.74
510050,2025/04/01,15.88,16.05,15.44,15.52
510050,2025/04/02,15.57,15.71,15.17,15.33
510050,2025/04/03,15.99,16.14,15.35,15.35
510050,2025/04/07,20.31,37.24,20.31,31.37
510050,2025/04/08,29.88,31.23,22.95,24.24
510050,2025/04/09,24.51,25.59,22.56,22.62
510050,2025/04/10,22.72,22.72,19.56,20.05
510050,2025/04/11,19.50,20.75,19.28,19.50
510050,2025/04/14,19.23,19.23,16.77,17.07
510050,2025/04/15,16.05,16.05,15.75,15.85
510050,2025/04/16,15.79,16.68,15.47,16.68
510050,2025/04/17,16.65,16.65,16.04,16.14
510050,2025/04/18,16.30,16.30,15.62,16.00
510050,2025/04/21,16.27,16.27,15.17,15.69
510050,2025/04/22,15.49,15.60,15.11,15.59
510050,2025/04/23,15.70,16.00,15.19,15.34
510050,2025/04/24,15.42,15.42,14.77,15.11
510050,2025/04/25,15.01,15.46,14.79,15.15
510050,2025/04/28,16.30,16.50,15.94,16.14
510050,2025/04/29,16.18,16.29,16.03,16.15
510050,2025/04/30,16.44,17.22,16.33,17.07
510050,2025/05/06,17.09,17.09,14.91,14.91
510050,2025/05/07,15.83,16.10,14.60,14.60
510050,2025/05/08,14.63,14.87,14.06,14.59
510050,2025/05/09,14.73,14.78,14.57,14.66
510050,2025/05/12,15.39,15.82,15.08,15.75
510050,2025/05/13,15.72,15.74,14.85,14.99
510050,2025/05/14,15.72,16.00,14.85,15.00
510050,2025/05/15,16.92,16.98,15.97,16.13
510050,2025/05/16,15.58,16.57,15.53,15.74
510050,2025/05/19,15.66,15.66,14.29,14.47
510050,2025/05/20,14.49,15.33,14.32,14.96
510050,2025/05/21,14.98,15.59,14.93,15.28
510050,2025/05/22,15.34,16.06,15.09,16.01
510050,2025/05/23,15.92,16.39,15.80,16.33
510050,2025/05/26,16.84,16.88,15.76,15.76
510050,2025/05/27,15.80,15.86,15.37,15.68
510050,2025/05/28,15.77,15.92,15.57,15.72
510050,2025/05/29,15.60,15.61,14.83,15.30
510050,2025/05/30,15.88,16.35,15.21,15.21
510050,2025/06/03,15.52,15.52,14.68,14.74
510050,2025/06/04,14.72,14.72,14.44,14.55
510050,2025/06/05,14.55,14.64,14.44,14.61
510050,2025/06/06,14.74,14.74,14.33,14.33
510050,2025/06/09,14.61,14.73,14.51,14.61
510050,2025/06/10,14.76,14.76,14.32,14.52
510050,2025/06/11,14.61,14.85,14.17,14.57
510050,2025/06/12,14.60,14.66,14.36,14.49
510050,2025/06/13,14.60,14.94,14.52,14.80
510050,2025/06/16,15.41,15.41,14.30,14.30
510050,2025/06/17,14.20,14.28,14.00,14.23
510050,2025/06/18,14.29,14.54,14.11,14.49
510050,2025/06/19,14.47,15.11,14.34,14.61
510050,2025/06/20,14.33,14.33,13.66,13.73
510050,2025/06/23,14.13,14.19,13.20,13.57
510050,2025/06/24,13.49,14.77,13.38,14.32
510050,2025/06/25,14.35,17.61,14.20,16.97
510050,2025/06/26,17.23,17.23,15.50,15.51
510050,2025/06/27,15.55,16.31,14.48,14.53
510050,2025/06/30,14.86,14.86,14.39,14.52
510050,2025/07/01,14.57,14.58,14.20,14.24
510050,2025/07/02,14.29,14.32,14.00,14.03
510050,2025/07/03,14.24,14.45,13.99,14.10
510050,2025/07/04,14.58,14.58,14.24,14.50
510050,2025/07/07,14.67,14.73,14.43,14.64
510050,2025/07/08,14.87,15.54,14.54,15.34
510050,2025/07/09,15.55,15.84,15.25,15.34
510050,2025/07/10,15.38,16.47,15.34,15.74
510050,2025/07/11,15.86,19.35,15.80,16.44
510050,2025/07/14,17.01,17.11,16.22,16.25
510050,2025/07/15,16.33,16.48,15.11,15.16
510050,2025/07/16,15.34,15.55,14.92,15.06
510050,2025/07/17,15.17,15.30,14.72,15.30
510050,2025/07/18,15.49,16.33,14.96,15.07
510050,2025/07/21,15.56,15.78,14.94,15.49
510050,2025/07/22,15.61,15.77,15.21,15.71
510050,2025/07/23,16.15,18.46,16.11,17.37
510050,2025/07/24,17.09,17.09,16.56,16.89
510050,2025/07/25,17.25,17.35,16.80,17.13
510050,2025/07/28,18.10,18.11,17.34,17.74
510050,2025/07/29,17.80,18.04,17.47,17.86
510050,2025/07/30,17.89,18.48,17.20,17.33
510050,2025/07/31,17.20,17.59,17.02,17.14
510050,2025/08/01,17.36,17.39,15.99,16.08
510050,2025/08/04,17.06,17.06,15.93,16.03
510050,2025/08/05,16.32,16.32,15.60,15.84
510050,2025/08/06,15.98,16.10,15.76,15.89
510050,2025/08/07,16.12,16.31,15.87,15.90
510050,2025/08/08,16.11,16.11,15.50,15.51
510050,2025/08/11,16.15,16.24,15.88,16.08
510050,2025/08/12,16.31,16.76,16.21,16.44
510050,2025/08/13,17.20,17.59,17.02,17.14
510050,2025/08/14,18.69,18.69,17.86,17.86
510050,2025/08/15,17.63,20.14,17.39,20.10
510050,2025/08/18,21.20,23.52,20.38,22.29
510050,2025/08/19,22.67,23.38,20.08,20.49
510050,2025/08/20,21.20,23.52,20.38,22.29
510050,2025/08/21,21.94,22.29,20.49,20.94
510050,2025/08/22,21.09,22.75,20.27,22.70
510050,2025/08/25,25.00,26.14,23.83,25.78
510050,2025/08/26,25.66,27.02,24.69,25.06
510050,2025/08/27,25.24,25.58,23.31,24.14
510050,2025/08/28,24.06,24.68,22.74,24.68
510050,2025/08/29,24.98,25.96,24.22,24.22
510050,2025/09/01,26.04,26.04,23.33,23.39
510050,2025/09/02,23.68,23.68,22.41,23.32
510050,2025/09/03,23.86,23.86,22.17,22.24
510050,2025/09/04,22.16,23.39,22.01,22.24
510050,2025/09/05,22.39,22.49,20.09,20.66
510050,2025/09/08,21.27,21.38,20.00,20.33
510050,2025/09/09,22.39,22.49,20.09,20.66
510050,2025/09/10,23.19,25.50,23.19,23.19
510050,2025/09/11,20.00,20.43,20.00,20.00
510050,2025/09/12,20.50,20.74,19.17,19.34
510050,2025/09/15,27.03,30.86,19.24,20.15
510050,2025/09/16,20.00,21.00,19.92,20.80
510050,2025/09/17,22.30,23.40,21.04,21.82
510050,2025/09/18,21.82,21.92,20.91,21.07
510050,2025/09/19,21.00,21.00,19.87,19.87
510050,2025/09/22,20.19,20.63,18.85,19.64
510050,2025/09/23,20.00,21.00,19.92,20.80
510050,2025/09/24,19.45,19.56,18.88,19.01
510050,2025/09/25,19.15,19.15,18.08,18.16
510050,2025/09/26,18.37,18.80,18.19,18.38
510050,2025/09/29,18.85,20.75,18.85,19.86
510050,2025/09/30,18.69,18.69,17.86,17.86
510050,2025/10/09,17.20,17.59,17.02,17.14
510050,2025/10/10,19.37,20.46,19.01,19.03
510050,2025/10/13,27.16,27.16,21.75,22.46
510050,2025/10/14,22.35,23.52,20.22,22.59
510050,2025/10/15,22.78,23.03,20.31,20.84
510050,2025/10/16,22.00,24.00,20.31,22.00
510050,2025/10/17,21.35,23.07,21.23,21.66
510050,2025/10/20,22.30,23.40,21.04,21.82
510050,2025/10/21,21.94,22.29,20.49,20.94
510050,2025/10/22,18.00,19.00,18.00,19.00
510050,2025/10/23,17.09,17.15,16.57,17.02
510050,2025/10/24,17.04,17.24,16.44,16.65
510050,2025/10/27,18.02,18.02,17.23,17.43
510050,2025/10/28,17.69,17.74,17.07,17.15
510050,2025/10/29,17.34,17.53,17.04,17.08
510050,2025/10/30,17.68,17.87,17.20,17.20
510050,2025/10/31,17.42,17.54,17.17,17.33
510050,2025/11/03,18.15,18.30,17.17,17.40
510050,2025/11/04,17.55,17.58,17.28,17.35
510050,2025/11/05,17.83,18.46,16.98,17.12
510050,2025/11/06,17.35,17.35,16.57,16.65
510050,2025/11/07,16.87,17.03,16.28,16.28
510050,2025/11/11,17.15,17.25,16.91,17.23
510050,2025/11/12,17.35,17.81,17.35,17.53
510050,2025/11/13,17.69,17.69,16.77,17.07
510050,2025/11/14,17.31,17.43,16.84,17.02
510050,2025/11/17,17.90,17.98,17.15,17.56
510050,2025/11/18,17.73,18.39,17.30,18.27
510050,2025/11/19,18.47,18.47,17.54,17.56
510050,2025/11/20,17.76,17.76,17.01,17.17
510050,2025/11/21,17.92,19.68,17.73,18.75
510050,2025/11/24,16.98,17.50,16.98,17.12
510050,2025/11/25,17.69,17.69,16.77,17.07
510050,2025/11/26,16.12,16.31,15.87,15.90
510050,2025/11/27,15.54,15.63,14.61,14.92
510050,2025/11/28,15.34,15.34,14.53,14.54
510050,2025/12/01,15.31,15.31,14.48,14.52
510050,2025/12/02,14.71,14.86,14.47,14.53
510050,2025/12/03,14.31,14.31,14.08,14.17
510050,2025/12/04,14.58,14.58,14.24,14.50
510050,2025/12/05,14.16,14.16,13.77,13.79
510050,2025/12/08,14.37,14.74,14.17,14.26
510050,2025/12/09,15.17,15.17,14.02,14.06
510050,2025/12/10,15.61,15.77,15.21,15.71
510050,2025/12/11,14.38,14.65,14.10,14.42
510050,2025/12/12,14.60,14.65,13.88,13.88
510050,2025/12/15,14.72,15.01,14.19,14.33
510050,2025/12/16,14.53,15.75,14.45,15.14
510050,2025/12/17,15.43,15.46,14.34,14.74
510050,2025/12/18,14.84,14.95,14.60,14.67
510050,2025/12/19,14.77,14.85,14.23,14.29
510050,2025/12/22,14.31,14.31,13.72,13.89
510050,2025/12/23,14.64,14.64,12.86,13.30
510050,2025/12/24,13.43,13.97,13.18,13.94
510050,2025/12/25,13.77,13.99,13.55,13.66
510050,2025/12/26,13.72,14.69,13.71,14.27
510050,2025/12/29,14.97,14.97,14.15,14.48
510050,2025/12/30,14.67,15.23,14.53,15.00
510050,2025/12/31,15.28,15.51,14.76,14.81
510050,2026/01/05,17.76,17.76,17.01,17.17
510050,2026/01/06,17.92,19.68,17.73,18.75
510050,2026/01/07,16.98,17.30,16.98,17.12
510050,2026/01/08,17.69,17.69,16.77,17.07
510050,2026/01/09,17.71,18.81,17.20,17.84
510050,2026/01/12,19.20,20.99,18.49,20.13
510050,2026/01/13,21.55,23.42,19.16,19.38
510050,2026/01/14,19.99,20.48,18.38,19.15
510050,2026/01/15,19.24,19.24,16.80,16.83
510050,2026/01/16,17.55,17.77,16.25,16.68
510050,2026/01/19,17.76,17.95,15.72,15.75
510050,2026/01/20,15.80,15.80,15.20,15.43
510050,2026/01/21,15.80,15.82,15.03,15.77
510050,2026/01/22,15.79,16.39,15.12,16.25
510050,2026/01/23,16.34,17.98,16.16,17.91
510050,2026/01/26,18.66,20.28,18.25,19.29
510050,2026/01/27,19.88,19.92,17.30,17.96
510050,2026/01/28,18.32,18.47,17.83,17.99
510050,2026/01/29,18.11,18.31,17.27,17.99
510050,2026/01/30,18.42,19.95,17.88,18.26
510050,2026/02/02,21.00,24.45,20.09,23.03
510050,2026/02/03,22.98,22.98,19.34,19.37
510050,2026/02/04,19.68,19.68,17.56,17.63
510050,2026/02/05,17.91,18.62,17.51,17.55
510050,2026/02/06,18.42,19.95,17.88,18.26
510050,2026/02/09,18.51,18.51,17.38,17.53
510050,2026/02/10,17.72,17.72,16.65,16.80
510050,2026/02/11,16.98,17.30,16.98,17.12
510050,2026/02/12,17.14,17.34,16.73,17.11
510050,2026/02/13,17.68,18.30,17.36,17.86
510050,2026/02/24,18.24,18.24,16.17,16.59
510050,2026/02/25,16.68,16.68,15.35,15.55
510050,2026/02/26,15.67,15.87,14.95,15.15
510050,2026/02/27,15.35,15.49,14.79,14.80
510050,2026/03/02,16.17,17.02,15.65,15.83
510050,2026/03/03,16.02,18.82,15.87,18.32
510050,2026/03/04,19.44,20.60,17.96,19.02
510050,2026/03/05,18.23,18.23,15.96,16.53
510050,2026/03/06,16.96,16.96,15.44,15.48
510050,2026/03/09,19.11,22.66,17.09,17.88
510050,2026/03/10,17.55,17.55,16.21,16.63
510050,2026/03/11,16.98,17.30,16.98,17.12
510050,2026/03/12,18.23,18.23,15.96,16.53
510050,2026/03/13,16.87,17.90,16.87,17.12
510050,2026/03/16,19.26,20.97,17.63,17.67
510050,2026/03/17,19.11,22.66,17.09,17.88
510050,2026/03/18,19.02,19.33,19.02,19.33
510050,2026/03/19,19.11,22.66,17.09,17.88
510050,2026/03/20,21.97,21.97,19.62,19.94
510050,2026/03/23,31.41,46.77,30.07,42.16
510050,2026/03/24,40.03,43.74,26.73,28.87
510050,2026/03/25,19.25,19.25,17.00,17.27
510050,2026/03/26,17.07,18.54,16.47,18.54
510050,2026/03/27,19.29,19.29,16.96,17.28
510050,2026/03/30,19.26,22.00,17.63,17.67
510050,2026/03/31,18.42,19.95,17.88,18.26
510050,2026/04/01,16.52,16.84,16.16,16.34
510050,2026/04/02,16.63,17.79,16.26,17.52
510050,2026/04/03,17.42,18.87,17.28,18.54
510050,2026/04/07,18.63,18.63,17.14,17.75
510050,2026/04/08,15.81,16.37,15.21,16.25
510050,2026/04/09,16.08,16.08,15.40,15.44
510050,2026/04/10,15.44,16.10,15.35,15.64
510050,2026/04/13,16.47,16.47,15.85,15.94
510050,2026/04/14,16.04,16.11,15.77,15.90
510050,2026/04/15,15.78,15.78,15.45,15.78
510050,2026/04/16,15.89,15.89,15.37,15.61
510050,2026/04/17,16.01,16.27,15.48,15.57
510050,2026/04/20,16.20,16.20,14.90,15.07
510050,2026/04/21,15.19,15.20,14.74,14.89
510050,2026/04/22,15.35,15.49,14.79,14.80
510050,2026/04/23,14.85,15.07,14.46,14.60
510050,2026/04/24,14.92,15.18,14.19,14.42
510050,2026/04/27,14.94,14.94,14.45,14.52
510050,2026/04/28,14.64,14.68,13.99,14.30
510050,2026/04/29,14.65,14.65,13.80,14.10
510050,2026/04/30,14.10,15.00,14.00,14.57
510050,2026/05/06,15.79,16.39,15.12,16.25
510050,2026/05/07,16.17,17.02,15.65,15.83
510050,2026/05/08,17.07,18.54,16.47,18.54
510050,2026/05/11,18.20,18.20,17.52,17.77
510050,2026/05/12,18.66,18.99,18.31,18.33
510050,2026/05/13,18.51,18.51,17.38,17.53
510050,2026/05/14,19.09,19.16,17.92,17.92
510050,2026/05/15,18.16,18.21,17.43,17.48
510050,2026/05/18,18.45,18.70,17.68,17.82
510050,2026/05/19,18.15,18.20,16.94,17.27
510050,2026/05/20,17.37,17.66,16.81,16.94
510050,2026/05/21,17.25,18.09,16.86,18.04
510050,2026/05/22,18.21,18.36,17.44,17.63
510050,2026/05/25,18.38,18.38,17.00,17.55
510050,2026/05/26,17.74,18.16,17.01,18.11
510050,2026/05/27,17.81,19.81,17.52,19.38
510050,2026/05/28,19.41,19.41,18.01,18.28
510050,2026/05/29,18.85,20.75,18.85,19.86
510050,2026/06/01,19.02,19.21,18.04,18.15
510050,2026/06/02,18.79,18.92,17.27,17.35
510050,2026/06/03,18.10,18.10,17.41,17.51
510050,2026/06/04,17.62,17.62,17.19,17.31
510050,2026/06/05,17.65,17.91,17.45,17.57
510050,2026/06/08,19.45,20.20,18.67,18.89
510050,2026/06/09,19.07,19.11,17.64,17.68
510050,2026/06/10,17.76,18.00,17.40,17.57
510050,2026/06/11,17.73,17.79,17.73,17.79
510050,2026/06/12,16.90,17.65,16.65,17.18
510050,2026/06/15,17.57,17.94,17.17,17.57
510050,2026/06/16,17.84,18.28,17.35,18.20
510050,2026/06/17,18.15,18.71,18.15,18.55
510050,2026/06/18,18.74,19.49,18.69,18.88
510050,2026/06/22,19.95,21.01,18.40,20.86
510050,2026/06/23,21.23,22.06,21.06,21.60
510050,2026/06/24,21.33,21.80,20.44,20.74
510050,2026/06/25,20.76,20.76,19.54,20.11
510050,2026/06/26,19.95,23.16,19.77,21.65
510050,2026/06/29,18.74,19.49,18.69,18.88
510050,2026/06/30,19.95,21.01,18.40,20.86
510050,2026/07/01,21.33,21.80,20.44,20.74
510050,2026/07/02,19.95,21.01,18.40,20.86
510050,2026/07/03,21.23,22.06,21.06,21.60
510050,2026/07/06,21.58,21.58,20.67,20.91
510050,2026/07/07,21.39,21.56,20.55,21.09
510050,2026/07/08,20.83,21.23,19.99,20.47
510050,2026/07/09,20.72,20.72,19.58,20.07
510050,2026/07/10,20.23,20.31,19.14,19.14
510050,2026/07/13,20.18,22.14,19.60,21.64
510050,2026/07/14,21.96,22.84,19.84,19.94
510050,2026/07/15,19.75,20.04,19.41,19.52
510050,2026/07/16,20.13,21.61,20.03,21.35
510050,2026/07/17,22.05,26.15,21.71,22.47
510050,2026/07/20,22.35,23.89,21.63,22.66
510050,2026/07/21,22.40,23.42,20.06,20.20
510050,2026/07/22,20.45,20.45,19.05,19.09
510050,2026/07/23,19.02,19.21,18.04,18.15
510050,2026/07/24,18.15,18.25,17.65,17.94
510050,2026/07/27,18.68,18.93,17.52,17.79
510050,2026/07/28,18.95,20.72,18.95,19.75
510050,2026/07/29,19.69,21.82,19.55,20.36
510050,2026/07/30,20.94,23.23,20.04,21.32
510050,2026/07/31,20.53,20.53,19.49,19.66
510300,2019/12/23,15.20,14.38,15.20,14.38
510300,2019/12/24,14.79,14.54,13.47,13.97
510300,2019/12/25,13.89,13.62,13.24,13.80
510300,2019/12/26,13.95,13.85,13.12,13.49
510300,2019/12/27,13.56,14.38,13.52,13.83
510300,2019/12/30,14.41,15.38,14.38,15.38
510300,2019/12/31,15.68,16.55,15.68,16.11
510300,2020/01/02,17.29,18.22,16.72,16.76
510300,2020/01/03,17.19,17.52,16.56,16.56
510300,2020/01/06,17.44,18.81,17.44,18.37
510300,2020/01/07,18.63,18.89,18.19,18.78
510300,2020/01/08,18.65,19.24,18.56,18.57
510300,2020/01/09,18.85,18.85,17.58,17.67
510300,2020/01/10,17.97,18.09,16.96,16.96
510300,2020/01/13,17.47,17.58,16.53,16.58
510300,2020/01/14,17.01,17.12,16.13,16.27
510300,2020/01/15,16.37,16.65,15.71,15.84
510300,2020/01/16,16.20,16.24,14.71,14.83
510300,2020/01/17,14.90,14.91,14.06,14.20
510300,2020/01/20,14.72,16.80,14.52,15.90
510300,2020/01/21,17.80,18.46,17.39,18.45
510300,2020/01/22,16.90,19.56,15.89,15.92
510300,2020/01/23,17.40,19.26,16.56,19.26
510300,2020/02/03,32.35,35.35,26.43,34.97
510300,2020/02/04,30.41,30.41,24.39,24.53
510300,2020/02/05,24.99,25.14,22.06,22.57
510300,2020/02/06,22.75,24.69,22.43,23.27
510300,2020/02/07,23.63,24.84,23.63,24.79
510300,2020/02/10,25.55,25.90,22.86,22.91
510300,2020/02/11,23.07,23.07,20.94,21.13
510300,2020/02/12,21.47,21.47,19.56,19.89
510300,2020/02/13,20.15,21.39,20.07,20.82
510300,2020/02/14,21.52,21.52,19.97,19.97
510300,2020/02/17,20.24,21.90,19.88,20.61
510300,2020/02/18,22.23,24.57,20.36,20.36
510300,2020/02/19,21.04,21.96,20.84,21.07
510300,2020/02/20,21.40,21.61,20.88,21.32
510300,2020/02/21,22.52,25.24,22.52,24.31
510300,2020/02/24,25.48,26.52,25.22,25.66
510300,2020/02/25,26.90,27.83,25.58,25.66
510300,2020/02/26,26.43,26.70,25.47,25.67
510300,2020/02/27,25.00,25.16,22.44,22.44
510300,2020/02/28,23.53,26.22,23.53,25.94
510300,2020/03/02,25.10,25.10,22.88,23.96
510300,2020/03/03,24.15,24.15,23.41,23.79
510300,2020/03/04,24.09,24.43,23.73,23.73
510300,2020/03/05,26.99,27.10,25.89,26.23
510300,2020/03/06,24.43,25.39,24.36,24.94
510300,2020/03/09,27.03,30.80,27.03,30.54
510300,2020/03/10,28.71,32.54,27.46,29.43
510300,2020/03/11,29.58,30.24,27.46,29.76
510300,2020/03/12,31.50,34.12,31.16,32.20
510300,2020/03/13,38.06,39.84,35.52,39.17
510300,2020/03/16,39.81,44.05,36.49,41.58
510300,2020/03/17,40.35,47.46,39.53,42.61
510300,2020/03/18,42.11,42.16,31.35,37.38
510300,2020/03/19,40.00,44.44,38.70,38.85
510300,2020/03/20,37.92,38.34,33.67,35.30
510300,2020/03/23,43.15,43.15,38.80,39.79
510300,2020/03/24,37.45,39.68,36.01,37.52
510300,2020/03/25,37.70,37.70,35.20,35.63
510300,2020/03/26,35.95,35.95,34.06,34.69
510300,2020/03/27,34.54,35.84,34.04,35.78
510300,2020/03/30,37.11,37.11,34.73,34.79
510300,2020/03/31,33.57,33.86,32.15,32.25
510300,2020/04/01,32.41,32.41,29.96,30.62
510300,2020/04/02,30.80,30.80,29.11,29.50
510300,2020/04/03,29.63,30.97,29.40,30.47
510300,2020/04/07,30.26,30.26,27.94,27.94
510300,2020/04/08,28.01,28.01,26.45,26.58
510300,2020/04/09,26.19,26.19,24.60,25.26
510300,2020/04/10,25.11,25.11,23.46,23.76
510300,2020/04/13,24.22,24.24,21.88,21.88
510300,2020/04/14,20.56,21.41,20.41,21.41
510300,2020/04/15,21.42,22.33,21.28,22.00
510300,2020/04/16,22.11,22.25,21.50,21.89
510300,2020/04/17,21.78,22.63,21.53,21.68
510300,2020/04/20,22.45,22.72,21.98,22.00
510300,2020/04/21,22.20,23.03,21.64,21.86
510300,2020/04/22,22.23,22.55,21.68,21.68
510300,2020/04/23,21.15,21.44,20.44,20.51
510300,2020/04/24,20.75,20.80,20.13,20.39
510300,2020/04/27,20.74,20.74,19.49,19.85
510300,2020/04/28,19.93,21.41,19.67,20.06
510300,2020/04/29,20.27,21.57,20.27,20.82
510300,2020/04/30,21.02,22.94,21.02,22.82
510300,2020/05/06,24.73,24.73,21.49,21.59
510300,2020/05/07,21.75,21.79,20.34,20.38
510300,2020/05/08,20.36,20.36,19.70,19.70
510300,2020/05/11,20.35,20.35,19.51,19.98
510300,2020/05/12,20.18,20.35,19.87,20.28
510300,2020/05/13,20.54,20.82,20.05,20.20
510300,2020/05/14,20.50,20.52,19.85,19.85
510300,2020/05/15,19.93,20.18,19.36,19.36
510300,2020/05/18,19.48,19.57,18.56,18.78
510300,2020/05/19,18.74,18.89,18.23,18.54
510300,2020/05/20,18.68,18.74,18.27,18.41
510300,2020/05/21,18.50,19.68,18.18,19.68
510300,2020/05/22,19.91,24.45,19.91,20.00
510300,2020/05/25,22.63,22.80,19.89,19.89
510300,2020/05/26,19.85,19.85,18.38,19.49
510300,2020/05/27,19.72,20.87,19.72,20.87
510300,2020/05/28,20.72,21.97,20.06,20.71
510300,2020/05/29,21.65,21.65,21.01,21.16
510300,2020/06/01,20.25,20.25,19.02,19.02
510300,2020/06/02,19.03,19.57,18.39,18.41
510300,2020/06/03,18.68,19.47,18.52,19.25
510300,2020/06/04,19.37,19.65,19.03,19.03
510300,2020/06/05,19.08,19.08,18.47,18.47
510300,2020/06/08,19.07,19.13,18.41,18.41
510300,2020/06/09,18.60,18.96,18.37,18.82
510300,2020/06/10,19.05,19.18,18.69,18.96
510300,2020/06/11,19.19,19.91,18.73,19.46
510300,2020/06/12,20.27,20.59,18.97,19.15
510300,2020/06/15,19.89,20.54,19.39,20.45
510300,2020/06/16,19.73,19.73,18.39,18.75
510300,2020/06/17,18.95,19.26,18.76,19.08
510300,2020/06/18,19.29,19.74,18.76,19.12
510300,2020/06/19,19.50,19.98,18.81,19.54
510300,2020/06/22,20.33,21.64,20.27,20.92
510300,2020/06/23,21.54,21.89,21.15,21.30
510300,2020/06/24,21.30,22.00,21.20,21.34
510300,2020/06/29,22.00,22.00,19.50,19.50
510300,2020/06/30,19.56,19.56,18.23,18.71
510300,2020/07/01,18.75,19.89,18.59,19.54
510300,2020/07/02,19.88,23.44,19.88,22.60
510300,2020/07/03,24.38,27.07,23.62,24.58
510300,2020/07/06,28.75,34.30,28.02,33.84
510300,2020/07/07,37.26,37.45,29.18,29.63
510300,2020/07/08,33.00,34.64,30.27,32.77
510300,2020/07/09,32.91,34.67,32.62,33.82
510300,2020/07/10,33.44,33.92,32.07,32.41
510300,2020/07/13,33.02,33.21,29.43,29.46
510300,2020/07/14,29.04,31.15,29.04,29.66
510300,2020/07/15,31.17,31.51,29.58,30.24
510300,2020/07/16,30.68,32.54,30.28,32.32
510300,2020/07/17,32.37,32.82,27.97,28.00
510300,2020/07/20,28.45,30.22,27.03,28.53
510300,2020/07/21,29.10,29.33,27.36,27.60
510300,2020/07/22,27.82,29.81,26.69,27.33
510300,2020/07/23,27.06,30.68,27.06,28.59
510300,2020/07/24,29.41,33.33,29.41,31.72
510300,2020/07/27,32.13,32.34,30.85,30.95
510300,2020/07/28,30.15,30.78,29.55,30.29
510300,2020/07/29,30.45,31.85,29.85,31.02
510300,2020/07/30,31.30,31.87,30.86,30.88
510300,2020/07/31,31.48,33.12,31.16,32.14
510300,2020/08/03,33.87,34.30,33.29,33.52
510300,2020/08/04,33.98,34.17,33.11,33.01
510300,2020/08/05,32.92,33.15,31.84,31.91
510300,2020/08/06,32.30,32.62,31.56,32.29
510300,2020/08/07,32.72,32.77,31.52,31.52
510300,2020/08/10,32.94,32.94,31.31,31.36
510300,2020/08/11,31.47,31.48,29.76,29.98
510300,2020/08/12,30.40,31.16,29.56,29.56
510300,2020/08/13,29.64,30.07,28.58,28.73
510300,2020/08/14,29.11,29.22,28.13,28.45
510300,2020/08/17,30.00,31.98,29.14,31.38
510300,2020/08/18,31.74,32.17,30.49,31.15
510300,2020/08/19,31.48,31.48,29.64,29.72
510300,2020/08/20,30.02,30.03,28.78,28.81
510300,2020/08/21,29.30,29.30,28.39,29.02
510300,2020/08/24,30.33,30.33,28.28,28.45
510300,2020/08/25,28.30,28.38,27.60,28.16
510300,2020/08/26,28.14,29.15,28.06,28.39
510300,2020/08/27,27.85,28.52,26.92,27.04
510300,2020/08/28,27.07,27.90,26.43,27.79
510300,2020/08/31,29.06,29.88,27.43,27.43
510300,2020/09/01,27.54,27.54,26.78,27.30
510300,2020/09/02,27.79,28.18,27.15,27.61
510300,2020/09/03,27.75,28.27,27.59,27.66
510300,2020/09/04,28.31,29.48,27.53,27.60
510300,2020/09/07,28.53,28.53,27.45,27.79
510300,2020/09/08,27.86,27.86,26.86,27.20
510300,2020/09/09,27.86,27.86,26.86,27.20
510300,2020/09/10,28.16,28.16,26.11,26.19
510300,2020/09/11,26.50,26.52,24.88,24.98
510300,2020/09/14,25.30,25.30,23.10,23.12
510300,2020/09/15,23.23,23.41,22.39,22.70
510300,2020/09/16,22.84,22.90,21.73,21.90
510300,2020/09/17,22.03,22.40,21.65,22.26
510300,2020/09/18,22.14,23.60,21.27,23.09
510300,2020/09/21,23.00,24.00,22.10,23.80
510300,2020/09/22,24.30,24.47,23.77,23.92
510300,2020/09/23,24.07,24.07,22.92,23.09
510300,2020/09/24,23.39,25.03,23.32,24.18
510300,2020/09/25,23.91,24.85,23.79,24.38
510300,2020/09/28,25.16,26.19,25.01,25.83
510300,2020/09/29,26.14,27.53,26.10,27.44
510300,2020/09/30,27.76,28.11,26.17,27.85
510300,2020/10/09,28.15,28.15,22.84,22.93
510300,2020/10/12,23.89,25.84,22.79,25.19
510300,2020/10/13,25.00,25.07,24.08,24.45
510300,2020/10/14,24.59,24.64,23.60,23.75
510300,2020/10/15,23.93,24.43,23.75,24.03
510300,2020/10/16,24.27,24.42,23.68,24.00
510300,2020/10/19,24.43,24.82,22.33,22.46
510300,2020/10/20,22.55,22.65,21.40,22.00
510300,2020/10/21,22.27,22.67,21.93,22.33
510300,2020/10/22,23.00,23.20,22.20,22.70
510300,2020/10/23,22.89,23.86,22.78,22.78
510300,2020/10/26,23.68,24.76,22.54,22.60
510300,2020/10/27,23.61,23.61,22.27,23.62
510300,2020/10/28,22.60,22.88,22.17,22.58
510300,2020/10/29,23.54,23.87,22.86,22.92
510300,2020/10/30,23.27,24.10,23.18,23.74
510300,2020/11/02,24.75,24.75,23.56,24.28
510300,2020/11/03,24.71,24.71,23.84,24.45
510300,2020/11/04,25.27,25.27,22.85,22.94
510300,2020/11/05,23.68,24.76,22.54,22.60
510300,2020/11/06,22.90,22.90,22.05,22.30
510300,2020/11/09,24.21,24.89,23.03,23.71
510300,2020/11/10,24.20,24.51,22.89,23.53
510300,2020/11/11,23.60,23.62,22.69,22.80
510300,2020/11/12,22.95,22.95,22.30,22.50
510300,2020/11/13,22.47,22.47,21.28,21.34
510300,2020/11/16,22.37,22.37,21.28,21.78
510300,2020/11/17,22.00,22.00,20.74,21.12
510300,2020/11/18,21.40,22.24,21.28,21.86
510300,2020/11/19,21.93,22.60,21.81,22.00
510300,2020/11/20,22.40,22.70,21.25,21.29
510300,2020/11/23,21.90,22.59,21.04,21.43
510300,2020/11/24,22.15,22.52,21.31,21.33
510300,2020/11/25,21.63,22.13,21.07,21.07
510300,2020/11/26,21.30,21.30,20.18,20.40
510300,2020/11/27,20.43,20.69,19.92,19.92
510300,2020/11/30,20.48,23.77,20.48,20.82
510300,2020/12/01,20.90,23.85,20.40,23.44
510300,2020/12/02,23.82,25.38,22.44,24.02
510300,2020/12/03,23.92,24.36,22.92,23.93
510300,2020/12/04,23.41,23.41,22.10,22.88
510300,2020/12/07,21.77,22.41,20.94,20.95
510300,2020/12/08,21.11,21.46,19.91,20.00
510300,2020/12/09,20.63,20.63,19.56,20.03
510300,2020/12/10,20.59,20.62,19.15,19.23
510300,2020/12/11,19.23,20.87,18.99,20.21
510300,2020/12/14,20.70,20.70,18.92,18.99
510300,2020/12/15,19.23,19.55,18.72,18.81
510300,2020/12/16,18.96,19.39,18.59,18.77
510300,2020/12/17,18.72,19.64,18.27,18.64
510300,2020/12/18,18.72,18.99,18.22,18.23
510300,2020/12/21,19.00,19.99,19.00,19.76
510300,2020/12/22,19.40,19.61,18.32,19.07
510300,2020/12/23,19.17,19.66,18.55,19.10
510300,2020/12/24,18.94,19.22,18.19,18.30
510300,2020/12/25,18.62,18.76,17.66,17.69
510300,2020/12/28,18.47,19.86,17.74,19.16
510300,2020/12/29,19.50,19.89,18.54,18.89
510300,2020/12/30,18.93,20.45,18.93,20.00
510300,2020/12/31,20.32,22.74,20.32,21.44
510300,2021/01/04,22.60,23.15,21.75,22.03
510300,2021/01/05,21.96,22.37,21.45,22.07
510300,2021/01/06,22.98,23.57,22.50,23.40
510300,2021/01/07,24.21,26.94,24.20,26.94
510300,2021/01/08,28.70,29.66,26.43,27.07
510300,2021/01/11,27.89,27.92,24.59,24.59
510300,2021/01/12,24.56,25.78,23.42,25.78
510300,2021/01/13,26.38,28.15,24.41,24.85
510300,2021/01/14,25.02,25.79,24.40,24.70
510300,2021/01/15,24.81,25.28,22.97,23.35
510300,2021/01/18,24.19,24.88,23.14,23.42
510300,2021/01/19,23.71,24.14,23.24,23.52
510300,2021/01/20,23.65,24.11,23.05,23.12
510300,2021/01/21,25.26,25.44,23.25,24.11
510300,2021/01/22,24.50,24.65,22.87,23.19
510300,2021/01/25,24.09,24.76,23.33,23.97
510300,2021/01/26,24.00,25.00,23.44,23.52
510300,2021/01/27,23.79,24.39,23.11,23.33
510300,2021/01/28,24.43,24.85,23.86,24.56
510300,2021/01/29,24.81,26.34,24.07,24.44
510300,2021/02/01,25.60,26.27,25.21,25.40
510300,2021/02/02,25.43,25.43,23.52,23.90
510300,2021/02/03,24.00,24.20,22.67,22.95
510300,2021/02/04,23.79,24.40,22.78,24.01
510300,2021/02/05,23.85,24.56,23.79,24.13
510300,2021/02/08,25.25,25.41,23.98,23.98
510300,2021/02/09,24.20,24.80,23.32,24.22
510300,2021/02/10,24.65,25.94,24.65,25.58
510300,2021/02/18,27.01,27.20,24.50,25.12
510300,2021/02/19,25.31,25.31,23.16,23.16
510300,2021/02/22,24.70,25.38,23.85,24.45
510300,2021/02/23,25.00,25.11,23.72,24.45
510300,2021/02/24,24.10,28.38,24.10,25.71
510300,2021/02/25,25.37,26.12,24.28,24.63
510300,2021/02/26,26.62,28.26,25.36,26.69
510300,2021/03/01,27.00,27.00,24.77,25.14
510300,2021/03/02,25.00,25.74,23.78,24.30
510300,2021/03/03,24.57,24.92,23.66,24.36
510300,2021/03/04,24.46,27.09,24.46,25.96
510300,2021/03/05,27.54,29.06,26.22,27.74
510300,2021/03/08,26.83,28.50,26.38,27.98
510300,2021/03/09,28.16,31.17,26.63,27.36
510300,2021/03/10,26.96,27.85,26.16,26.47
510300,2021/03/11,26.26,26.28,23.84,24.23
510300,2021/03/12,24.32,24.55,22.85,23.06
510300,2021/03/15,23.40,24.85,22.98,23.93
510300,2021/03/16,23.88,24.68,22.70,22.98
510300,2021/03/17,23.57,24.05,22.59,23.22
510300,2021/03/18,23.40,23.54,22.57,22.78
510300,2021/03/19,23.90,24.38,23.05,23.25
510300,2021/03/22,24.84,24.84,22.32,22.68
510300,2021/03/23,22.51,23.27,21.96,22.20
510300,2021/03/24,22.79,23.69,22.24,22.39
510300,2021/03/25,24.79,25.43,22.66,23.19
510300,2021/03/26,22.95,22.95,20.83,21.62
510300,2021/03/29,21.94,22.33,20.91,21.45
510300,2021/03/30,21.56,22.19,20.72,21.16
510300,2021/03/31,21.32,22.08,20.83,20.83
510300,2021/04/01,20.75,20.94,19.40,19.69
510300,2021/04/02,19.78,21.34,19.77,20.58
510300,2021/04/06,21.51,21.77,20.05,20.09
510300,2021/04/07,20.85,20.85,19.58,19.67
510300,2021/04/08,19.92,20.15,19.09,19.29
510300,2021/04/09,19.50,19.84,19.05,19.05
510300,2021/04/12,19.83,20.45,19.37,19.95
510300,2021/04/13,20.09,20.26,19.10,19.94
510300,2021/04/14,19.93,20.09,19.19,19.70
510300,2021/04/15,19.85,20.96,19.68,19.80
510300,2021/04/16,20.00,20.35,19.18,19.35
510300,2021/04/19,20.41,20.49,19.68,20.03
510300,2021/04/20,20.10,20.37,19.83,19.88
510300,2021/04/21,19.95,20.35,19.73,20.05
510300,2021/04/22,20.29,20.45,19.88,19.96
510300,2021/04/23,20.31,20.90,19.99,19.99
510300,2021/04/26,20.89,20.96,20.89,20.96
510300,2021/04/27,20.56,21.09,19.97,20.35
510300,2021/04/28,20.61,20.87,19.78,20.07
510300,2021/04/29,20.57,21.24,19.83,20.34
510300,2021/04/30,20.54,21.20,19.60,19.79
510300,2021/05/06,20.97,21.07,19.52,19.53
510300,2021/05/07,19.70,19.78,18.99,19.43
510300,2021/05/10,19.94,20.09,19.43,19.52
510300,2021/05/11,20.65,20.86,19.38,19.75
510300,2021/05/12,19.96,20.35,19.81,20.02
510300,2021/05/13,20.46,21.16,20.10,20.10
510300,2021/05/14,19.55,20.48,19.39,20.28
510300,2021/05/17,21.06,23.02,21.06,21.85
510300,2021/05/18,22.18,22.33,21.00,21.57
510300,2021/05/19,20.08,21.27,19.88,20.63
510300,2021/05/20,20.71,21.27,20.57,20.70
510300,2021/05/21,20.89,21.05,19.34,19.55
510300,2021/05/24,20.12,20.36,19.15,19.88
510300,2021/05/25,20.13,22.11,19.89,21.37
510300,2021/05/26,22.16,22.99,21.27,21.58
510300,2021/05/27,20.90,22.66,20.41,21.61
510300,2021/05/28,22.76,23.76,22.44,22.44
510300,2021/05/31,23.41,23.61,22.82,23.23
510300,2021/06/01,23.74,23.75,22.90,23.04
510300,2021/06/02,24.10,24.10,21.61,21.67
510300,2021/06/03,21.81,21.91,20.88,20.88
510300,2021/06/04,21.11,22.23,20.39,20.90
510300,2021/06/07,21.80,22.06,21.36,21.63
510300,2021/06/08,21.64,22.28,21.62,22.11
510300,2021/06/09,22.30,22.41,21.03,21.32
510300,2021/06/10,21.48,21.51,20.27,20.27
510300,2021/06/11,20.80,21.04,20.46,20.48
510300,2021/06/15,21.40,21.50,20.04,20.05
510300,2021/06/16,20.20,21.03,19.86,20.91
510300,2021/06/17,21.20,21.43,19.25,19.89
510300,2021/06/18,20.06,20.16,19.32,19.68
510300,2021/06/21,20.36,21.01,20.11,20.12
510300,2021/06/22,20.26,20.37,19.39,19.71
510300,2021/06/23,19.77,19.78,18.06,18.45
510300,2021/06/24,19.50,20.00,19.25,19.90
510300,2021/06/25,19.46,19.56,18.38,18.84
510300,2021/06/28,19.50,19.52,18.50,18.57
510300,2021/06/29,18.94,19.04,18.59,18.65
510300,2021/06/30,18.77,19.25,18.59,19.05
510300,2021/07/01,19.38,19.54,18.19,18.25
510300,2021/07/02,18.75,19.03,18.47,18.57
510300,2021/07/05,19.36,19.36,17.75,17.75
510300,2021/07/06,18.06,18.42,17.62,17.64
510300,2021/07/07,18.14,18.19,17.17,17.37
510300,2021/07/08,17.49,18.21,17.31,17.75
510300,2021/07/09,18.10,19.34,17.87,18.11
510300,2021/07/12,19.02,19.54,18.41,18.61
510300,2021/07/13,18.81,18.91,18.40,18.41
510300,2021/07/14,18.65,18.90,18.24,18.38
510300,2021/07/15,18.76,18.76,17.75,17.97
510300,2021/07/16,18.26,18.41,17.52,17.55
510300,2021/07/19,18.41,18.73,17.67,17.78
510300,2021/07/20,18.37,18.61,18.11,18.31
510300,2021/07/21,18.34,18.47,17.77,17.92
510300,2021/07/22,18.42,18.42,17.73,17.75
510300,2021/07/23,18.06,18.09,17.27,17.36
510300,2021/07/26,18.29,22.30,18.29,21.20
510300,2021/07/27,20.10,22.60,18.84,21.44
510300,2021/07/28,22.30,24.00,20.74,20.74
510300,2021/07/29,22.11,22.11,20.66,20.68
510300,2021/07/30,21.81,21.98,20.38,20.39
510300,2021/08/02,21.17,21.50,19.41,19.74
510300,2021/08/03,19.89,19.98,19.02,19.06
510300,2021/08/04,19.24,19.57,18.91,19.03
510300,2021/08/05,19.38,19.38,18.85,19.07
510300,2021/08/06,19.21,19.21,18.66,18.72
510300,2021/08/09,19.24,19.43,18.45,18.45
510300,2021/08/10,18.67,18.88,18.45,18.88
510300,2021/08/11,19.02,20.05,18.25,18.43
510300,2021/08/12,18.95,18.95,18.35,18.43
510300,2021/08/13,18.59,18.84,18.36,18.49
510300,2021/08/16,19.17,19.17,18.55,19.10
510300,2021/08/17,19.23,20.42,18.81,19.53
510300,2021/08/18,19.70,20.22,18.68,18.80
510300,2021/08/19,19.17,19.67,19.11,19.36
510300,2021/08/20,19.88,22.38,19.74,20.83
510300,2021/08/23,22.78,23.14,19.66,19.88
510300,2021/08/24,19.88,19.88,18.80,18.99
510300,2021/08/25,19.20,20.00,18.50,18.86
510300,2021/08/26,18.99,19.46,18.31,19.33
510300,2021/08/27,19.12,19.30,18.72,19.25
510300,2021/08/30,19.80,20.08,19.32,19.73
510300,2021/08/31,20.00,20.70,19.41,19.58
510300,2021/09/01,19.65,20.12,19.24,19.33
510300,2021/09/02,19.50,20.19,19.50,19.90
510300,2021/09/03,20.40,20.98,19.45,19.60
510300,2021/09/06,20.50,20.60,19.27,19.41
510300,2021/09/07,19.80,19.88,19.20,19.83
510300,2021/09/08,20.04,20.72,19.75,19.84
510300,2021/09/09,20.02,20.05,19.60,19.93
510300,2021/09/10,20.20,20.30,19.68,19.77
510300,2021/09/13,20.84,20.84,19.94,20.05
510300,2021/09/14,19.85,19.98,19.07,19.16
510300,2021/09/15,19.49,20.00,19.40,19.48
510300,2021/09/16,19.72,21.00,19.40,20.53
510300,2021/09/17,19.20,20.50,21.00,18.98
510300,2021/09/22,21.00,21.00,20.00,20.56
510300,2021/09/23,20.35,20.35,19.50,19.68
510300,2021/09/24,19.75,19.93,18.40,18.83
510300,2021/09/27,19.08,19.77,18.19,19.39
510300,2021/09/28,20.01,20.30,19.43,19.60
510300,2021/09/29,20.40,21.21,20.28,20.85
510300,2021/09/30,21.26,21.49,20.58,20.74
510300,2021/10/08,21.31,21.31,18.59,18.72
510300,2021/10/11,19.29,19.29,18.23,18.25
510300,2021/10/12,18.63,18.99,17.96,18.33
510300,2021/10/13,18.59,18.80,17.95,18.27
510300,2021/10/14,18.59,18.66,17.98,18.00
510300,2021/10/15,18.70,18.70,17.59,17.59
510300,2021/10/18,18.51,18.95,18.30,18.52
510300,2021/10/19,18.52,18.53,17.65,17.66
510300,2021/10/20,17.76,18.28,17.58,17.83
510300,2021/10/21,17.97,18.24,17.76,18.21
510300,2021/10/22,18.10,19.00,18.10,18.30
510300,2021/10/25,19.21,19.30,18.52,18.65
510300,2021/10/26,18.88,19.00,18.30,18.50
510300,2021/10/27,18.71,18.70,18.10,18.23
510300,2021/10/28,18.92,19.08,18.17,18.46
510300,2021/10/29,18.67,18.85,17.98,18.07
510300,2021/11/01,18.60,19.20,18.20,18.62
510300,2021/11/02,18.89,19.97,18.25,19.33
510300,2021/11/03,19.52,19.79,18.78,19.49
510300,2021/11/04,19.38,19.38,18.36,18.46
510300,2021/11/05,18.70,18.80,17.94,18.14
510300,2021/11/08,19.13,19.50,18.40,18.55
510300,2021/11/09,18.70,19.20,18.50,18.57
510300,2021/11/10,18.89,19.99,18.59,18.66
510300,2021/11/11,18.99,18.99,18.00,18.17
510300,2021/11/12,18.33,18.42,17.87,17.91
510300,2021/11/15,18.57,19.00,18.10,18.38
510300,2021/11/16,18.50,18.60,18.10,18.23
510300,2021/11/17,18.55,18.60,18.10,18.46
510300,2021/11/18,18.47,18.52,17.57,17.66
510300,2021/11/19,17.00,18.20,17.50,17.59
510300,2021/11/22,17.80,18.06,17.69,17.87
510300,2021/11/23,18.86,18.86,18.27,18.35
510300,2021/11/24,18.65,18.65,18.04,18.06
510300,2021/11/25,17.00,17.00,16.44,16.51
510300,2021/11/26,16.85,16.85,16.35,16.52
510300,2021/11/29,17.62,17.71,17.28,17.37
510300,2021/11/30,17.46,17.56,16.38,16.84
510300,2021/12/01,17.58,17.60,16.99,17.06
510300,2021/12/02,17.00,17.00,16.59,16.59
510300,2021/12/03,16.87,16.89,16.57,16.61
510300,2021/12/06,17.15,17.37,16.85,16.89
510300,2021/12/07,17.30,17.41,17.02,17.12
510300,2021/12/08,17.40,18.24,17.32,18.06
510300,2021/12/09,18.36,20.84,18.36,19.22
510300,2021/12/10,19.26,19.26,18.42,18.65
510300,2021/12/13,19.17,20.20,18.64,18.87
510300,2021/12/14,18.85,18.85,18.23,18.39
510300,2021/12/15,18.40,18.40,17.79,17.86
510300,2021/12/16,18.15,18.20,17.50,17.92
510300,2021/12/17,18.20,18.30,17.40,17.80
510300,2021/12/20,17.91,18.35,17.52,18.20
510300,2021/12/21,18.40,18.40,17.50,17.67
510300,2021/12/22,17.80,17.80,17.29,17.34
510300,2021/12/23,15.48,15.52,14.42,14.56
510300,2021/12/24,15.00,15.82,14.92,15.37
510300,2021/12/27,16.16,16.49,15.93,15.93
510300,2021/12/28,16.30,16.54,15.93,16.14
510300,2021/12/29,16.46,17.85,16.46,17.57
510300,2021/12/30,17.20,17.20,16.50,16.77
510300,2021/12/31,17.10,17.80,16.80,17.00
510300,2022/01/04,17.80,18.47,17.33,17.43
510300,2022/01/05,17.87,18.25,17.43,18.02
510300,2022/01/06,18.40,19.36,17.97,18.12
510300,2022/01/07,17.76,18.01,17.38,17.50
510300,2022/01/10,18.12,18.41,17.65,17.79
510300,2022/01/11,18.03,18.19,17.75,17.85
510300,2022/01/12,17.73,17.75,17.43,17.51
510300,2022/01/13,17.76,18.58,17.58,18.58
510300,2022/01/14,19.06,19.65,18.31,18.52
510300,2022/01/17,18.90,19.00,17.82,17.94
510300,2022/01/18,17.90,18.10,17.50,17.59
510300,2022/01/19,17.87,17.98,17.46,17.69
510300,2022/01/20,17.59,17.84,17.41,17.62
510300,2022/01/21,17.70,18.00,17.60,17.79
510300,2022/01/24,18.78,18.90,18.10,18.20
510300,2022/01/25,19.15,21.12,19.15,20.71
510300,2022/01/26,20.23,21.23,19.50,19.54
510300,2022/01/27,20.19,21.46,19.88,20.58
510300,2022/01/28,20.40,23.59,20.40,23.03
510300,2022/02/07,22.46,22.46,18.68,18.84
510300,2022/02/08,19.06,19.22,18.02,18.06
510300,2022/02/09,18.16,18.20,17.21,17.32
510300,2022/02/10,17.37,17.64,16.82,16.89
510300,2022/02/11,16.95,17.11,16.55,16.60
510300,2022/02/14,17.40,18.02,17.07,17.59
510300,2022/02/15,17.65,17.83,17.03,17.28
510300,2022/02/16,16.84,17.23,16.64,16.73
510300,2022/02/17,16.78,17.03,16.37,16.93
510300,2022/02/18,17.04,17.04,16.16,16.32
510300,2022/02/21,16.87,16.87,16.17,16.25
510300,2022/02/22,16.61,17.79,16.53,16.87
510300,2022/02/23,16.67,16.68,15.97,16.10
510300,2022/02/24,16.51,19.26,16.28,18.10
510300,2022/02/25,17.22,17.49,16.07,16.96
510300,2022/02/28,17.39,18.60,17.26,17.30
510300,2022/03/01,16.40,16.77,16.24,16.34
510300,2022/03/02,16.80,17.04,16.25,16.40
510300,2022/03/03,16.29,17.09,16.20,16.81
510300,2022/03/04,17.77,18.10,16.67,16.98
510300,2022/03/07,18.05,20.93,18.05,20.52
510300,2022/03/08,20.36,22.45,20.20,21.75
510300,2022/03/09,21.00,27.48,20.77,23.42
510300,2022/03/10,21.28,21.41,20.13,20.49
510300,2022/03/11,21.77,23.59,20.86,21.85
510300,2022/03/14,23.16,25.59,23.16,25.50
510300,2022/03/15,28.02,29.70,25.25,28.43
510300,2022/03/16,28.05,30.38,24.14,24.82
510300,2022/03/17,24.46,24.59,22.29,22.53
510300,2022/03/18,22.82,23.06,21.52,21.89
510300,2022/03/21,22.32,22.90,21.14,21.18
510300,2022/03/22,21.50,21.61,19.25,19.82
510300,2022/03/23,19.47,20.03,17.96,17.96
510300,2022/03/24,19.40,19.90,19.10,19.20
510300,2022/03/25,19.92,22.44,19.69,22.00
510300,2022/03/28,23.63,25.75,22.57,23.31
510300,2022/03/29,22.94,23.95,22.34,23.25
510300,2022/03/30,22.67,22.67,21.53,21.55
510300,2022/03/31,21.85,22.18,21.50,21.50
510300,2022/04/01,22.38,22.41,20.88,20.88
510300,2022/04/06,22.03,22.03,20.35,20.41
510300,2022/04/07,20.76,21.71,20.73,21.15
510300,2022/04/08,21.24,21.95,20.61,20.62
510300,2022/04/11,21.35,23.68,21.20,23.29
510300,2022/04/12,23.26,24.21,21.68,22.15
510300,2022/04/13,22.71,22.72,21.68,22.21
510300,2022/04/14,21.80,22.26,21.05,21.10
510300,2022/04/15,21.58,21.72,21.03,21.10
510300,2022/04/18,22.93,22.93,21.47,21.52
510300,2022/04/19,21.68,22.31,21.28,21.49
510300,2022/04/20,21.73,23.48,21.73,23.02
510300,2022/04/21,23.54,25.68,22.74,25.00
510300,2022/04/22,25.96,27.02,23.59,24.19
510300,2022/04/25,27.48,30.28,26.65,29.60
510300,2022/04/26,29.53,31.48,26.15,27.76
510300,2022/04/27,28.88,29.12,25.40,25.82
510300,2022/04/28,26.05,26.50,22.89,23.12
510300,2022/04/29,23.14,24.04,22.29,22.36
510300,2022/05/05,25.02,25.02,23.50,23.81
510300,2022/05/06,25.17,26.05,24.74,25.21
510300,2022/05/09,26.39,26.91,25.58,25.98
510300,2022/05/10,29.23,29.23,25.27,25.67
510300,2022/05/11,27.78,27.78,24.32,24.88
510300,2022/05/12,25.37,25.72,25.00,25.22
510300,2022/05/13,24.72,25.38,24.37,24.45
510300,2022/05/16,25.20,25.65,24.87,25.04
510300,2022/05/17,25.12,25.18,23.33,23.53
510300,2022/05/18,26.90,26.90,22.84,22.92
510300,2022/05/19,23.75,23.79,22.72,22.76
510300,2022/05/20,22.93,22.93,21.67,22.17
510300,2022/05/23,22.98,23.05,21.90,21.96
510300,2022/05/24,22.40,22.42,22.05,22.31
510300,2022/05/25,22.88,23.22,22.08,22.13
510300,2022/05/26,21.72,21.92,20.99,21.46
510300,2022/05/27,21.03,21.36,20.39,20.84
510300,2022/05/30,21.42,21.66,21.20,21.34
510300,2022/05/31,21.65,22.16,21.32,21.98
510300,2022/06/01,21.96,22.19,21.52,21.69
510300,2022/06/02,21.85,22.14,21.48,21.48
510300,2022/06/06,22.46,22.66,21.99,22.14
510300,2022/06/07,22.38,23.07,22.29,22.45
510300,2022/06/08,22.78,23.07,22.09,22.65
510300,2022/06/09,22.84,23.02,21.94,22.01
510300,2022/06/10,22.16,22.27,21.53,21.53
510300,2022/06/13,21.90,22.73,21.90,22.38
510300,2022/06/14,21.56,22.80,21.55,22.41
510300,2022/06/15,22.55,24.70,22.54,23.49
510300,2022/06/16,23.75,23.82,22.17,22.40
510300,2022/06/17,22.40,23.45,22.40,22.61
510300,2022/06/20,23.41,23.48,22.71,22.89
510300,2022/06/21,22.95,23.25,21.93,22.21
510300,2022/06/22,22.54,22.57,21.20,21.32
510300,2022/06/23,21.39,21.40,20.56,20.56
510300,2022/06/24,20.72,21.42,20.37,20.37
510300,2022/06/27,21.36,22.86,21.36,21.80
510300,2022/06/28,22.19,22.30,21.84,21.87
510300,2022/06/29,22.08,22.87,21.96,22.23
510300,2022/06/30,22.58,23.22,22.52,22.93
510300,2022/07/01,23.28,23.83,22.51,22.60
510300,2022/07/04,23.38,23.38,22.68,22.77
510300,2022/07/05,22.86,22.94,22.51,22.69
510300,2022/07/06,22.98,23.26,22.73,22.84
510300,2022/07/07,22.79,23.19,22.38,22.42
510300,2022/07/08,22.11,22.16,21.62,21.72
510300,2022/07/11,22.60,22.66,22.05,22.16
510300,2022/07/12,22.41,22.41,21.46,21.64
510300,2022/07/13,21.63,21.84,20.79,21.07
510300,2022/07/14,21.04,21.34,20.28,20.45
510300,2022/07/15,20.71,21.10,19.86,21.09
510300,2022/07/18,21.78,22.25,20.83,21.14
510300,2022/07/19,21.44,21.58,20.76,21.01
510300,2022/07/20,20.86,21.00,20.02,20.14
510300,2022/07/21,20.22,20.55,19.86,20.52
510300,2022/07/22,20.58,20.94,19.56,20.03
510300,2022/07/25,20.89,21.03,20.43,20.56
510300,2022/07/26,20.00,20.45,19.38,19.42
510300,2022/07/27,19.66,19.85,19.37,19.59
510300,2022/07/28,19.89,19.91,19.14,19.70
510300,2022/07/29,19.96,21.27,19.26,20.82
510300,2022/08/01,22.05,22.57,20.95,21.10
510300,2022/08/02,22.16,25.09,22.16,24.89
510300,2022/08/03,23.60,23.59,22.15,23.26
510300,2022/08/04,22.88,22.92,21.39,21.41
510300,2022/08/05,21.34,21.38,19.64,19.67
510300,2022/08/08,20.56,20.56,20.04,20.08
510300,2022/08/09,20.45,20.45,19.90,19.98
510300,2022/08/10,20.34,20.76,20.12,20.36
510300,2022/08/11,20.27,20.42,19.57,20.10
510300,2022/08/12,20.36,20.40,19.42,19.42
510300,2022/08/15,20.43,20.43,19.59,19.85
510300,2022/08/16,20.68,20.68,19.30,19.48
510300,2022/08/17,19.64,19.65,18.76,18.98
510300,2022/08/18,19.17,19.42,18.93,19.32
510300,2022/08/19,19.69,19.69,18.68,18.92
510300,2022/08/22,19.87,19.87,18.34,18.48
510300,2022/08/23,18.79,18.82,17.82,18.27
510300,2022/08/24,18.26,19.50,18.20,19.44
510300,2022/08/25,19.23,19.45,18.11,18.32
510300,2022/08/26,18.41,18.53,17.36,17.36
510300,2022/08/29,19.05,19.06,18.10,18.10
510300,2022/08/30,18.14,18.89,17.74,18.00
510300,2022/08/31,18.26,18.65,17.59,18.04
510300,2022/09/01,18.48,18.63,18.09,18.47
510300,2022/09/02,18.31,19.85,18.31,18.80
510300,2022/09/05,19.94,20.96,19.57,19.60
510300,2022/09/06,19.53,19.88,18.08,18.27
510300,2022/09/07,18.56,18.64,17.95,18.05
510300,2022/09/08,18.13,18.13,17.46,17.61
510300,2022/09/09,17.56,17.56,16.94,16.95
510300,2022/09/13,17.82,17.96,17.09,17.13
510300,2022/09/14,17.80,17.82,17.12,17.23
510300,2022/09/15,17.21,18.66,16.88,17.82
510300,2022/09/16,18.03,19.47,18.03,19.29
510300,2022/09/19,20.10,20.16,18.87,19.13
510300,2022/09/20,19.06,19.06,18.02,18.48
510300,2022/09/21,18.88,20.06,18.61,19.61
510300,2022/09/22,20.30,20.96,19.43,19.82
510300,2022/09/23,19.90,20.38,19.08,19.76
510300,2022/09/26,20.73,21.10,19.84,20.97
510300,2022/09/27,20.87,21.42,19.42,19.75
510300,2022/09/28,19.90,20.27,19.39,20.02
510300,2022/09/29,19.67,20.91,19.04,19.49
510300,2022/09/30,19.88,20.87,19.32,19.32
510300,2022/10/10,20.94,21.26,19.81,20.85
510300,2022/10/11,20.82,20.90,20.18,20.37
510300,2022/10/12,20.61,21.74,19.47,19.69
510300,2022/10/13,19.99,20.81,19.99,20.37
510300,2022/10/14,20.27,20.27,19.02,19.16
510300,2022/10/17,19.96,20.17,19.03,19.10
510300,2022/10/18,20.58,20.94,19.56,20.03
510300,2022/10/19,18.75,19.50,18.20,19.23
510300,2022/10/20,19.69,20.90,19.28,20.20
510300,2022/10/21,20.43,21.24,20.30,20.80
510300,2022/10/24,21.97,25.53,21.37,24.74
510300,2022/10/25,24.98,26.48,22.71,23.82
510300,2022/10/26,24.00,24.00,20.88,22.08
510300,2022/10/27,21.89,21.89,20.68,21.15
510300,2022/10/28,22.13,22.83,22.06,22.83
510300,2022/10/31,24.33,25.03,24.33,25.03
510300,2022/11/01,23.51,23.51,22.51,22.71
510300,2022/11/02,22.84,22.98,21.22,21.22
510300,2022/11/03,21.68,21.94,21.19,21.26
510300,2022/11/04,21.43,22.41,20.87,21.88
510300,2022/11/07,22.84,23.46,22.37,22.83
510300,2022/11/08,23.08,23.08,21.28,21.80
510300,2022/11/09,21.99,22.35,21.28,22.25
510300,2022/11/10,22.67,23.24,22.32,22.34
510300,2022/11/11,22.98,23.01,21.46,21.64
510300,2022/11/14,22.67,22.87,22.12,22.40
510300,2022/11/15,22.69,23.06,22.21,22.47
510300,2022/11/16,22.59,22.84,21.94,22.12
510300,2022/11/17,22.24,22.27,21.69,21.95
510300,2022/11/18,22.10,22.10,20.74,20.91
510300,2022/11/21,22.00,22.04,21.37,21.70
510300,2022/11/22,21.64,21.64,20.75,21.31
510300,2022/11/23,21.54,21.68,20.90,21.35
510300,2022/11/24,21.25,22.15,21.25,21.78
510300,2022/11/25,22.00,22.09,21.19,21.22
510300,2022/11/28,22.44,23.94,22.37,22.54
510300,2022/11/29,22.29,22.97,21.96,22.77
510300,2022/11/30,22.80,23.05,22.16,22.48
510300,2022/12/01,23.12,23.34,21.37,21.37
510300,2022/12/02,21.53,21.60,20.52,20.70
510300,2022/12/05,21.42,21.42,20.76,20.95
510300,2022/12/06,21.11,21.17,20.30,20.34
510300,2022/12/07,20.52,20.61,19.72,20.11
510300,2022/12/08,20.26,20.26,19.49,19.69
510300,2022/12/09,19.77,19.90,19.16,19.19
510300,2022/12/12,20.20,20.20,19.40,19.67
510300,2022/12/13,19.10,19.17,18.71,19.16
510300,2022/12/14,19.00,19.00,18.00,18.68
510300,2022/12/15,19.13,19.13,18.02,18.10
510300,2022/12/16,18.26,18.26,17.34,17.52
510300,2022/12/19,18.05,18.29,17.35,17.90
510300,2022/12/20,18.14,19.14,18.06,18.59
510300,2022/12/21,18.56,18.65,18.18,18.27
510300,2022/12/22,17.96,18.45,17.12,17.79
510300,2022/12/23,18.07,19.19,17.85,18.51
510300,2022/12/26,19.12,19.28,18.04,18.35
510300,2022/12/27,18.38,18.38,17.00,17.06
510300,2022/12/28,17.26,17.39,16.67,16.99
510300,2022/12/29,17.14,17.43,16.60,16.67
510300,2022/12/30,16.52,16.52,15.80,16.00
510300,2023/01/03,17.10,17.28,16.43,16.51
510300,2023/01/04,16.57,16.62,16.18,16.34
510300,2023/01/05,16.39,16.69,16.30,16.36
510300,2023/01/06,16.58,16.65,16.32,16.53
510300,2023/01/09,17.36,18.05,17.34,17.96
510300,2023/01/10,18.08,18.23,17.74,17.83
510300,2023/01/11,18.08,18.11,17.84,17.92
510300,2023/01/12,17.72,17.77,17.33,17.56
510300,2023/01/13,17.66,17.66,16.68,16.72
510300,2023/01/16,18.10,19.44,17.69,18.17
510300,2023/01/17,17.80,17.90,17.62,17.84
510300,2023/01/18,18.48,19.09,17.78,18.99
510300,2023/01/19,19.00,20.37,18.82,19.64
510300,2023/01/20,19.77,20.58,18.90,19.29
510300,2023/01/30,19.42,19.42,17.06,17.86
510300,2023/01/31,18.66,18.66,17.47,17.70
510300,2023/02/01,17.79,18.30,17.54,18.30
510300,2023/02/02,18.80,18.86,18.27,18.43
510300,2023/02/03,18.50,19.11,18.18,18.51
510300,2023/02/06,19.09,19.40,18.75,19.14
510300,2023/02/07,19.24,19.24,18.43,18.62
510300,2023/02/08,18.65,18.65,17.97,18.02
510300,2023/02/09,18.00,18.06,17.58,17.66
510300,2023/02/10,17.80,17.80,17.18,17.39
510300,2023/02/13,18.09,18.09,17.46,17.59
510300,2023/02/14,17.60,17.80,17.39,17.66
510300,2023/02/15,18.00,18.00,17.00,17.00
510300,2023/02/16,17.00,17.75,16.51,17.30
510300,2023/02/17,17.51,17.97,17.29,17.84
510300,2023/02/20,18.50,18.50,17.59,18.26
510300,2023/02/21,18.50,18.68,18.05,18.33
510300,2023/02/22,18.56,18.80,17.92,18.14
510300,2023/02/23,18.26,18.26,17.73,17.88
510300,2023/02/24,17.88,18.20,17.67,17.91
510300,2023/02/27,18.61,18.61,18.31,18.42
510300,2023/02/28,18.38,18.39,17.56,17.56
510300,2023/03/01,17.64,17.64,17.28,17.38
510300,2023/03/02,17.47,17.59,17.32,17.40
510300,2023/03/03,17.49,17.49,17.11,17.11
510300,2023/03/06,17.92,17.92,17.18,17.22
510300,2023/03/07,17.28,17.39,16.90,17.39
510300,2023/03/08,17.79,17.94,17.36,17.37
510300,2023/03/09,17.50,17.53,17.12,17.28
510300,2023/03/10,17.59,18.31,17.59,17.98
510300,2023/03/13,18.46,18.46,17.41,17.65
510300,2023/03/14,17.81,18.26,17.76,17.97
510300,2023/03/15,17.66,17.66,17.08,17.21
510300,2023/03/16,17.59,17.98,17.23,17.98
510300,2023/03/17,17.60,17.60,16.68,16.83
510300,2023/03/20,17.42,17.59,16.97,17.53
510300,2023/03/21,17.50,17.50,16.72,16.76
510300,2023/03/22,17.42,17.59,16.97,17.53
510300,2023/03/23,17.66,17.66,17.08,17.21
510300,2023/03/24,15.98,15.98,15.31,15.32
510300,2023/03/27,16.11,16.31,15.78,15.88
510300,2023/03/28,15.99,15.99,15.61,15.66
510300,2023/03/29,15.69,15.85,15.57,15.70
510300,2023/03/30,15.93,16.05,15.38,15.42
510300,2023/03/31,15.53,15.71,15.30,15.38
510300,2023/04/03,15.88,16.03,15.80,15.89
510300,2023/04/04,15.93,16.22,15.84,15.87
510300,2023/04/06,16.24,16.39,16.16,16.28
510300,2023/04/07,16.28,16.38,15.70,15.72
510300,2023/04/10,16.34,16.34,15.77,15.77
510300,2023/04/11,15.96,15.96,15.26,15.30
510300,2023/04/12,15.51,15.52,14.95,15.04
510300,2023/04/13,15.16,15.16,14.61,14.67
510300,2023/04/14,14.83,14.83,14.30,14.32
510300,2023/04/17,14.96,15.28,14.60,15.20
510300,2023/04/18,15.45,15.45,14.48,14.55
510300,2023/04/19,14.62,14.69,14.20,14.40
510300,2023/04/20,14.47,14.62,14.14,14.20
510300,2023/04/21,14.37,15.53,14.02,15.52
510300,2023/04/24,15.96,17.22,15.60,16.52
510300,2023/04/25,16.60,19.27,16.31,17.22
510300,2023/04/26,17.78,18.24,16.22,16.69
510300,2023/04/27,16.27,16.44,14.59,14.59
510300,2023/04/28,15.36,15.36,14.49,14.51
510300,2023/05/04,15.57,15.63,14.94,14.98
510300,2023/05/05,15.00,15.03,14.57,14.58
510300,2023/05/08,15.14,15.16,14.62,14.96
510300,2023/05/09,15.03,15.75,14.93,15.45
510300,2023/05/10,15.53,15.61,15.09,15.43
510300,2023/05/11,15.51,15.51,14.86,14.86
510300,2023/05/12,15.02,15.52,14.87,15.21
510300,2023/05/15,15.70,15.94,14.80,14.95
510300,2023/05/16,15.30,15.30,14.90,14.97
510300,2023/05/17,15.00,15.97,15.00,15.90
510300,2023/05/18,16.08,16.15,15.26,15.38
510300,2023/05/19,15.57,16.32,14.68,14.92
510300,2023/05/22,15.50,15.63,14.28,14.55
510300,2023/05/23,14.98,15.15,14.28,15.15
510300,2023/05/24,15.74,16.59,15.16,16.08
510300,2023/05/25,16.20,16.95,15.78,15.78
510300,2023/05/26,16.21,16.90,14.78,14.86
510300,2023/05/29,15.32,16.00,15.21,15.46
510300,2023/05/30,15.73,16.21,15.17,15.23
510300,2023/05/31,16.30,16.75,16.10,16.28
510300,2023/06/01,16.04,16.04,14.99,15.10
510300,2023/06/02,15.67,15.95,15.33,15.39
510300,2023/06/05,15.67,15.95,15.33,15.39
510300,2023/06/06,15.56,16.23,15.05,16.06
510300,2023/06/07,16.12,16.59,15.87,16.27
510300,2023/06/08,16.35,16.84,16.07,16.12
510300,2023/06/09,16.20,16.30,15.32,15.40
510300,2023/06/12,16.04,16.13,15.22,15.35
510300,2023/06/13,15.60,15.72,15.01,15.05
510300,2023/06/14,15.03,15.75,14.93,15.45
510300,2023/06/15,15.25,15.33,14.62,14.67
510300,2023/06/16,14.87,14.97,14.23,14.34
510300,2023/06/19,15.04,15.07,14.67,14.72
510300,2023/06/20,15.03,16.00,14.40,14.44
510300,2023/06/21,14.74,14.99,14.51,14.99
510300,2023/06/26,16.23,16.76,15.84,16.32
510300,2023/06/27,16.44,16.68,15.34,15.50
510300,2023/06/28,15.81,15.81,15.19,15.19
510300,2023/06/29,15.53,15.54,14.55,14.94
510300,2023/06/30,14.30,14.35,13.49,13.61
510300,2023/07/03,16.00,16.10,14.00,14.60
510300,2023/07/04,15.50,16.00,15.10,15.30
510300,2023/07/05,14.40,15.00,14.10,14.47
510300,2023/07/06,14.70,16.00,14.30,15.00
510300,2023/07/07,15.00,15.40,14.00,14.50
510300,2023/07/10,15.37,15.37,14.59,14.94
510300,2023/07/11,15.00,15.02,14.40,14.42
510300,2023/07/12,14.62,14.92,14.48,14.86
510300,2023/07/13,14.30,14.30,14.17,14.23
510300,2023/07/14,14.42,14.53,14.13,14.17
510300,2023/07/17,14.82,14.88,14.37,14.39
510300,2023/07/18,14.56,14.78,14.10,14.34
510300,2023/07/19,14.46,14.94,14.43,14.69
510300,2023/07/20,14.84,15.53,14.39,15.35
510300,2023/07/21,15.53,15.53,14.54,14.66
510300,2023/07/24,15.32,15.32,14.89,14.89
510300,2023/07/25,14.68,15.35,14.66,14.66
510300,2023/07/26,15.28,15.43,14.64,15.10
510300,2023/07/27,15.36,15.40,14.39,14.39
510300,2023/07/28,14.81,16.14,14.48,14.48
510300,2023/07/31,17.27,18.62,16.96,17.32
510300,2023/08/01,17.36,17.66,17.25,17.25
510300,2023/08/02,16.52,16.97,16.25,16.61
510300,2023/08/03,16.68,17.08,16.68,16.97
510300,2023/08/04,16.52,16.97,16.25,16.61
510300,2023/08/07,17.36,17.66,17.25,17.25
510300,2023/08/08,17.69,17.86,17.46,17.46
510300,2023/08/09,17.78,17.94,17.58,17.84
510300,2023/08/10,17.98,17.98,17.59,17.90
510300,2023/08/11,18.02,18.68,17.57,17.91
510300,2023/08/14,19.13,20.03,17.88,18.00
510300,2023/08/15,18.01,18.07,17.22,17.56
510300,2023/08/16,17.67,18.21,17.59,18.21
510300,2023/08/17,18.58,19.51,18.20,18.58
510300,2023/08/18,18.63,19.08,18.04,19.07
510300,2023/08/21,19.92,20.34,19.02,20.04
510300,2023/08/22,20.16,20.55,19.04,19.17
510300,2023/08/23,19.32,19.89,18.80,19.89
510300,2023/08/24,20.26,20.26,19.04,19.14
510300,2023/08/25,19.41,19.62,19.29,19.29
510300,2023/08/28,20.16,20.55,19.04,19.17
510300,2023/08/29,20.18,20.56,20.04,20.04
510300,2023/08/30,20.00,20.56,20.00,20.20
510300,2023/08/31,19.11,19.13,18.16,18.16
510300,2023/09/01,18.36,18.36,17.71,17.71
510300,2023/09/04,18.33,18.33,17.15,17.19
510300,2023/09/05,17.24,17.27,16.90,16.92
510300,2023/09/06,17.12,17.21,16.73,16.74
510300,2023/09/07,16.90,17.65,16.85,17.39
510300,2023/09/08,18.25,18.25,17.57,17.93
510300,2023/09/11,18.36,18.36,17.71,17.71
510300,2023/09/12,17.43,17.47,16.84,17.02
510300,2023/09/13,17.00,17.51,16.41,17.00
510300,2023/09/14,16.90,17.65,16.85,17.39
510300,2023/09/15,16.90,17.44,16.84,16.84
510300,2023/09/18,17.21,17.21,16.85,17.05
510300,2023/09/19,17.01,17.31,16.67,16.77
510300,2023/09/20,16.85,16.93,16.45,16.69
510300,2023/09/21,16.72,17.24,16.55,17.22
510300,2023/09/22,17.34,17.34,16.78,16.78
510300,2023/09/25,17.20,17.21,16.50,16.74
510300,2023/09/26,17.35,17.44,16.97,17.29
510300,2023/09/27,17.40,17.81,17.16,17.23
510300,2023/09/28,17.58,17.93,16.78,16.99
510300,2023/10/09,18.10,18.10,16.03,16.09
510300,2023/10/10,16.16,16.16,15.75,15.97
510300,2023/10/11,16.03,16.03,15.46,15.49
510300,2023/10/12,15.69,15.69,15.09,15.09
510300,2023/10/13,15.18,15.70,15.00,15.46
510300,2023/10/16,16.06,17.04,15.89,16.67
510300,2023/10/17,16.73,16.96,16.18,16.19
510300,2023/10/18,16.42,16.42,15.92,16.25
510300,2023/10/19,16.59,18.46,16.59,18.06
510300,2023/10/20,18.72,19.15,17.84,18.98
510300,2023/10/23,19.70,20.82,18.81,19.78
510300,2023/10/24,19.75,20.22,18.15,18.43
510300,2023/10/25,17.84,17.99,16.47,16.85
510300,2023/10/26,17.49,17.49,16.08,16.38
510300,2023/10/27,16.55,16.55,15.71,15.85
510300,2023/10/30,16.70,16.76,16.26,16.29
510300,2023/10/31,16.53,16.58,16.26,16.33
510300,2023/11/01,16.60,16.79,16.10,16.14
510300,2023/11/02,16.29,16.29,15.79,15.93
510300,2023/11/03,16.05,16.13,15.45,15.45
510300,2023/11/06,16.13,16.65,15.95,16.39
510300,2023/11/07,16.51,16.52,16.13,16.28
510300,2023/11/08,16.37,16.37,16.00,16.14
510300,2023/11/09,16.18,16.33,16.00,16.18
510300,2023/11/10,16.25,16.57,16.14,16.25
510300,2023/11/13,16.66,16.87,16.43,16.67
510300,2023/11/14,16.71,16.75,16.35,16.39
510300,2023/11/15,16.54,16.77,15.88,15.92
510300,2023/11/16,15.91,16.20,15.90,15.90
510300,2023/11/17,15.92,16.15,15.26,15.35
510300,2023/11/20,14.74,14.83,14.20,14.20
510300,2023/11/21,15.02,15.52,14.42,14.86
510300,2023/11/22,15.01,15.18,14.82,15.12
510300,2023/11/23,15.66,15.66,14.57,14.60
510300,2023/11/24,14.82,15.16,14.80,15.00
510300,2023/11/27,15.38,16.45,15.38,15.67
510300,2023/11/28,16.05,16.12,15.25,15.27
510300,2023/11/29,15.55,15.88,15.40,15.60
510300,2023/11/30,15.80,15.86,15.31,15.32
510300,2023/12/01,15.52,16.29,15.46,15.46
510300,2023/12/04,16.22,16.42,15.77,16.23
510300,2023/12/05,16.67,18.09,16.67,18.09
510300,2023/12/06,18.18,18.29,16.63,17.09
510300,2023/12/07,17.62,17.97,16.74,17.01
510300,2023/12/08,16.97,17.10,16.49,16.72
510300,2023/12/11,17.81,17.94,17.17,17.35
510300,2023/12/12,17.49,17.55,16.81,16.85
510300,2023/12/13,16.86,17.50,16.71,17.31
510300,2023/12/14,17.00,17.60,16.71,17.31
510300,2023/12/15,17.10,17.70,16.71,17.50
510300,2023/12/18,18.71,18.75,17.88,18.02
510300,2023/12/19,17.10,17.70,16.71,17.50
510300,2023/12/20,18.85,18.87,18.01,18.62
510300,2023/12/21,18.96,19.33,17.67,17.96
510300,2023/12/22,18.13,18.30,17.09,17.19
510300,2023/12/25,17.52,17.64,16.72,16.72
510300,2023/12/26,17.05,17.57,16.98,16.98
510300,2023/12/27,17.61,18.09,17.07,17.34
510300,2023/12/28,18.00,19.00,17.07,18.40
510300,2023/12/29,16.94,17.06,16.04,16.25
510300,2024/01/02,17.14,17.18,16.41,16.45
510300,2024/01/03,16.53,16.65,16.31,16.36
510300,2024/01/04,16.53,17.37,16.43,16.98
510300,2024/01/05,17.33,18.08,16.70,17.52
510300,2024/01/08,17.61,18.09,17.07,17.34
510300,2024/01/09,20.37,20.40,18.83,18.83
510300,2024/01/10,20.37,20.40,18.83,18.83
510300,2024/01/11,19.27,19.50,18.30,18.67
510300,2024/01/12,18.92,19.09,18.53,18.76
510300,2024/01/15,19.74,19.74,18.06,18.10
510300,2024/01/16,18.30,18.30,17.29,17.41
510300,2024/01/17,17.69,19.78,17.66,19.73
510300,2024/01/18,20.71,23.91,19.63,20.02
510300,2024/01/19,20.12,20.12,18.35,18.76
510300,2024/01/22,19.17,23.72,18.49,22.51
510300,2024/01/23,23.40,23.53,19.84,20.23
510300,2024/01/24,20.14,21.57,19.03,19.23
510300,2024/01/25,19.53,19.55,18.00,18.02
510300,2024/01/26,17.99,18.04,16.91,17.04
510300,2024/01/29,17.99,18.69,17.79,18.38
510300,2024/01/30,18.51,19.57,18.25,19.49
510300,2024/01/31,19.75,23.57,19.70,21.55
510300,2024/02/01,22.10,23.21,21.00,21.77
510300,2024/02/02,21.78,28.35,21.47,23.61
510300,2024/02/05,24.75,30.09,24.75,25.92
510300,2024/02/06,24.39,24.42,21.65,24.39
510300,2024/02/07,22.20,22.26,21.27,21.30
510300,2024/02/08,21.50,22.24,20.76,20.84
510300,2024/02/19,22.22,22.94,20.11,20.74
510300,2024/02/20,20.78,20.80,19.18,19.36
510300,2024/02/21,19.37,20.26,18.64,18.99
510300,2024/02/22,19.27,19.82,19.12,19.72
510300,2024/02/23,20.29,21.11,20.20,20.40
510300,2024/02/26,20.92,20.93,19.93,20.25
510300,2024/02/27,20.30,20.30,19.19,19.84
510300,2024/02/28,20.16,20.44,19.55,20.32
510300,2024/02/29,20.38,20.38,19.50,19.50
510300,2024/03/01,19.92,20.07,19.27,19.27
510300,2024/03/04,19.98,19.98,19.33,19.47
510300,2024/03/05,19.76,19.77,18.52,18.67
510300,2024/03/06,18.92,18.92,17.51,17.81
510300,2024/03/07,17.88,17.88,16.96,17.32
510300,2024/03/08,17.33,17.33,16.71,16.78
510300,2024/03/11,17.40,17.40,16.66,16.96
510300,2024/03/12,17.14,17.17,16.91,16.97
510300,2024/03/13,17.13,17.30,16.85,16.88
510300,2024/03/14,17.02,17.02,16.53,16.58
510300,2024/03/15,16.84,17.05,16.35,16.50
510300,2024/03/18,17.07,17.07,16.49,16.52
510300,2024/03/19,16.75,16.79,16.24,16.30
510300,2024/03/20,16.50,16.50,16.10,16.28
510300,2024/03/21,16.35,16.49,16.16,16.40
510300,2024/03/22,16.56,18.57,16.45,17.17
510300,2024/03/25,17.72,18.07,16.47,17.16
510300,2024/03/26,17.04,17.34,16.29,16.57
510300,2024/03/27,16.62,17.54,16.25,17.52
510300,2024/03/28,17.62,17.96,16.11,16.40
510300,2024/03/29,16.55,16.58,15.84,15.84
510300,2024/04/01,16.22,16.22,15.58,15.72
510300,2024/04/02,15.80,15.88,15.54,15.55
510300,2024/04/03,15.76,16.11,15.72,15.72
510300,2024/04/08,16.70,16.70,15.81,16.14
510300,2024/04/09,16.25,16.25,15.74,15.81
510300,2024/04/10,15.69,16.20,15.52,15.56
510300,2024/04/11,15.72,15.86,15.26,15.29
510300,2024/04/12,15.46,15.84,15.19,15.59
510300,2024/04/15,15.87,16.58,15.53,16.17
510300,2024/04/16,16.35,17.50,16.35,16.93
510300,2024/04/17,17.13,17.21,16.07,16.25
510300,2024/04/18,17.04,18.00,17.00,17.40
510300,2024/04/19,17.50,18.00,17.50,17.70
510300,2024/04/22,16.99,16.99,16.43,16.48
510300,2024/04/23,16.68,16.68,16.03,16.23
510300,2024/04/24,16.25,16.25,15.74,15.81
510300,2024/04/25,16.53,16.73,15.88,16.00
510300,2024/04/26,14.91,15.80,14.50,15.20
510300,2024/04/29,16.27,18.20,16.20,16.88
510300,2024/04/30,17.27,17.29,15.86,15.91
510300,2024/05/06,17.23,17.30,17.00,17.00
510300,2024/05/07,16.65,16.77,16.20,16.20
510300,2024/05/08,16.15,16.15,15.83,16.04
510300,2024/05/09,16.06,16.20,15.77,15.94
510300,2024/05/10,16.15,16.15,15.70,15.81
510300,2024/05/13,15.76,16.11,15.72,15.72
510300,2024/05/14,16.35,16.42,15.86,15.86
510300,2024/05/15,16.02,16.18,15.85,16.15
510300,2024/05/16,15.79,15.84,15.54,15.65
510300,2024/05/17,15.51,15.76,15.17,15.17
510300,2024/05/20,16.35,16.54,15.46,15.46
510300,2024/05/21,14.85,14.94,14.56,14.78
510300,2024/05/28,14.85,14.94,14.56,14.78
510300,2024/06/04,15.00,15.00,14.33,14.40
510300,2024/06/05,14.70,14.70,14.26,14.47
510300,2024/06/06,14.52,15.45,14.27,14.85
510300,2024/06/07,15.00,16.42,14.83,15.16
510300,2024/06/11,16.00,16.34,15.43,15.49
510300,2024/06/12,15.70,15.80,15.10,15.13
510300,2024/06/13,15.20,15.34,14.59,14.61
510300,2024/06/14,14.70,14.70,14.05,14.21
510300,2024/06/17,15.00,15.20,15.00,15.10
510300,2024/06/18,14.50,14.52,14.27,14.27
510300,2024/06/19,14.50,14.70,14.16,14.24
510300,2024/06/20,14.23,14.80,14.01,14.57
510300,2024/06/21,15.20,15.30,14.18,14.21
510300,2024/06/24,15.00,15.22,14.01,14.55
510300,2024/06/25,14.90,15.67,14.15,15.22
510300,2024/06/26,15.60,15.95,14.39,14.64
510300,2024/06/27,15.00,15.01,14.43,14.49
510300,2024/06/28,14.60,14.60,13.82,13.86
510300,2024/07/01,14.50,14.55,13.53,13.57
510300,2024/07/02,13.70,13.70,13.07,13.15
510300,2024/07/03,13.30,13.30,12.85,12.87
510300,2024/07/04,12.80,13.07,12.72,12.96
510300,2024/07/05,13.40,15.09,13.33,13.57
510300,2024/07/08,14.20,14.95,14.19,14.83
510300,2024/07/09,15.30,15.30,13.97,14.21
510300,2024/07/10,15.50,15.80,15.00,15.00
510300,2024/07/11,14.19,14.35,13.56,13.83
510300,2024/07/12,13.90,13.91,13.29,13.35
510300,2024/07/15,13.80,13.85,13.38,13.39
510300,2024/07/16,13.50,13.50,12.99,13.09
510300,2024/07/17,13.00,14.00,13.00,13.33
510300,2024/07/18,13.58,13.93,13.58,13.76
510300,2024/07/19,14.00,14.10,13.69,13.69
510300,2024/07/22,14.20,14.20,13.55,13.65
510300,2024/07/23,13.62,13.97,13.50,13.88
510300,2024/07/24,14.00,15.35,13.84,14.91
510300,2024/07/25,13.90,13.91,13.29,13.35
510300,2024/07/26,14.20,14.95,14.19,14.83
510300,2024/07/29,15.60,15.80,14.93,15.20
510300,2024/07/30,15.69,15.97,15.33,15.54
510300,2024/07/31,15.78,15.90,14.50,14.67
510300,2024/08/01,14.80,14.97,14.66,14.81
510300,2024/08/02,15.40,15.95,15.16,15.72
510300,2024/08/05,16.80,19.20,16.53,19.01
510300,2024/08/06,18.38,18.89,17.57,18.05
510300,2024/08/07,18.30,18.30,16.42,16.44
510300,2024/08/08,16.70,17.01,15.13,15.21
510300,2024/08/09,15.20,15.36,15.01,15.08
510300,2024/08/12,15.40,15.47,14.98,15.05
510300,2024/08/13,15.10,15.21,14.64,14.93
510300,2024/08/14,16.70,17.60,15.13,15.21
510300,2024/08/15,15.40,15.47,14.98,15.05
510300,2024/08/16,14.60,14.73,14.25,14.48
510300,2024/08/19,14.40,14.48,14.12,14.19
510300,2024/08/20,14.50,14.50,14.22,14.30
510300,2024/08/21,14.40,14.40,14.06,14.20
510300,2024/08/22,14.30,14.45,14.03,14.45
510300,2024/08/23,14.60,14.60,13.69,13.94
510300,2024/08/26,14.10,14.24,13.88,13.88
510300,2024/08/27,14.20,14.20,13.81,13.86
510300,2024/08/28,13.90,14.38,13.78,14.03
510300,2024/08/29,14.20,14.35,13.92,14.29
510300,2024/08/30,13.60,14.13,13.40,13.65
510300,2024/09/02,14.40,15.40,14.31,15.30
510300,2024/09/03,14.60,14.73,14.25,14.48
510300,2024/09/04,13.60,13.73,12.94,13.05
510300,2024/09/05,14.63,14.72,14.36,14.53
510300,2024/09/06,15.40,15.95,15.16,15.72
510300,2024/09/09,14.40,14.48,14.12,14.19
510300,2024/09/10,16.38,17.22,16.30,16.57
510300,2024/09/11,16.80,17.70,16.53,17.70
510300,2024/09/12,15.91,16.17,15.71,16.09
510300,2024/09/13,16.80,17.70,16.53,17.70
510300,2024/09/18,15.49,15.58,14.69,15.45
510300,2024/09/19,15.60,15.60,14.87,14.97
510300,2024/09/20,15.14,15.18,14.37,14.37
510300,2024/09/23,14.95,14.95,13.97,14.06
510300,2024/09/24,14.43,17.47,14.07,16.90
510300,2024/09/25,18.93,22.00,17.74,18.18
510300,2024/09/26,18.30,25.67,17.91,25.32
510300,2024/09/27,28.54,39.03,25.11,30.29
510300,2024/09/30,47.26,49.24,34.65,42.22
510300,2024/10/08,58.66,78.80,38.17,45.86
510300,2024/10/09,45.96,46.92,36.58,39.31
510300,2024/10/10,43.41,43.41,36.00,36.26
510300,2024/10/11,35.82,39.07,33.50,38.14
510300,2024/10/14,39.24,39.24,30.92,31.19
510300,2024/10/15,28.54,39.03,25.11,25.20
510300,2024/10/16,26.00,28.00,26.00,27.00
510300,2024/10/17,25.22,26.46,24.21,24.34
510300,2024/10/18,24.70,40.60,24.20,32.95
510300,2024/10/21,25.22,26.46,24.21,24.34
510300,2024/10/22,30.87,31.18,28.03,29.13
510300,2024/10/23,29.26,30.28,27.40,27.73
510300,2024/10/24,27.37,27.37,26.11,26.71
510300,2024/10/25,26.88,30.16,26.74,27.70
510300,2024/10/28,28.60,30.52,28.60,30.01
510300,2024/10/29,30.56,31.03,29.58,29.58
510300,2024/10/30,29.79,30.86,29.79,30.22
510300,2024/10/31,30.49,33.71,30.49,31.98
510300,2024/11/01,32.30,33.95,32.30,32.64
510300,2024/11/04,25.22,26.46,24.21,24.34
510300,2024/11/05,24.70,40.60,24.20,32.95
510300,2024/11/06,25.22,26.46,24.21,24.34
510300,2024/11/07,30.87,31.18,28.03,29.13
510300,2024/11/08,29.26,30.28,27.40,27.73
510300,2024/11/11,27.88,27.88,27.70,27.70
510300,2024/11/12,27.90,27.93,25.36,26.28
510300,2024/11/13,26.20,26.37,25.49,25.49
510300,2024/11/14,25.04,25.04,23.97,24.88
510300,2024/11/15,25.24,25.64,24.48,24.96
510300,2024/11/18,25.80,26.50,25.26,26.36
510300,2024/11/19,26.60,27.06,26.20,26.36
510300,2024/11/20,26.62,26.66,24.81,24.81
510300,2024/11/21,24.23,24.33,22.97,23.12
510300,2024/11/22,23.33,24.19,22.05,24.19
510300,2024/11/25,25.10,25.10,23.41,24.32
510300,2024/11/26,24.58,24.63,23.13,23.98
510300,2024/11/27,24.30,25.12,23.90,24.13
510300,2024/11/28,24.38,24.39,22.86,23.01
510300,2024/11/29,23.22,26.23,23.14,23.79
510300,2024/12/02,24.16,25.39,24.10,24.54
510300,2024/12/03,24.84,25.17,24.29,24.81
510300,2024/12/04,25.07,25.30,24.75,24.88
510300,2024/12/05,25.09,25.14,24.04,24.04
510300,2024/12/06,24.30,25.37,23.93,23.93
510300,2024/12/09,24.94,25.10,23.87,23.90
510300,2024/12/10,26.70,28.12,24.58,24.91
510300,2024/12/11,25.33,25.33,23.86,24.48
510300,2024/12/12,24.51,25.14,24.08,25.14
510300,2024/12/13,24.86,24.86,23.30,23.51
510300,2024/12/16,24.14,24.14,21.81,22.01
510300,2024/12/17,22.19,22.49,21.21,22.31
510300,2024/12/18,22.42,22.42,21.52,21.65
510300,2024/12/19,22.23,22.28,21.72,22.13
510300,2024/12/20,21.92,22.24,20.88,20.90
510300,2024/12/23,21.39,21.39,19.60,20.37
510300,2024/12/24,20.49,20.49,19.36,20.34
510300,2024/12/25,20.53,20.55,19.86,20.42
510300,2024/12/26,20.59,20.59,19.10,19.57
510300,2024/12/27,19.98,19.98,19.05,19.16
510300,2024/12/30,19.85,19.86,19.03,19.40
510300,2024/12/31,19.59,19.77,19.08,19.09
510300,2025/01/02,19.51,22.39,19.16,21.49
510300,2025/01/06,21.55,23.20,21.43,22.57
510300,2025/01/07,22.55,23.04,19.66,19.66
510300,2025/01/08,19.87,20.69,19.09,19.09
510300,2025/01/09,19.12,19.17,18.56,18.69
510300,2025/01/10,18.71,19.20,18.60,18.95
510300,2025/01/13,19.60,20.56,19.60,19.74
510300,2025/01/14,19.83,20.83,19.03,20.50
510300,2025/01/15,20.55,20.55,19.62,19.78
510300,2025/01/16,19.78,20.48,19.70,20.17
510300,2025/01/17,20.11,21.29,20.11,20.61
510300,2025/01/20,21.25,21.25,19.71,20.02
510300,2025/01/21,20.17,20.41,19.25,19.50
510300,2025/01/22,19.59,20.18,19.35,19.53
510300,2025/01/23,20.10,21.25,19.98,20.02
510300,2025/01/24,20.12,20.41,19.47,19.58
510300,2025/01/27,19.42,19.50,18.41,18.41
510300,2025/02/05,21.25,21.25,19.15,19.19
510300,2025/02/06,19.44,19.44,18.38,19.11
510300,2025/02/07,19.20,20.42,18.99,19.24
510300,2025/02/10,20.08,20.40,19.70,19.85
510300,2025/02/11,17.93,17.93,16.98,17.04
510300,2025/02/12,19.41,19.56,18.57,19.13
510300,2025/02/13,19.30,19.43,18.33,18.33
510300,2025/02/14,18.68,18.68,18.02,18.17
510300,2025/02/17,19.13,19.41,18.89,18.99
510300,2025/02/18,19.23,19.45,18.42,18.51
510300,2025/02/19,18.78,18.78,18.07,18.16
510300,2025/02/20,18.13,18.48,17.63,17.63
510300,2025/02/21,17.97,19.55,17.48,18.33
510300,2025/02/24,18.79,18.79,17.84,18.03
510300,2025/02/25,18.31,18.46,17.51,17.57
510300,2025/02/26,17.82,18.42,17.39,18.17
510300,2025/02/27,18.50,18.76,18.00,18.08
510300,2025/02/28,18.17,18.67,18.04,18.43
510300,2025/03/03,18.74,18.74,17.25,17.31
510300,2025/03/04,17.97,19.55,17.48,18.33
510300,2025/03/05,16.93,17.01,16.23,16.26
510300,2025/03/06,16.41,17.47,16.29,16.95
510300,2025/03/07,17.05,17.05,15.98,16.01
510300,2025/03/10,16.27,16.36,15.93,16.00
510300,2025/03/11,16.41,17.47,16.29,16.95
510300,2025/03/12,16.45,16.63,16.28,16.43
510300,2025/03/13,16.49,16.98,16.34,16.59
510300,2025/03/14,16.66,18.57,16.26,18.29
510300,2025/03/17,19.02,19.31,17.90,18.18
510300,2025/03/18,18.47,18.86,17.67,17.94
510300,2025/03/19,18.18,18.18,17.66,17.89
510300,2025/03/20,17.93,17.93,16.98,17.04
510300,2025/03/21,17.09,17.47,16.56,16.60
510300,2025/03/24,17.08,17.10,15.55,15.98
510300,2025/03/25,16.45,16.63,16.28,16.43
510300,2025/03/26,15.76,15.76,14.87,15.00
510300,2025/03/27,15.23,15.31,14.70,14.82
510300,2025/03/28,15.01,15.21,14.81,15.05
510300,2025/03/31,15.82,16.80,15.67,16.04
510300,2025/04/01,16.11,16.17,15.42,15.58
510300,2025/04/02,15.64,15.76,15.30,15.55
510300,2025/04/03,16.43,16.61,15.86,15.86
510300,2025/04/07,22.40,37.12,22.00,33.09
510300,2025/04/08,32.74,32.74,23.91,25.58
510300,2025/04/09,25.85,26.69,24.41,24.53
510300,2025/04/10,23.61,23.61,20.48,21.05
510300,2025/04/11,20.10,21.25,19.98,20.02
510300,2025/04/14,20.52,20.52,17.85,18.16
510300,2025/04/15,17.22,17.22,16.85,17.02
510300,2025/04/16,16.80,17.65,16.68,17.62
510300,2025/04/17,17.44,17.50,17.05,17.36
510300,2025/04/18,17.40,17.40,16.70,17.00
510300,2025/04/21,17.28,17.28,16.09,16.63
510300,2025/04/22,16.58,16.87,16.34,16.80
510300,2025/04/23,16.89,16.89,16.39,16.66
510300,2025/04/24,16.70,16.70,16.11,16.57
510300,2025/04/25,16.28,16.76,16.19,16.57
510300,2025/04/28,17.53,17.57,17.34,17.48
510300,2025/04/29,17.63,17.81,17.45,17.66
510300,2025/04/30,17.83,18.49,17.74,18.47
510300,2025/05/06,18.66,18.66,15.81,16.00
510300,2025/05/07,17.03,17.19,15.67,15.67
510300,2025/05/08,15.93,15.93,14.99,15.55
510300,2025/05/09,15.83,15.83,15.45,15.67
510300,2025/05/12,15.90,16.60,15.71,16.53
510300,2025/05/13,16.29,16.39,15.46,15.46
510300,2025/05/14,16.29,17.00,15.46,16.00
510300,2025/05/15,17.19,17.19,16.16,16.64
510300,2025/05/16,15.82,16.80,15.67,16.04
510300,2025/05/19,16.03,16.03,14.83,15.18
510300,2025/05/20,15.30,15.76,15.03,15.46
510300,2025/05/21,15.61,15.81,15.27,15.59
510300,2025/05/22,15.82,16.36,15.56,16.33
510300,2025/05/23,16.33,16.88,16.18,16.71
510300,2025/05/26,17.23,17.23,16.17,16.25
510300,2025/05/27,16.49,16.62,16.11,16.39
510300,2025/05/28,16.51,16.72,16.32,16.69
510300,2025/05/29,16.74,16.80,15.71,15.75
510300,2025/06/03,16.41,16.41,14.92,15.08
510300,2025/06/04,15.04,15.04,14.86,14.98
510300,2025/06/05,15.04,15.15,14.92,15.14
510300,2025/06/06,15.19,15.25,14.76,14.76
510300,2025/06/09,15.23,15.23,14.88,15.05
510300,2025/06/10,15.17,15.33,14.72,15.20
510300,2025/06/11,15.13,15.57,14.77,15.38
510300,2025/06/12,15.45,15.57,15.23,15.41
510300,2025/06/13,15.65,16.16,15.62,16.05
510300,2025/06/16,16.47,16.47,15.31,15.34
510300,2025/06/17,15.30,15.31,15.01,15.11
510300,2025/06/18,15.54,15.60,15.10,15.60
510300,2025/06/19,15.63,16.17,15.35,15.64
510300,2025/06/20,15.52,15.52,14.69,14.87
510300,2025/06/23,15.29,15.29,13.83,14.19
510300,2025/06/24,14.24,15.06,14.01,14.74
510300,2025/06/25,15.01,18.57,14.73,17.85
510300,2025/06/26,18.18,18.18,15.90,15.95
510300,2025/06/27,16.12,17.25,15.18,15.19
510300,2025/06/30,15.62,15.62,14.98,15.12
510300,2025/07/01,15.24,15.24,14.56,14.68
510300,2025/07/02,14.73,14.73,14.40,14.44
510300,2025/07/03,14.69,14.90,14.34,14.70
510300,2025/07/04,15.24,15.24,14.56,14.68
510300,2025/07/07,15.21,15.29,14.92,15.14
510300,2025/07/08,15.12,16.32,15.12,16.04
510300,2025/07/09,16.13,16.54,15.95,16.09
510300,2025/07/10,16.14,17.13,15.86,16.41
510300,2025/07/11,16.33,19.25,16.27,17.03
510300,2025/07/14,17.56,17.56,16.96,17.00
510300,2025/07/15,17.12,17.30,15.76,15.85
510300,2025/07/16,16.04,16.08,15.12,15.47
510300,2025/07/17,15.61,15.66,15.08,15.62
510300,2025/07/18,15.72,16.58,15.23,15.37
510300,2025/07/21,15.85,16.18,15.46,16.00
510300,2025/07/22,16.10,16.50,15.79,16.45
510300,2025/07/23,16.67,18.76,16.67,17.90
510300,2025/07/24,17.85,17.85,17.07,17.46
510300,2025/07/25,17.69,18.19,17.69,17.88
510300,2025/07/28,18.58,18.59,17.76,18.11
510300,2025/07/29,18.22,18.36,17.67,18.09
510300,2025/07/30,18.11,18.41,17.30,17.30
510300,2025/07/31,17.41,17.89,17.21,17.52
510300,2025/08/01,17.75,17.75,16.47,16.51
510300,2025/08/04,17.26,17.26,16.24,16.33
510300,2025/08/05,16.44,16.44,15.75,15.98
510300,2025/08/06,16.14,16.40,15.92,16.20
510300,2025/08/07,16.53,16.76,16.31,16.42
510300,2025/08/08,16.50,16.50,15.85,15.90
510300,2025/08/11,16.39,16.42,16.11,16.23
510300,2025/08/12,16.42,16.73,16.11,16.45
510300,2025/08/13,17.41,17.89,17.21,17.52
510300,2025/08/14,19.00,19.00,18.10,18.10
510300,2025/08/15,18.64,20.15,17.86,20.15
510300,2025/08/18,21.00,22.52,20.45,21.87
510300,2025/08/19,22.07,22.83,19.59,20.02
510300,2025/08/20,21.00,22.52,20.45,21.87
510300,2025/08/21,21.14,21.64,19.88,20.29
510300,2025/08/22,20.33,21.17,19.36,20.93
510300,2025/08/25,23.64,23.64,21.66,23.49
510300,2025/08/26,23.45,24.74,23.36,23.58
510300,2025/08/27,23.68,23.84,22.16,23.40
510300,2025/08/28,23.11,23.36,21.82,23.34
510300,2025/08/29,23.37,24.19,22.96,23.12
510300,2025/09/01,25.16,25.16,22.63,22.63
510300,2025/09/02,22.98,23.07,21.70,22.59
510300,2025/09/03,22.85,22.85,21.59,21.59
510300,2025/09/04,21.72,23.59,21.40,22.42
510300,2025/09/05,21.81,22.52,19.95,20.72
510300,2025/09/08,21.32,21.46,20.07,20.60
510300,2025/09/09,21.81,22.52,19.95,20.72
510300,2025/09/10,19.43,19.53,18.51,18.51
510300,2025/09/11,18.65,20.49,18.19,18.19
510300,2025/09/12,20.65,20.78,19.41,19.72
510300,2025/09/15,20.24,20.33,19.56,20.33
510300,2025/09/16,20.02,21.45,20.02,21.45
510300,2025/09/17,21.59,22.25,21.47,22.18
510300,2025/09/18,22.00,22.00,20.58,20.88
510300,2025/09/19,21.25,21.25,19.99,19.99
510300,2025/09/22,20.67,20.89,19.54,19.99
510300,2025/09/23,20.02,21.45,20.02,21.45
510300,2025/09/24,20.06,20.06,18.94,18.97
510300,2025/09/25,19.00,19.08,17.70,17.79
510300,2025/09/26,17.87,18.69,17.83,18.32
510300,2025/09/29,18.91,20.39,18.42,20.14
510300,2025/09/30,19.00,19.00,18.10,18.10
510300,2025/10/09,17.41,17.89,17.21,17.52
510300,2025/10/10,17.22,19.46,17.22,18.02
510300,2025/10/13,26.22,27.39,21.93,22.19
510300,2025/10/14,21.95,24.55,19.56,23.29
510300,2025/10/15,23.25,23.81,19.97,20.06
510300,2025/10/16,23.25,23.81,19.97,20.06
510300,2025/10/17,21.30,22.65,20.57,22.49
510300,2025/10/20,21.59,22.25,21.47,22.18
510300,2025/10/21,21.14,21.64,19.88,20.29
510300,2025/10/22,20.33,21.17,19.36,20.93
510300,2025/10/23,18.49,18.84,18.14,18.45
510300,2025/10/24,17.61,17.61,16.55,16.76
510300,2025/10/27,18.28,18.58,17.85,18.27
510300,2025/10/28,18.60,18.89,18.16,18.21
510300,2025/10/29,18.47,18.94,18.29,18.92
510300,2025/10/30,19.21,19.43,18.50,18.50
510300,2025/10/31,18.89,19.05,18.60,18.82
510300,2025/11/03,19.97,20.43,19.30,19.34
510300,2025/11/04,19.75,19.95,19.46,19.49
510300,2025/11/05,20.39,21.06,19.61,19.71
510300,2025/11/06,19.88,19.88,19.11,19.17
510300,2025/11/07,19.57,19.57,19.04,19.09
510300,2025/11/11,19.95,20.53,19.87,20.22
510300,2025/11/12,20.57,21.18,20.47,20.91
510300,2025/11/13,21.00,21.14,20.19,20.52
510300,2025/11/14,21.78,21.78,20.40,20.69
510300,2025/11/17,21.30,21.79,20.92,21.22
510300,2025/11/18,21.54,22.80,21.06,22.09
510300,2025/11/19,22.32,22.32,21.14,21.34
510300,2025/11/20,21.48,21.48,20.79,20.85
510300,2025/11/21,21.88,23.91,21.51,22.53
510300,2025/11/24,21.00,22.00,21.00,21.30
510300,2025/11/25,21.00,21.14,20.19,20.52
510300,2025/11/26,20.00,20.30,19.60,19.70
510300,2025/11/27,19.49,19.49,18.53,18.76
510300,2025/11/28,19.03,19.12,18.64,18.64
510300,2025/12/01,19.51,19.65,18.90,18.99
510300,2025/12/02,19.26,19.33,19.05,19.10
510300,2025/12/03,18.20,19.00,18.20,18.40
510300,2025/12/04,17.00,18.30,16.50,17.00
510300,2025/12/05,15.52,16.80,15.15,16.00
510300,2025/12/08,15.80,16.23,15.65,15.72
510300,2025/12/09,15.77,15.81,15.25,15.31
510300,2025/12/10,16.10,16.50,15.79,16.45
510300,2025/12/11,15.76,16.12,15.66,16.12
510300,2025/12/12,16.18,16.29,15.44,15.49
510300,2025/12/15,16.38,16.38,15.60,15.65
510300,2025/12/16,15.83,16.80,15.77,16.34
510300,2025/12/17,16.39,16.67,15.77,16.11
510300,2025/12/18,16.25,16.56,16.09,16.53
510300,2025/12/19,16.74,16.74,15.66,15.68
510300,2025/12/22,15.99,15.99,14.89,14.90
510300,2025/12/23,14.95,14.95,14.21,14.67
510300,2025/12/24,14.78,15.96,14.77,15.65
510300,2025/12/25,15.66,15.86,15.20,15.24
510300,2025/12/26,15.30,16.42,15.28,15.61
510300,2025/12/29,16.14,16.42,15.79,16.03
510300,2025/12/30,16.23,16.75,16.22,16.43
510300,2025/12/31,16.77,16.92,16.34,16.37
510300,2026/01/05,17.00,19.00,16.98,18.30
510300,2026/01/06,21.88,22.53,21.00,22.53
510300,2026/01/07,18.46,20.00,17.12,17.83
510300,2026/01/08,20.00,20.50,19.00,20.52
510300,2026/01/09,20.30,20.80,20.00,20.30
510300,2026/01/12,19.98,22.97,19.81,21.75
510300,2026/01/13,23.09,25.81,20.61,24.52
510300,2026/01/14,21.90,22.10,18.62,20.50
510300,2026/01/15,19.65,20.05,16.74,16.81
510300,2026/01/16,17.23,17.47,15.97,16.36
510300,2026/01/19,18.62,18.98,16.50,16.53
510300,2026/01/20,16.77,16.77,15.53,15.56
510300,2026/01/21,15.79,16.22,15.56,16.09
510300,2026/01/22,16.13,16.43,15.76,15.76
510300,2026/01/23,15.97,17.88,15.82,17.78
510300,2026/01/26,18.55,20.40,18.55,19.22
510300,2026/01/27,19.37,19.40,17.86,17.94
510300,2026/01/28,18.16,18.36,17.89,18.17
510300,2026/01/29,18.50,18.50,17.44,17.95
510300,2026/01/30,18.19,20.11,17.42,18.09
510300,2026/02/02,25.77,27.87,25.65,27.31
510300,2026/02/03,26.42,26.42,24.02,24.08
510300,2026/02/04,23.97,23.97,22.20,22.64
510300,2026/02/05,25.12,25.14,24.67,24.78
510300,2026/02/06,18.19,20.11,17.42,18.09
510300,2026/02/09,24.14,24.14,23.98,23.98
510300,2026/02/10,23.95,23.95,22.73,22.73
510300,2026/02/11,18.46,20.00,17.12,17.83
510300,2026/02/12,22.31,22.43,21.85,22.30
510300,2026/02/13,21.95,22.66,21.78,22.01
510300,2026/02/24,19.27,19.27,16.61,16.81
510300,2026/02/25,16.84,16.84,15.72,16.01
510300,2026/02/26,16.27,16.41,15.27,15.33
510300,2026/02/27,15.57,15.94,14.95,14.95
510300,2026/03/02,16.23,17.20,15.76,15.93
510300,2026/03/03,15.86,20.07,15.86,19.08
510300,2026/03/04,19.94,21.91,18.28,19.49
510300,2026/03/05,17.96,17.96,15.96,16.57
510300,2026/03/06,16.79,17.02,15.12,15.20
510300,2026/03/09,17.74,24.04,17.74,18.97
510300,2026/03/10,17.36,17.36,15.67,16.34
510300,2026/03/11,18.46,20.00,17.12,17.83
510300,2026/03/12,17.96,17.96,15.96,16.57
510300,2026/03/13,18.46,20.00,17.12,17.83
510300,2026/03/16,21.10,22.64,19.17,19.58
510300,2026/03/17,17.74,24.04,17.74,18.97
510300,2026/03/18,20.73,21.05,20.73,21.05
510300,2026/03/19,17.74,24.04,17.74,18.97
510300,2026/03/20,21.41,21.41,19.04,20.76
510300,2026/03/23,32.31,50.75,31.25,43.60
510300,2026/03/24,42.70,43.49,31.10,31.59
510300,2026/03/25,19.63,19.63,17.90,18.30
510300,2026/03/26,18.30,20.31,17.67,20.09
510300,2026/03/27,20.75,20.93,18.53,19.07
510300,2026/03/30,21.10,23.00,19.17,19.58
510300,2026/03/31,18.19,20.11,17.42,18.09
510300,2026/04/01,18.48,19.01,17.88,18.18
510300,2026/04/02,18.60,19.68,18.10,19.26
510300,2026/04/03,18.91,20.66,18.81,19.96
510300,2026/04/07,19.90,19.90,18.69,19.26
510300,2026/04/08,17.07,17.16,16.20,16.99
510300,2026/04/09,16.95,17.09,16.44,16.45
510300,2026/04/10,16.48,17.21,16.13,16.94
510300,2026/04/13,17.44,17.54,17.15,17.45
510300,2026/04/14,17.46,17.82,17.19,17.69
510300,2026/04/15,17.70,17.70,17.44,17.61
510300,2026/04/16,17.84,17.84,17.20,17.42
510300,2026/04/17,17.51,17.61,16.74,16.91
510300,2026/04/20,17.48,17.52,16.26,16.47
510300,2026/04/21,16.58,16.64,16.16,16.33
510300,2026/04/22,16.50,17.00,16.50,16.70
510300,2026/04/23,16.31,16.46,16.03,16.21
510300,2026/04/24,16.39,16.71,15.96,16.26
510300,2026/04/27,17.21,17.29,16.43,16.51
510300,2026/04/28,16.72,16.72,16.09,16.18
510300,2026/04/29,16.48,16.70,16.14,16.14
510300,2026/04/30,16.39,16.75,16.27,16.27
510300,2026/05/06,16.13,16.43,15.76,15.76
510300,2026/05/07,17.07,17.16,16.20,16.99
510300,2026/05/08,18.30,20.31,17.67,20.09
510300,2026/05/11,19.03,19.67,18.96,19.62
510300,2026/05/12,20.62,20.62,20.54,20.54
510300,2026/05/13,21.00,21.00,20.00,20.00
510300,2026/05/14,20.46,20.46,19.27,19.27
510300,2026/05/15,19.51,19.93,19.08,19.50
510300,2026/05/18,20.37,20.43,19.05,19.09
510300,2026/05/19,19.40,19.44,18.61,18.84
510300,2026/05/20,19.09,19.10,18.37,18.39
510300,2026/05/21,18.40,18.80,18.12,18.79
510300,2026/05/22,18.87,18.92,18.32,18.41
510300,2026/05/25,19.17,19.17,18.24,18.78
510300,2026/05/26,18.84,19.60,18.73,19.51
510300,2026/05/27,19.59,20.70,19.59,20.27
510300,2026/05/28,20.48,20.75,19.21,19.24
510300,2026/05/29,18.91,20.39,18.42,20.14
510300,2026/06/01,20.39,20.70,19.47,19.78
510300,2026/06/02,19.85,20.32,19.20,19.22
510300,2026/06/03,20.00,20.00,19.40,19.40
510300,2026/06/04,19.36,19.79,19.10,19.17
510300,2026/06/05,19.39,19.65,19.23,19.24
510300,2026/06/08,21.39,21.95,20.50,21.08
510300,2026/06/09,21.28,21.32,19.36,19.50
510300,2026/06/10,19.39,19.65,19.23,19.24
510300,2026/06/11,19.91,19.98,19.91,19.98
510300,2026/06/12,18.88,19.23,18.63,18.78
510300,2026/06/15,19.21,20.15,19.05,19.60
510300,2026/06/16,19.79,20.07,19.22,20.01
510300,2026/06/17,20.17,21.15,20.00,21.12
510300,2026/06/18,21.24,22.33,21.24,21.70
510300,2026/06/22,22.70,23.43,21.19,22.88
510300,2026/06/23,23.19,23.77,22.92,23.18
510300,2026/06/24,23.40,23.61,21.86,22.75
510300,2026/06/25,23.02,23.02,21.60,21.60
510300,2026/06/26,22.39,24.80,22.32,23.18
510300,2026/06/29,21.24,22.33,21.24,21.70
510300,2026/06/30,22.70,23.43,21.19,22.88
510300,2026/07/01,23.40,23.61,21.86,22.75
510300,2026/07/02,22.70,23.43,21.19,22.88
510300,2026/07/03,23.19,23.77,22.92,23.18
510300,2026/07/06,20.98,21.12,20.22,20.29
510300,2026/07/07,23.03,23.06,22.14,22.29
510300,2026/07/08,22.19,22.48,21.62,21.86
510300,2026/07/09,22.00,22.14,21.56,21.74
510300,2026/07/10,21.96,22.11,21.08,21.09
510300,2026/07/13,21.92,23.52,21.56,23.15
510300,2026/07/14,23.34,24.00,21.48,21.50
510300,2026/07/15,21.74,21.84,21.12,21.25
510300,2026/07/16,21.81,22.75,21.57,22.69
510300,2026/07/17,23.40,28.39,23.40,23.75
510300,2026/07/20,23.84,25.45,22.50,24.06
510300,2026/07/21,24.29,25.01,21.66,21.81
510300,2026/07/22,21.74,21.74,20.12,20.21
510300,2026/07/23,20.39,20.70,19.47,19.78
510300,2026/07/24,19.57,20.18,19.19,19.95
510300,2026/07/27,21.34,21.34,19.97,20.23
510300,2026/07/28,21.56,23.47,21.56,22.74
510300,2026/07/29,22.46,24.76,22.46,23.34
510300,2026/07/30,23.71,27.14,23.50,24.82
510300,2026/07/31,23.70,23.70,22.58,22.72
510500,2022/09/19,24.00,24.00,22.76,22.82
510500,2022/09/20,22.62,22.62,21.51,21.89
510500,2022/09/21,22.21,23.02,21.59,22.07
510500,2022/09/22,22.68,23.34,21.97,22.06
510500,2022/09/23,22.22,23.62,21.94,22.43
510500,2022/09/26,23.68,24.15,22.77,23.95
510500,2022/09/27,23.77,24.33,23.00,23.24
510500,2022/09/28,23.57,25.07,23.56,25.07
510500,2022/09/29,24.64,25.59,24.05,24.05
510500,2022/09/30,24.43,25.84,23.18,23.18
510500,2022/10/10,25.83,26.00,24.09,24.75
510500,2022/10/11,24.93,25.89,24.29,24.45
510500,2022/10/12,25.13,26.12,23.33,24.06
510500,2022/10/13,25.05,25.23,24.03,24.14
510500,2022/10/14,23.95,24.66,22.15,22.15
510500,2022/10/17,25.49,25.61,22.92,23.11
510500,2022/10/18,22.68,23.34,21.97,22.06
510500,2022/10/19,22.82,23.02,21.21,21.66
510500,2022/10/20,22.64,24.64,22.63,24.29
510500,2022/10/21,25.30,26.33,23.21,23.87
510500,2022/10/24,33.12,38.19,31.80,36.14
510500,2022/10/25,42.47,44.93,31.68,33.65
510500,2022/10/26,42.00,42.00,20.20,21.18
510500,2022/10/27,24.00,24.20,23.00,23.11
510500,2022/10/28,23.62,24.77,23.62,24.77
510500,2022/10/31,26.92,26.92,25.85,25.85
510500,2022/11/01,26.11,26.11,23.64,23.73
510500,2022/11/02,24.20,24.45,22.81,23.06
510500,2022/11/03,23.50,24.11,23.14,23.27
510500,2022/11/04,23.48,23.50,21.56,22.73
510500,2022/11/07,24.60,25.58,24.41,24.75
510500,2022/11/08,25.08,25.12,22.71,23.16
510500,2022/11/09,23.97,23.97,22.58,23.19
510500,2022/11/10,24.14,24.71,23.41,23.42
510500,2022/11/11,23.44,24.12,21.61,21.61
510500,2022/11/14,24.00,24.00,23.38,23.59
510500,2022/11/15,24.73,24.93,22.62,22.63
510500,2022/11/16,23.78,24.45,22.49,22.72
510500,2022/11/17,24.20,24.20,21.76,22.00
510500,2022/11/18,23.54,23.73,21.12,21.12
510500,2022/11/21,22.50,23.40,21.50,23.30
510500,2022/11/22,22.00,22.50,21.80,22.20
510500,2022/11/23,21.00,21.60,20.80,21.00
510500,2022/11/24,20.23,20.31,19.76,19.90
510500,2022/11/25,20.34,20.59,20.01,20.12
510500,2022/11/28,21.60,22.73,21.29,21.46
510500,2022/11/29,21.40,21.40,20.54,21.14
510500,2022/11/30,21.47,21.59,20.55,20.55
510500,2022/12/01,20.72,20.86,19.21,19.33
510500,2022/12/02,19.59,19.68,18.58,18.63
510500,2022/12/05,19.77,20.03,19.22,19.33
510500,2022/12/06,19.64,19.83,18.82,18.91
510500,2022/12/07,19.30,19.30,18.11,18.46
510500,2022/12/08,18.87,18.87,17.76,17.95
510500,2022/12/09,18.42,18.42,17.88,17.99
510500,2022/12/12,19.71,19.71,18.35,18.75
510500,2022/12/13,19.60,19.60,18.57,18.97
510500,2022/12/14,19.60,19.60,18.57,18.70
510500,2022/12/15,19.10,19.21,16.89,17.04
510500,2022/12/16,17.88,17.94,17.28,17.53
510500,2022/12/19,17.37,18.38,16.97,17.87
510500,2022/12/20,17.99,18.90,17.96,18.45
510500,2022/12/21,18.52,18.64,17.73,17.98
510500,2022/12/22,18.07,19.35,17.67,18.75
510500,2022/12/23,19.09,20.18,18.94,19.27
510500,2022/12/26,19.06,19.06,18.08,18.37
510500,2022/12/27,19.80,19.80,17.18,17.40
510500,2022/12/28,17.56,17.63,16.82,16.95
510500,2022/12/29,17.22,17.42,16.41,16.59
510500,2022/12/30,16.79,16.79,16.08,16.24
510500,2023/01/03,17.29,17.29,16.14,16.14
510500,2023/01/04,16.40,16.40,15.83,16.05
510500,2023/01/05,16.23,16.49,15.97,15.99
510500,2023/01/06,16.23,16.31,16.05,16.22
510500,2023/01/09,17.03,17.43,16.84,17.27
510500,2023/01/10,17.57,17.63,17.33,17.37
510500,2023/01/11,17.57,17.63,17.33,17.30
510500,2023/01/12,17.36,17.36,17.03,17.17
510500,2023/01/13,17.26,17.26,16.05,16.27
510500,2023/01/16,17.02,18.43,16.72,17.20
510500,2023/01/17,16.81,17.08,16.76,16.95
510500,2023/01/18,17.07,17.93,16.88,17.64
510500,2023/01/19,17.71,19.59,17.54,18.89
510500,2023/01/20,19.36,20.05,18.13,18.81
510500,2023/01/30,20.29,20.33,17.63,18.03
510500,2023/01/31,18.10,18.20,17.15,17.40
510500,2023/02/01,17.61,18.22,17.33,18.22
510500,2023/02/02,18.64,19.32,18.38,19.04
510500,2023/02/03,19.21,19.44,18.92,19.17
510500,2023/02/06,19.68,19.68,19.14,19.41
510500,2023/02/07,19.67,19.67,18.53,18.77
510500,2023/02/08,18.98,18.98,18.09,18.23
510500,2023/02/09,18.54,18.54,17.68,17.88
510500,2023/02/10,18.15,18.20,17.49,17.75
510500,2023/02/13,18.40,18.40,17.69,17.95
510500,2023/02/14,18.16,18.23,17.51,17.76
510500,2023/02/15,17.90,17.90,17.35,17.46
510500,2023/02/16,17.56,18.37,16.62,17.78
510500,2023/02/17,18.02,18.02,17.38,17.79
510500,2023/02/20,18.53,18.53,17.61,17.88
510500,2023/02/21,18.09,18.31,17.68,17.96
510500,2023/02/22,18.48,18.62,17.62,17.79
510500,2023/02/23,17.88,17.88,17.32,17.55
510500,2023/02/24,17.62,17.62,17.18,17.48
510500,2023/02/27,18.12,18.12,17.66,18.08
510500,2023/02/28,18.09,18.09,17.41,17.41
510500,2023/03/01,17.40,17.46,17.15,17.19
510500,2023/03/02,17.39,17.39,16.93,16.97
510500,2023/03/03,17.08,17.08,16.85,16.85
510500,2023/03/06,17.43,17.43,16.84,16.87
510500,2023/03/07,17.21,17.21,16.70,17.21
510500,2023/03/08,17.30,17.40,17.06,17.10
510500,2023/03/09,17.00,17.22,16.89,16.99
510500,2023/03/10,17.33,17.85,17.33,17.65
510500,2023/03/13,18.23,18.23,17.28,17.55
510500,2023/03/14,17.79,18.38,17.78,18.10
510500,2023/03/15,17.60,17.68,17.26,17.44
510500,2023/03/16,17.90,18.38,17.59,18.24
510500,2023/03/17,18.08,18.08,16.99,17.03
510500,2023/03/20,17.60,18.06,17.47,17.91
510500,2023/03/21,17.90,17.98,17.17,17.37
510500,2023/03/22,17.60,18.06,17.47,17.91
510500,2023/03/23,17.60,17.68,17.26,17.44
510500,2023/03/24,15.89,15.89,15.04,15.04
510500,2023/03/27,15.77,15.78,15.26,15.33
510500,2023/03/28,15.60,15.60,14.99,15.10
510500,2023/03/29,15.24,15.32,15.09,15.18
510500,2023/03/30,15.46,15.50,15.06,15.06
510500,2023/03/31,15.12,15.36,14.98,15.03
510500,2023/04/03,15.64,15.96,15.51,15.74
510500,2023/04/04,16.04,16.32,15.85,15.91
510500,2023/04/06,16.58,16.60,16.29,16.45
510500,2023/04/07,16.59,16.66,16.14,16.16
510500,2023/04/10,16.69,16.70,16.09,16.10
510500,2023/04/11,16.30,16.30,15.68,15.68
510500,2023/04/12,15.91,15.91,15.12,15.32
510500,2023/04/13,15.46,15.46,14.73,14.88
510500,2023/04/14,15.16,15.16,14.74,14.81
510500,2023/04/17,15.34,15.38,15.00,15.35
510500,2023/04/18,15.43,15.45,14.67,14.77
510500,2023/04/19,14.86,14.99,14.33,14.52
510500,2023/04/20,14.54,14.56,13.95,14.26
510500,2023/04/21,14.42,16.26,14.17,16.02
510500,2023/04/24,16.35,17.30,15.86,16.80
510500,2023/04/25,15.97,20.94,15.97,18.14
510500,2023/04/26,18.43,18.57,16.62,17.29
510500,2023/04/27,17.67,17.69,15.86,15.99
510500,2023/04/28,16.02,16.02,15.05,15.10
510500,2023/05/04,16.20,16.20,15.55,15.69
510500,2023/05/05,15.93,16.23,15.46,15.64
510500,2023/05/08,16.17,16.17,15.55,15.65
510500,2023/05/09,15.80,16.40,15.67,16.40
510500,2023/05/10,16.61,16.78,15.97,16.33
510500,2023/05/11,16.45,16.45,15.88,15.98
510500,2023/05/12,16.21,16.67,15.76,16.38
510500,2023/05/15,16.70,17.08,15.23,15.53
510500,2023/05/16,15.94,16.25,15.66,15.98
510500,2023/05/17,16.26,16.47,15.79,16.33
510500,2023/05/18,16.36,16.36,15.52,15.62
510500,2023/05/19,16.00,16.39,14.99,15.09
510500,2023/05/22,15.94,15.94,14.65,14.82
510500,2023/05/23,15.06,15.06,14.27,14.84
510500,2023/05/24,15.06,16.15,14.85,15.41
510500,2023/05/25,15.51,16.70,15.23,15.23
510500,2023/05/26,15.71,16.40,14.42,14.73
510500,2023/05/29,14.77,15.29,14.72,14.76
510500,2023/05/30,15.03,15.49,14.41,14.48
510500,2023/05/31,15.38,15.81,15.11,15.25
510500,2023/06/01,15.49,15.49,14.50,14.63
510500,2023/06/02,15.15,15.31,14.75,14.80
510500,2023/06/05,15.15,15.31,14.75,14.80
510500,2023/06/06,15.01,16.27,14.78,16.02
510500,2023/06/07,16.21,16.37,15.84,16.00
510500,2023/06/08,16.08,16.96,16.04,16.06
510500,2023/06/09,16.15,16.20,14.92,15.01
510500,2023/06/12,15.57,15.71,14.71,14.93
510500,2023/06/13,15.22,15.22,14.52,14.63
510500,2023/06/14,15.80,16.40,15.67,16.40
510500,2023/06/15,14.58,14.79,13.89,13.94
510500,2023/06/16,14.07,14.25,13.53,13.68
510500,2023/06/19,14.30,14.30,13.87,13.98
510500,2023/06/20,14.21,14.32,13.75,13.78
510500,2023/06/21,14.03,14.71,13.88,14.58
510500,2023/06/26,15.59,16.30,15.36,15.97
510500,2023/06/27,15.98,16.25,15.26,15.54
510500,2023/06/28,15.89,16.82,15.39,15.53
510500,2023/06/29,15.90,15.90,15.08,15.44
510500,2023/06/30,15.60,15.60,14.73,14.81
510500,2023/07/03,15.31,15.41,14.74,14.80
510500,2023/07/04,15.06,15.16,14.55,14.66
510500,2023/07/05,14.88,15.04,14.69,14.91
510500,2023/07/06,15.13,15.48,14.59,15.36
510500,2023/07/07,15.59,15.88,15.22,15.46
510500,2023/07/10,15.86,15.86,15.07,15.65
510500,2023/07/11,15.71,15.71,14.85,14.86
510500,2023/07/12,15.01,15.67,14.91,15.64
510500,2023/07/13,14.93,14.93,14.80,14.80
510500,2023/07/14,14.88,15.04,14.66,14.78
510500,2023/07/17,15.43,15.71,15.14,15.19
510500,2023/07/18,15.40,15.50,14.63,15.04
510500,2023/07/19,15.33,15.71,15.05,15.53
510500,2023/07/20,15.60,16.40,15.10,16.27
510500,2023/07/21,16.40,16.52,15.49,15.61
510500,2023/07/24,15.98,15.98,15.51,15.51
510500,2023/07/25,16.10,16.32,15.69,15.69
510500,2023/07/26,15.99,16.00,15.30,15.67
510500,2023/07/27,16.55,17.00,15.95,15.95
510500,2023/07/28,15.44,15.52,14.81,14.81
510500,2023/07/31,15.93,17.22,15.93,16.23
510500,2023/08/01,16.32,16.53,16.20,16.20
510500,2023/08/02,15.68,15.99,15.33,15.71
510500,2023/08/03,15.68,15.99,15.33,15.71
510500,2023/08/04,15.68,15.99,15.33,15.71
510500,2023/08/07,16.32,16.53,16.20,16.20
510500,2023/08/08,16.20,16.22,15.84,15.84
510500,2023/08/09,16.25,16.28,16.00,16.23
510500,2023/08/10,16.37,16.37,16.01,16.13
510500,2023/08/11,16.28,17.18,15.83,16.83
510500,2023/08/14,19.80,20.60,16.44,16.57
510500,2023/08/15,16.70,16.96,15.76,16.09
510500,2023/08/16,16.24,17.14,16.22,17.14
510500,2023/08/17,17.65,18.78,16.49,16.92
510500,2023/08/18,17.03,18.53,16.68,18.53
510500,2023/08/21,18.92,20.58,18.07,20.48
510500,2023/08/22,21.42,21.42,18.70,19.39
510500,2023/08/23,19.47,20.20,19.01,20.20
510500,2023/08/24,20.42,20.42,19.35,19.57
510500,2023/08/25,19.86,20.42,19.68,19.68
510500,2023/08/28,21.42,21.42,18.70,19.39
510500,2023/08/29,20.45,21.13,20.36,20.46
510500,2023/08/30,20.45,21.13,20.36,20.46
510500,2023/08/31,19.99,20.05,19.07,19.07
510500,2023/09/01,18.49,18.49,18.00,18.00
510500,2023/09/04,17.88,17.88,16.93,17.08
510500,2023/09/05,17.18,17.18,16.78,16.83
510500,2023/09/06,17.34,17.34,16.71,16.79
510500,2023/09/07,16.96,18.15,16.88,17.94
510500,2023/09/08,18.48,18.48,17.77,18.15
510500,2023/09/11,18.49,18.49,18.00,18.00
510500,2023/09/12,17.13,17.27,16.45,16.70
510500,2023/09/13,17.18,17.18,16.78,16.83
510500,2023/09/14,16.96,18.15,16.88,17.94
510500,2023/09/15,16.92,17.34,16.77,16.77
510500,2023/09/18,17.31,17.31,16.83,16.89
510500,2023/09/19,17.02,17.33,16.95,16.99
510500,2023/09/20,17.26,17.31,16.86,17.00
510500,2023/09/21,17.25,17.68,16.89,17.57
510500,2023/09/22,17.43,17.43,16.84,16.84
510500,2023/09/25,17.34,17.34,16.71,16.79
510500,2023/09/26,17.30,17.90,17.16,17.62
510500,2023/09/27,17.63,18.27,17.39,17.61
510500,2023/09/28,17.71,18.03,16.76,17.18
510500,2023/10/09,18.46,18.46,16.03,16.11
510500,2023/10/10,16.11,16.16,15.73,15.88
510500,2023/10/11,16.02,16.02,15.22,15.22
510500,2023/10/12,15.39,15.39,14.85,14.92
510500,2023/10/13,14.96,15.39,14.80,15.08
510500,2023/10/16,15.65,16.76,15.43,16.33
510500,2023/10/17,16.50,16.51,15.66,15.71
510500,2023/10/18,15.77,16.45,15.77,16.37
510500,2023/10/19,16.73,18.22,16.30,17.80
510500,2023/10/20,18.18,18.92,17.54,18.71
510500,2023/10/23,19.36,22.82,18.98,21.54
510500,2023/10/24,21.38,21.95,19.35,19.63
510500,2023/10/25,19.40,19.40,17.77,18.22
510500,2023/10/26,18.56,18.57,16.95,17.30
510500,2023/10/27,17.60,17.63,16.91,17.00
510500,2023/10/30,17.53,17.55,16.94,16.94
510500,2023/10/31,17.21,17.28,16.64,16.71
510500,2023/11/01,16.99,17.09,16.41,16.46
510500,2023/11/02,16.60,16.64,16.23,16.51
510500,2023/11/03,16.62,16.63,15.99,15.99
510500,2023/11/06,16.06,16.93,16.06,16.70
510500,2023/11/07,16.82,16.84,16.48,16.53
510500,2023/11/08,16.67,16.75,16.35,16.44
510500,2023/11/09,16.62,16.70,16.36,16.53
510500,2023/11/10,16.63,16.97,16.57,16.82
510500,2023/11/13,17.27,17.29,16.95,17.01
510500,2023/11/14,17.15,17.15,16.69,16.88
510500,2023/11/15,17.08,17.08,16.50,16.56
510500,2023/11/16,16.52,16.74,16.26,16.57
510500,2023/11/17,16.80,16.80,15.93,15.99
510500,2023/11/20,15.60,15.60,15.01,15.01
510500,2023/11/21,15.69,16.02,15.41,15.77
510500,2023/11/22,15.69,15.93,15.30,15.79
510500,2023/11/23,16.21,16.44,15.53,15.65
510500,2023/11/24,15.88,16.17,15.68,15.68
510500,2023/11/27,16.28,17.00,16.05,16.22
510500,2023/11/28,16.59,16.89,15.74,15.81
510500,2023/11/29,16.06,16.33,15.90,15.97
510500,2023/11/30,16.27,16.37,15.82,15.92
510500,2023/12/01,15.98,16.58,15.74,15.80
510500,2023/12/04,16.22,17.00,16.20,16.48
510500,2023/12/05,16.84,17.92,16.84,17.91
510500,2023/12/06,17.97,18.22,16.66,17.11
510500,2023/12/07,17.54,17.75,16.72,16.98
510500,2023/12/08,16.88,16.99,16.29,16.51
510500,2023/12/11,17.41,17.70,16.66,16.81
510500,2023/12/12,16.97,17.10,16.37,16.42
510500,2023/12/13,16.54,16.86,16.27,16.81
510500,2023/12/14,16.54,16.86,16.27,16.81
510500,2023/12/15,16.54,16.86,16.27,16.81
510500,2023/12/18,18.10,18.10,17.43,17.52
510500,2023/12/19,16.54,16.86,16.27,16.81
510500,2023/12/20,17.98,18.56,17.90,18.24
510500,2023/12/21,17.98,18.56,17.90,18.24
510500,2023/12/22,18.01,18.47,17.29,17.74
510500,2023/12/25,18.00,18.30,17.25,17.28
510500,2023/12/26,17.68,18.45,17.68,17.68
510500,2023/12/27,18.47,19.29,17.86,18.32
510500,2023/12/28,18.47,19.29,17.86,18.32
510500,2023/12/29,17.40,17.54,16.57,16.57
510500,2024/01/02,17.15,17.15,16.21,16.28
510500,2024/01/03,16.52,16.76,16.33,16.40
510500,2024/01/04,16.53,17.25,16.53,16.96
510500,2024/01/05,17.22,18.40,16.90,17.79
510500,2024/01/08,18.47,19.29,17.86,18.32
510500,2024/01/09,20.97,21.57,19.52,20.12
510500,2024/01/10,20.97,21.57,19.52,20.12
510500,2024/01/11,20.78,21.01,19.06,19.48
510500,2024/01/12,19.83,19.98,19.51,19.85
510500,2024/01/15,20.71,20.84,19.04,19.04
510500,2024/01/16,19.34,19.75,18.58,19.11
510500,2024/01/17,19.45,20.85,19.34,20.85
510500,2024/01/18,21.21,27.84,20.75,21.41
510500,2024/01/19,21.38,23.48,20.35,21.24
510500,2024/01/22,21.76,27.87,21.76,25.84
510500,2024/01/23,27.04,27.34,23.25,25.38
510500,2024/01/24,23.70,27.60,23.70,24.88
510500,2024/01/25,25.20,26.04,22.28,22.79
510500,2024/01/26,22.98,23.37,22.02,22.16
510500,2024/01/29,22.52,25.95,22.52,25.15
510500,2024/01/30,25.50,27.77,25.05,27.29
510500,2024/01/31,27.90,33.76,26.88,29.98
510500,2024/02/01,31.69,33.10,27.47,29.72
510500,2024/02/02,28.76,36.18,28.10,31.65
510500,2024/02/05,33.03,43.17,32.56,37.33
510500,2024/02/06,34.85,35.52,29.73,34.85
510500,2024/02/07,31.90,32.39,29.36,31.45
510500,2024/02/08,32.27,38.74,32.00,32.38
510500,2024/02/19,34.60,34.60,31.02,32.73
510500,2024/02/20,32.33,32.79,26.91,26.97
510500,2024/02/21,27.13,27.97,26.07,26.77
510500,2024/02/22,27.11,28.14,26.83,27.16
510500,2024/02/23,27.69,28.82,27.48,28.50
510500,2024/02/26,28.96,29.15,28.18,29.12
510500,2024/02/27,27.83,28.14,26.84,27.20
510500,2024/02/28,27.81,30.36,27.81,30.18
510500,2024/02/29,29.91,30.00,29.02,29.20
510500,2024/03/01,30.43,31.07,29.28,29.28
510500,2024/03/04,29.70,29.77,28.72,28.98
510500,2024/03/05,29.03,29.05,26.97,27.48
510500,2024/03/06,27.52,27.52,26.26,26.35
510500,2024/03/07,26.45,26.56,24.91,25.72
510500,2024/03/08,25.66,25.67,24.47,24.47
510500,2024/03/11,25.04,25.04,23.78,23.82
510500,2024/03/12,23.98,24.13,23.40,23.59
510500,2024/03/13,23.76,24.01,23.36,23.40
510500,2024/03/14,23.02,23.02,22.56,22.56
510500,2024/03/15,22.69,22.85,21.76,21.87
510500,2024/03/18,22.57,22.57,21.72,21.84
510500,2024/03/19,21.94,22.04,21.45,21.47
510500,2024/03/20,21.55,21.83,21.37,21.47
510500,2024/03/21,21.52,21.82,20.90,21.05
510500,2024/03/22,21.20,22.91,21.00,21.50
510500,2024/03/25,22.12,22.48,21.43,22.10
510500,2024/03/26,22.02,22.44,21.59,21.86
510500,2024/03/27,22.06,23.86,22.04,23.76
510500,2024/03/28,24.18,24.18,22.83,22.93
510500,2024/03/29,22.88,23.05,22.63,22.18
510500,2024/04/01,22.56,22.56,21.69,21.77
510500,2024/04/02,21.91,22.05,21.68,21.72
510500,2024/04/03,21.96,22.26,21.38,21.40
510500,2024/04/08,22.55,22.60,21.19,21.41
510500,2024/04/09,21.37,21.67,20.95,21.00
510500,2024/04/10,21.18,21.67,20.93,20.96
510500,2024/04/11,21.50,21.64,20.44,20.53
510500,2024/04/12,20.49,21.00,20.00,20.67
510500,2024/04/15,21.11,22.37,20.85,21.35
510500,2024/04/16,21.94,24.02,21.86,23.71
510500,2024/04/17,23.53,23.79,22.13,22.13
510500,2024/04/18,22.02,22.44,21.59,21.86
510500,2024/04/19,23.76,24.01,23.36,23.40
510500,2024/04/22,22.91,22.91,22.02,22.23
510500,2024/04/23,22.64,22.64,22.03,22.17
510500,2024/04/24,21.37,21.67,20.95,21.00
510500,2024/04/25,22.40,22.63,20.63,21.00
510500,2024/04/26,19.91,20.00,19.61,20.00
510500,2024/04/29,21.68,23.88,21.68,22.39
510500,2024/04/30,22.76,23.02,20.75,20.79
510500,2024/05/06,22.25,22.35,21.77,21.77
510500,2024/05/07,21.29,21.34,20.32,20.32
510500,2024/05/08,20.40,20.40,20.16,20.34
510500,2024/05/09,20.89,21.05,20.26,20.29
510500,2024/05/10,20.66,20.66,20.14,20.21
510500,2024/05/13,21.96,22.26,21.38,21.40
510500,2024/05/14,21.08,21.11,20.78,20.78
510500,2024/05/15,21.19,21.19,20.73,20.73
510500,2024/05/16,20.45,20.66,20.27,20.38
510500,2024/05/17,19.84,20.06,19.23,19.23
510500,2024/05/20,20.17,21.00,20.00,20.00
510500,2024/05/21,19.41,19.53,19.06,19.35
510500,2024/05/28,19.41,19.53,19.06,19.35
510500,2024/06/03,19.71,19.87,19.00,19.00
510500,2024/06/04,19.70,19.82,18.76,18.88
510500,2024/06/05,18.99,19.15,18.73,19.15
510500,2024/06/06,19.09,21.08,18.78,20.16
510500,2024/06/07,19.99,21.81,19.81,19.82
510500,2024/06/11,20.75,21.13,19.32,19.54
510500,2024/06/12,20.75,21.13,19.32,19.54
510500,2024/06/13,19.08,19.27,18.46,18.47
510500,2024/06/14,18.72,18.99,17.97,18.05
510500,2024/06/17,18.69,19.10,18.41,18.41
510500,2024/06/18,18.56,18.56,18.16,18.16
510500,2024/06/19,18.42,19.00,18.23,18.50
510500,2024/06/20,18.71,19.72,18.31,19.42
510500,2024/06/21,19.95,19.96,18.05,18.05
510500,2024/06/24,17.39,19.63,17.39,19.03
510500,2024/06/25,19.04,22.06,19.00,20.36
510500,2024/06/26,20.71,21.00,19.00,19.59
510500,2024/06/27,20.00,21.42,19.73,20.61
510500,2024/06/28,21.15,21.15,19.09,19.93
510500,2024/07/01,20.57,20.85,19.42,19.49
510500,2024/07/02,19.61,20.02,19.16,19.33
510500,2024/07/03,19.53,20.09,18.97,19.11
510500,2024/07/04,19.02,19.30,18.40,18.86
510500,2024/07/05,19.14,20.44,18.04,18.09
510500,2024/07/08,18.91,19.79,18.91,19.26
510500,2024/07/09,19.58,20.35,19.14,19.47
510500,2024/07/10,19.58,20.35,19.14,19.47
510500,2024/07/11,20.27,20.31,19.09,19.13
510500,2024/07/12,19.40,19.54,19.02,19.03
510500,2024/07/15,19.96,20.13,18.97,19.04
510500,2024/07/16,19.32,19.77,18.68,19.59
510500,2024/07/17,19.95,20.08,18.61,18.79
510500,2024/07/18,18.97,19.43,18.64,19.22
510500,2024/07/19,19.31,20.06,18.69,18.89
510500,2024/07/22,20.23,21.00,18.86,19.01
510500,2024/07/23,19.14,19.62,18.56,19.05
510500,2024/07/24,19.34,20.00,19.12,19.12
510500,2024/07/25,19.00,19.20,19.00,19.10
510500,2024/07/26,18.91,19.79,18.91,19.26
510500,2024/07/29,19.90,20.25,19.50,19.78
510500,2024/07/30,19.94,20.26,19.75,19.83
510500,2024/07/31,19.98,20.66,19.18,20.65
510500,2024/08/01,20.49,21.17,20.07,20.10
510500,2024/08/02,20.55,21.19,20.55,20.85
510500,2024/08/05,22.29,25.99,22.22,25.77
510500,2024/08/06,24.72,24.72,23.19,23.23
510500,2024/08/07,23.75,24.28,21.80,21.81
510500,2024/08/08,22.08,22.62,20.46,21.41
510500,2024/08/09,21.52,21.83,21.18,21.42
510500,2024/08/12,22.36,22.47,20.98,21.15
510500,2024/08/13,20.99,21.28,20.65,20.87
510500,2024/08/14,22.08,22.62,20.46,21.41
510500,2024/08/15,22.36,22.47,20.98,21.15
510500,2024/08/16,21.45,22.00,20.37,20.49
510500,2024/08/19,21.28,21.41,19.66,19.75
510500,2024/08/20,20.05,20.82,19.77,20.05
510500,2024/08/21,20.59,20.88,19.59,19.81
510500,2024/08/22,20.07,20.45,19.30,19.78
510500,2024/08/23,20.13,20.38,19.19,19.21
510500,2024/08/26,19.90,19.94,19.16,19.75
510500,2024/08/27,20.05,20.43,19.51,19.68
510500,2024/08/28,19.80,19.94,19.29,19.51
510500,2024/08/29,20.00,21.00,20.00,20.87
510500,2024/08/30,21.00,22.00,20.90,21.50
510500,2024/09/02,20.99,21.28,20.65,20.87
510500,2024/09/03,21.45,22.00,20.37,20.49
510500,2024/09/04,19.32,20.08,19.21,19.39
510500,2024/09/05,19.42,19.65,19.06,19.18
510500,2024/09/06,20.55,21.19,20.55,20.85
510500,2024/09/09,21.28,21.41,19.66,19.75
510500,2024/09/10,21.00,22.18,20.96,21.42
510500,2024/09/11,23.00,25.99,22.22,25.77
510500,2024/09/12,20.72,20.77,20.51,20.64
510500,2024/09/13,20.00,21.00,20.00,20.70
510500,2024/09/18,20.39,20.39,19.08,20.03
510500,2024/09/19,20.14,20.57,19.63,19.92
510500,2024/09/20,20.02,20.11,19.03,19.05
510500,2024/09/23,20.10,20.17,18.99,19.25
510500,2024/09/24,19.51,21.92,19.08,20.67
510500,2024/09/25,22.68,22.68,21.11,21.11
510500,2024/09/26,21.00,21.28,20.83,20.83
510500,2024/09/27,22.88,44.44,21.55,31.37
510500,2024/09/30,48.37,51.13,39.15,49.52
510500,2024/10/08,48.91,54.23,41.35,53.52
510500,2024/10/09,53.92,54.73,41.42,45.33
510500,2024/10/10,46.98,47.30,38.60,38.73
510500,2024/10/11,38.87,43.04,35.37,41.55
510500,2024/10/14,43.62,43.97,35.43,35.43
510500,2024/10/15,22.88,31.00,21.55,31.00
510500,2024/10/16,30.09,31.73,29.81,29.96
510500,2024/10/17,30.09,31.73,29.81,29.96
510500,2024/10/18,30.29,37.56,30.24,37.56
510500,2024/10/21,30.09,31.73,29.81,29.96
510500,2024/10/22,37.07,38.11,34.16,35.13
510500,2024/10/23,35.35,38.00,35.00,36.00
510500,2024/10/24,33.00,34.00,32.00,33.00
510500,2024/10/25,31.93,35.08,31.92,31.92
510500,2024/10/28,34.36,36.58,34.33,34.59
510500,2024/10/29,35.19,35.74,33.74,33.79
510500,2024/10/30,33.98,34.74,33.98,34.50
510500,2024/10/31,34.85,38.32,34.85,36.83
510500,2024/11/01,37.17,39.09,37.17,37.59
510500,2024/11/04,30.09,31.73,29.81,29.96
510500,2024/11/05,30.29,37.56,30.24,37.56
510500,2024/11/06,30.09,31.73,29.81,29.96
510500,2024/11/07,37.07,38.11,34.16,35.13
510500,2024/11/08,35.35,35.35,34.00,34.00
510500,2024/11/11,30.62,30.82,30.62,30.62
510500,2024/11/12,30.99,30.99,28.68,29.50
510500,2024/11/13,29.59,29.59,28.86,28.86
510500,2024/11/14,28.51,28.65,27.67,28.45
510500,2024/11/15,28.73,29.25,28.13,28.52
510500,2024/11/18,29.71,31.53,28.97,31.02
510500,2024/11/19,31.20,32.37,30.85,31.22
510500,2024/11/20,31.55,31.55,29.96,29.96
510500,2024/11/21,29.41,29.61,28.34,28.56
510500,2024/11/22,28.73,30.67,27.91,30.60
510500,2024/11/25,31.86,31.86,29.68,30.07
510500,2024/11/26,30.47,31.33,30.08,31.08
510500,2024/11/27,31.54,32.85,30.14,30.76
510500,2024/11/28,31.06,31.47,29.10,29.35
510500,2024/11/29,29.61,32.13,28.45,28.96
510500,2024/12/02,29.26,30.59,29.26,29.77
510500,2024/12/03,30.09,30.62,29.97,30.22
510500,2024/12/04,30.68,31.54,30.28,30.28
510500,2024/12/05,30.58,30.76,29.56,29.56
510500,2024/12/06,30.00,30.14,28.05,28.05
510500,2024/12/09,29.48,29.83,28.34,28.70
510500,2024/12/10,29.28,31.69,28.52,28.67
510500,2024/12/11,29.48,29.83,28.34,28.70
510500,2024/12/12,27.90,28.31,27.63,28.31
510500,2024/12/13,28.40,28.40,26.97,26.97
510500,2024/12/16,27.98,27.98,26.02,26.18
510500,2024/12/17,26.44,26.91,25.84,26.73
510500,2024/12/18,27.12,27.26,26.20,26.45
510500,2024/12/19,26.98,27.74,26.91,27.15
510500,2024/12/20,27.53,27.53,26.07,26.07
510500,2024/12/23,26.89,27.42,24.87,27.37
510500,2024/12/24,27.43,27.43,25.78,26.17
510500,2024/12/25,26.47,27.60,26.10,26.74
510500,2024/12/26,27.16,27.16,24.16,24.51
510500,2024/12/27,24.74,24.76,23.48,23.75
510500,2024/12/30,24.64,24.84,23.86,24.44
510500,2024/12/31,24.61,26.08,24.61,25.21
510500,2025/01/02,29.97,29.97,25.05,28.10
510500,2025/01/03,29.97,29.97,25.05,28.10
510500,2025/01/06,29.03,30.83,28.81,29.73
510500,2025/01/07,29.82,29.97,26.11,26.13
510500,2025/01/08,26.71,28.01,25.71,25.83
510500,2025/01/09,26.15,26.22,25.42,25.69
510500,2025/01/10,26.15,26.22,25.42,25.69
510500,2025/01/13,27.80,28.54,27.52,27.97
510500,2025/01/14,28.16,28.89,26.76,28.58
510500,2025/01/15,28.52,28.53,27.61,27.47
510500,2025/01/16,27.71,28.44,27.27,27.83
510500,2025/01/17,28.16,29.78,28.00,28.52
510500,2025/01/20,29.23,29.41,27.05,27.52
510500,2025/01/21,27.71,28.04,26.55,26.98
510500,2025/01/22,27.22,27.80,26.50,27.14
510500,2025/01/23,27.49,28.66,26.37,26.84
510500,2025/01/24,27.03,27.23,25.48,25.57
510500,2025/01/27,26.13,26.30,24.93,24.93
510500,2025/02/05,26.66,26.66,23.67,24.02
510500,2025/02/06,24.30,24.30,22.59,23.77
510500,2025/02/07,23.50,24.89,23.20,23.24
510500,2025/02/10,24.52,25.09,24.13,24.50
510500,2025/02/11,22.30,22.36,21.67,21.95
510500,2025/02/12,23.82,23.94,22.31,22.78
510500,2025/02/13,23.09,23.22,22.22,22.30
510500,2025/02/14,22.40,22.57,21.61,21.63
510500,2025/02/17,22.74,23.35,22.70,22.85
510500,2025/02/18,23.19,23.19,22.40,22.51
510500,2025/02/19,22.81,22.83,22.16,22.23
510500,2025/02/20,22.46,22.78,21.99,21.99
510500,2025/02/21,22.19,23.42,21.90,21.96
510500,2025/02/24,22.72,22.97,22.21,22.50
510500,2025/02/25,22.97,22.98,22.15,22.36
510500,2025/02/26,22.58,22.65,22.04,22.60
510500,2025/02/27,22.95,23.20,22.33,22.47
510500,2025/02/28,22.88,24.22,22.81,23.82
510500,2025/03/03,24.19,24.41,22.58,22.61
510500,2025/03/04,22.19,23.42,21.90,21.96
510500,2025/03/05,22.24,22.39,21.38,21.49
510500,2025/03/06,21.65,22.26,21.54,21.69
510500,2025/03/07,21.83,21.87,20.71,20.71
510500,2025/03/10,21.40,21.53,21.09,21.19
510500,2025/03/11,21.65,22.26,21.54,21.69
510500,2025/03/12,21.73,21.94,21.55,21.70
510500,2025/03/13,21.82,22.65,21.62,22.08
510500,2025/03/14,22.24,23.44,21.96,22.53
510500,2025/03/17,23.50,23.50,21.97,22.26
510500,2025/03/18,22.69,23.04,21.89,22.15
510500,2025/03/19,22.27,22.32,21.80,22.21
510500,2025/03/20,22.30,22.36,21.67,21.95
510500,2025/03/21,22.07,22.44,21.31,21.45
510500,2025/03/24,22.02,22.02,20.93,21.33
510500,2025/03/25,21.73,21.94,21.55,21.70
510500,2025/03/26,21.01,21.11,20.01,20.20
510500,2025/03/27,20.85,20.98,19.62,19.76
510500,2025/03/28,20.15,20.56,19.99,20.18
510500,2025/03/31,20.83,22.46,20.83,21.23
510500,2025/04/01,21.30,21.30,20.26,20.56
510500,2025/04/02,20.63,21.00,20.29,20.29
510500,2025/04/03,21.23,22.00,20.77,20.86
510500,2025/04/07,27.10,43.70,27.10,40.74
510500,2025/04/08,39.60,39.60,31.87,33.65
510500,2025/04/09,34.48,37.11,32.15,32.35
510500,2025/04/10,30.08,30.09,26.57,27.28
510500,2025/04/11,27.49,28.66,26.37,26.84
510500,2025/04/14,26.82,26.82,23.62,23.86
510500,2025/04/15,23.29,23.29,22.57,22.74
510500,2025/04/16,23.00,24.00,23.00,23.23
510500,2025/04/17,24.00,24.20,23.35,23.35
510500,2025/04/18,22.02,22.02,20.93,21.33
510500,2025/04/21,23.31,23.31,22.11,23.12
510500,2025/04/22,23.20,23.20,22.79,22.98
510500,2025/04/23,23.12,23.12,22.48,22.96
510500,2025/04/24,23.07,23.07,22.09,22.09
510500,2025/04/25,22.55,22.59,22.09,22.30
510500,2025/04/28,23.58,23.58,22.97,22.97
510500,2025/04/29,22.00,23.01,22.00,23.01
510500,2025/04/30,21.00,22.00,21.00,22.00
510500,2025/05/06,22.00,22.30,20.30,20.30
510500,2025/05/07,21.55,21.77,20.35,20.43
510500,2025/05/08,20.53,20.53,19.60,19.73
510500,2025/05/09,20.00,20.23,19.81,19.98
510500,2025/05/12,20.46,20.86,20.10,20.86
510500,2025/05/13,20.67,20.85,20.06,20.08
510500,2025/05/14,20.67,20.85,20.06,20.08
510500,2025/05/15,21.24,21.66,20.88,21.09
510500,2025/05/16,20.83,22.46,20.83,21.23
510500,2025/05/19,20.78,20.78,19.65,19.82
510500,2025/05/20,20.05,20.18,19.58,19.83
510500,2025/05/21,22.77,22.91,19.98,20.29
510500,2025/05/22,20.38,21.42,20.37,21.14
510500,2025/05/23,21.42,22.51,20.87,22.25
510500,2025/05/26,22.83,22.87,21.43,21.89
510500,2025/05/27,22.09,22.25,20.85,21.33
510500,2025/05/28,21.62,21.96,21.08,21.92
510500,2025/05/29,21.91,22.01,20.48,20.48
510500,2025/05/30,20.82,21.17,19.93,19.93
510500,2025/06/03,20.64,20.64,19.43,19.48
510500,2025/06/04,19.49,19.67,19.38,19.54
510500,2025/06/05,19.82,19.94,19.68,19.71
510500,2025/06/06,19.90,20.07,19.42,19.43
510500,2025/06/09,20.36,20.36,19.31,19.41
510500,2025/06/10,19.70,19.75,19.12,19.51
510500,2025/06/11,19.70,19.94,19.16,19.55
510500,2025/06/12,19.74,20.00,19.62,19.81
510500,2025/06/13,20.33,20.75,20.21,20.39
510500,2025/06/16,20.99,20.99,19.67,19.78
510500,2025/06/17,19.72,19.72,19.09,19.21
510500,2025/06/18,19.34,20.29,19.32,20.10
510500,2025/06/19,20.24,20.91,19.93,20.14
510500,2025/06/20,20.25,20.25,19.26,19.36
510500,2025/06/23,20.00,20.01,18.28,18.45
510500,2025/06/24,18.70,19.29,18.19,18.92
510500,2025/06/25,19.10,23.53,18.99,22.49
510500,2025/06/26,22.34,22.34,20.20,20.20
510500,2025/06/27,20.40,21.77,19.29,19.29
510500,2025/06/30,19.99,20.05,19.01,19.27
510500,2025/07/01,19.30,19.33,18.55,18.70
510500,2025/07/02,18.86,18.86,18.30,18.36
510500,2025/07/03,18.55,18.82,18.34,18.45
510500,2025/07/04,19.30,19.33,18.55,18.70
510500,2025/07/07,19.16,19.40,19.12,19.32
510500,2025/07/08,19.44,20.40,19.11,20.26
510500,2025/07/09,20.28,21.02,20.21,20.36
510500,2025/07/10,20.60,21.23,20.15,20.43
510500,2025/07/11,20.92,22.49,20.46,20.85
510500,2025/07/14,21.47,21.47,20.69,20.78
510500,2025/07/15,21.02,21.19,19.84,19.99
510500,2025/07/16,20.26,20.30,19.35,19.86
510500,2025/07/17,19.96,20.13,19.50,19.66
510500,2025/07/18,20.17,20.31,18.95,19.21
510500,2025/07/21,19.70,20.02,19.10,19.62
510500,2025/07/22,20.13,20.66,19.62,20.66
510500,2025/07/23,20.85,22.81,20.85,21.97
510500,2025/07/24,22.03,22.03,21.04,21.78
510500,2025/07/25,21.89,22.41,21.78,22.13
510500,2025/07/28,22.86,22.86,21.48,21.96
510500,2025/07/29,22.08,22.08,21.12,21.57
510500,2025/07/30,21.73,21.78,20.94,21.11
510500,2025/07/31,21.34,21.34,20.30,20.34
510500,2025/08/01,20.70,20.77,19.06,19.06
510500,2025/08/04,20.08,20.08,19.07,19.25
510500,2025/08/05,19.46,19.46,18.49,19.03
510500,2025/08/06,19.12,19.46,18.88,19.19
510500,2025/08/07,19.37,19.56,19.21,19.32
510500,2025/08/08,19.53,19.58,19.05,19.11
510500,2025/08/11,20.09,20.09,19.27,19.59
510500,2025/08/12,19.71,19.80,19.39,19.63
510500,2025/08/13,21.34,21.34,20.30,20.34
510500,2025/08/14,22.49,22.49,21.89,21.95
510500,2025/08/15,22.06,23.83,21.78,23.74
510500,2025/08/18,25.38,27.61,24.64,26.59
510500,2025/08/19,27.57,28.09,24.87,25.07
510500,2025/08/20,25.38,27.61,24.64,26.59
510500,2025/08/21,27.13,27.77,25.40,25.69
510500,2025/08/22,26.61,26.71,25.09,25.53
510500,2025/08/25,27.95,27.95,26.02,27.75
510500,2025/08/26,28.21,29.59,26.73,27.57
510500,2025/08/27,28.36,28.36,25.23,25.23
510500,2025/08/28,26.83,28.50,26.38,27.36
510500,2025/08/29,27.82,28.76,27.34,27.35
510500,2025/09/01,27.95,27.95,26.02,27.75
510500,2025/09/02,27.33,28.56,26.25,27.19
510500,2025/09/03,27.20,28.14,26.52,26.52
510500,2025/09/04,26.52,28.82,26.15,27.56
510500,2025/09/05,27.72,27.72,24.81,26.03
510500,2025/09/08,27.00,27.01,25.49,25.81
510500,2025/09/09,27.72,27.72,24.81,26.03
510500,2025/09/10,24.86,25.01,24.11,24.11
510500,2025/09/11,24.40,25.93,24.02,24.02
510500,2025/09/12,25.84,25.91,24.62,24.62
510500,2025/09/15,25.85,25.89,25.46,25.89
510500,2025/09/16,25.55,26.87,25.38,25.38
510500,2025/09/17,27.05,28.14,27.05,27.05
510500,2025/09/18,27.70,28.11,26.51,26.85
510500,2025/09/19,26.92,27.55,26.49,26.53
510500,2025/09/22,27.34,27.61,26.55,26.71
510500,2025/09/23,25.55,26.87,25.38,25.38
510500,2025/09/24,27.28,27.35,25.74,25.87
510500,2025/09/25,27.44,27.44,24.43,24.59
510500,2025/09/26,24.88,25.58,24.76,25.01
510500,2025/09/29,25.92,26.19,24.69,24.69
510500,2025/09/30,22.49,22.49,21.89,21.95
510500,2025/10/09,21.34,21.34,20.30,20.34
510500,2025/10/10,22.25,24.30,22.17,22.53
510500,2025/10/13,30.54,32.18,26.06,26.71
510500,2025/10/14,26.94,31.70,24.21,29.77
510500,2025/10/15,29.74,31.00,25.05,25.45
510500,2025/10/16,29.74,31.00,25.05,25.45
510500,2025/10/17,27.95,30.62,26.61,28.79
510500,2025/10/20,27.05,28.14,27.05,27.05
510500,2025/10/21,27.13,27.77,25.40,25.69
510500,2025/10/22,26.61,26.71,25.09,25.53
510500,2025/10/23,24.00,25.50,24.00,25.10
510500,2025/10/24,22.95,25.00,22.95,23.50
510500,2025/10/27,22.84,22.84,22.01,22.20
510500,2025/10/28,22.58,22.95,21.99,22.27
510500,2025/10/29,22.45,23.13,22.13,22.98
510500,2025/10/30,23.21,23.64,22.59,22.72
510500,2025/10/31,23.08,23.45,22.66,22.71
510500,2025/11/03,23.75,24.45,22.90,22.91
510500,2025/11/04,23.40,24.66,23.28,23.41
510500,2025/11/05,24.39,25.20,23.32,23.65
510500,2025/11/06,23.81,23.81,22.36,22.36
510500,2025/11/07,22.77,23.19,22.35,22.58
510500,2025/11/11,23.04,23.72,22.83,23.28
510500,2025/11/12,23.67,24.03,23.67,24.03
510500,2025/11/13,24.12,24.12,22.72,23.03
510500,2025/11/14,23.64,23.65,22.62,23.17
510500,2025/11/17,23.51,24.08,22.77,23.16
510500,2025/11/18,23.56,25.08,22.93,23.76
510500,2025/11/19,23.95,24.50,23.18,23.30
510500,2025/11/20,23.19,23.94,22.89,23.46
510500,2025/11/21,24.92,27.80,24.87,26.85
510500,2025/11/24,24.50,25.00,24.00,24.10
510500,2025/11/25,24.12,24.12,22.72,23.03
510500,2025/11/26,22.00,22.00,19.21,19.32
510500,2025/11/27,22.41,22.41,20.50,21.11
510500,2025/11/28,21.36,21.45,20.39,20.39
510500,2025/12/01,21.43,21.66,20.70,20.78
510500,2025/12/02,21.24,21.37,20.64,20.83
510500,2025/12/03,20.59,20.75,20.15,20.64
510500,2025/12/04,19.30,19.33,18.55,18.70
510500,2025/12/05,20.46,20.51,19.22,19.31
510500,2025/12/08,20.34,20.34,19.55,19.59
510500,2025/12/09,19.80,19.80,19.02,19.10
510500,2025/12/10,20.13,20.66,19.62,20.66
510500,2025/12/11,19.93,19.93,19.41,19.84
510500,2025/12/12,20.00,20.14,19.06,19.06
510500,2025/12/15,19.92,19.92,19.37,19.47
510500,2025/12/16,19.76,21.35,19.67,20.71
510500,2025/12/17,20.67,20.73,19.62,19.79
510500,2025/12/18,20.00,20.58,19.83,20.54
510500,2025/12/19,20.43,20.52,19.39,19.44
510500,2025/12/22,19.72,19.72,18.38,18.67
510500,2025/12/23,18.83,19.05,18.57,18.57
510500,2025/12/24,18.83,20.60,18.55,19.74
510500,2025/12/25,19.94,20.33,19.34,19.34
510500,2025/12/26,19.71,20.92,19.71,19.87
510500,2025/12/29,20.68,21.13,20.68,20.76
510500,2025/12/30,21.06,21.54,21.02,21.37
510500,2025/12/31,22.01,22.21,20.48,20.48
510500,2026/01/05,23.19,23.94,22.89,23.46
510500,2026/01/06,24.92,27.80,24.87,26.85
510500,2026/01/07,24.00,24.30,23.70,24.10
510500,2026/01/08,24.12,24.12,22.72,23.03
510500,2026/01/09,25.00,25.00,23.00,23.00
510500,2026/01/12,25.38,29.51,25.38,28.36
510500,2026/01/13,29.32,29.32,26.01,26.65
510500,2026/01/14,25.38,29.51,25.38,28.36
510500,2026/01/15,28.09,28.44,25.63,26.39
510500,2026/01/16,26.07,26.23,23.82,23.82
510500,2026/01/19,25.37,25.59,22.66,22.70
510500,2026/01/20,22.82,22.82,21.35,21.63
510500,2026/01/21,21.93,22.48,21.41,21.96
510500,2026/01/22,22.18,22.87,21.98,22.26
510500,2026/01/23,22.86,25.22,22.72,24.93
510500,2026/01/26,26.43,27.15,25.29,26.24
510500,2026/01/27,26.51,26.59,24.83,25.96
510500,2026/01/28,26.07,26.48,25.29,25.49
510500,2026/01/29,25.78,25.78,24.21,24.37
510500,2026/01/30,24.73,28.48,24.47,25.02
510500,2026/02/02,23.97,32.64,23.97,31.37
510500,2026/02/03,27.65,27.65,22.78,22.78
510500,2026/02/04,25.00,25.50,23.61,23.70
510500,2026/02/05,26.76,29.21,26.43,26.88
510500,2026/02/06,24.73,28.48,24.47,25.02
510500,2026/02/09,28.29,28.29,26.05,26.13
510500,2026/02/10,26.30,26.33,24.70,24.87
510500,2026/02/11,24.00,24.30,23.70,24.10
510500,2026/02/12,25.45,25.52,24.87,25.27
510500,2026/02/13,26.09,27.65,26.04,27.50
510500,2026/02/24,29.19,29.19,24.56,25.26
510500,2026/02/25,25.26,25.26,23.24,23.65
510500,2026/02/26,24.40,24.40,22.82,22.97
510500,2026/02/27,23.33,23.41,22.32,22.57
510500,2026/03/02,24.39,25.42,23.60,23.66
510500,2026/03/03,24.02,29.27,23.92,29.13
510500,2026/03/04,29.95,31.85,27.42,29.96
510500,2026/03/05,27.91,27.91,25.71,25.87
510500,2026/03/06,26.12,26.12,23.66,24.10
510500,2026/03/09,29.90,34.20,27.57,27.72
510500,2026/03/10,24.88,25.45,23.73,24.32
510500,2026/03/11,24.00,24.30,23.70,24.10
510500,2026/03/12,27.91,27.91,25.71,25.87
510500,2026/03/13,24.00,24.30,23.70,24.10
510500,2026/03/16,30.67,32.65,27.35,27.96
510500,2026/03/17,29.90,34.20,27.57,27.72
510500,2026/03/18,31.24,31.74,31.24,31.74
510500,2026/03/19,29.90,34.20,27.57,27.72
510500,2026/03/20,31.24,31.74,31.24,31.74
510500,2026/03/23,48.13,57.96,38.75,53.80
510500,2026/03/24,55.18,57.12,41.79,44.66
510500,2026/03/25,27.50,27.87,25.79,27.37
510500,2026/03/26,27.43,30.11,26.75,29.97
510500,2026/03/27,31.17,31.17,27.96,28.61
510500,2026/03/30,30.67,34.00,27.35,27.96
510500,2026/03/31,24.73,28.48,24.47,25.02
510500,2026/04/01,27.41,28.42,26.91,27.14
510500,2026/04/02,27.78,30.24,27.39,29.21
510500,2026/04/03,28.79,30.51,28.54,29.47
510500,2026/04/07,29.38,29.38,27.38,28.64
510500,2026/04/08,25.09,26.36,24.21,25.32
510500,2026/04/09,25.57,25.92,24.74,24.80
510500,2026/04/10,24.61,25.28,24.31,24.77
510500,2026/04/13,26.17,26.26,25.72,26.07
510500,2026/04/14,25.90,26.23,25.23,26.12
510500,2026/04/15,26.66,26.66,26.05,26.05
510500,2026/04/16,26.28,26.28,25.05,25.24
510500,2026/04/17,25.53,26.04,23.97,24.21
510500,2026/04/20,25.05,25.13,23.78,24.16
510500,2026/04/21,24.37,24.69,23.54,24.06
510500,2026/04/22,23.33,24.00,23.00,23.80
510500,2026/04/23,23.64,24.61,23.53,24.04
510500,2026/04/24,24.51,25.27,23.71,24.22
510500,2026/04/27,25.13,25.90,24.21,24.31
510500,2026/04/28,24.74,24.75,23.52,23.72
510500,2026/04/29,24.28,24.28,22.88,22.88
510500,2026/04/30,23.30,23.80,23.00,23.00
510500,2026/05/06,22.18,22.87,21.98,22.26
510500,2026/05/07,24.39,25.42,23.60,23.66
510500,2026/05/08,27.43,30.11,26.75,29.97
510500,2026/05/11,25.72,26.25,25.59,26.17
510500,2026/05/12,26.89,27.40,26.49,26.59
510500,2026/05/13,28.29,28.29,26.05,26.13
510500,2026/05/14,26.97,27.89,26.13,26.25
510500,2026/05/15,26.35,28.19,25.78,26.77
510500,2026/05/18,27.83,28.11,25.74,25.80
510500,2026/05/19,26.19,27.05,25.22,25.31
510500,2026/05/20,25.67,26.21,25.09,25.22
510500,2026/05/21,25.50,27.04,25.33,26.84
510500,2026/05/22,26.77,27.04,25.60,25.67
510500,2026/05/25,26.91,26.91,25.83,25.97
510500,2026/05/26,26.19,27.11,26.03,26.74
510500,2026/05/27,27.11,29.27,26.64,28.80
510500,2026/05/28,28.84,29.26,26.19,26.51
510500,2026/05/29,25.92,26.19,24.69,24.69
510500,2026/06/01,27.54,28.32,26.34,27.21
510500,2026/06/02,27.50,28.91,26.25,26.42
510500,2026/06/03,26.00,27.00,26.00,26.30
510500,2026/06/04,26.59,26.94,25.95,26.10
510500,2026/06/05,26.73,27.05,26.21,26.54
510500,2026/06/08,29.57,30.07,28.24,28.64
510500,2026/06/09,28.88,28.93,26.31,26.47
510500,2026/06/10,26.73,27.05,26.21,26.54
510500,2026/06/11,27.46,27.55,27.46,27.55
510500,2026/06/12,26.42,26.51,25.91,26.04
510500,2026/06/15,26.25,26.98,26.00,26.87
510500,2026/06/16,27.18,27.81,26.66,27.66
510500,2026/06/17,28.02,28.18,27.72,28.13
510500,2026/06/18,28.39,28.85,27.28,27.47
510500,2026/06/22,28.25,28.55,26.72,28.19
510500,2026/06/23,28.82,29.43,28.48,29.05
510500,2026/06/24,29.16,29.25,27.55,27.87
510500,2026/06/25,28.19,28.28,26.81,26.85
510500,2026/06/26,27.57,28.91,27.05,27.35
510500,2026/06/29,28.39,28.85,27.28,27.47
510500,2026/06/30,28.25,28.55,26.72,28.19
510500,2026/07/01,29.16,29.25,27.55,27.87
510500,2026/07/02,28.25,28.55,26.72,28.19
510500,2026/07/03,28.82,29.43,28.48,29.05
510500,2026/07/06,27.10,28.30,27.00,28.00
510500,2026/07/07,27.97,28.16,26.92,27.02
510500,2026/07/08,26.90,28.01,26.59,27.18
510500,2026/07/09,27.28,28.01,26.70,26.83
510500,2026/07/10,27.24,27.48,26.65,26.30
510500,2026/07/13,27.61,32.01,27.57,31.50
510500,2026/07/14,31.60,32.84,29.48,29.57
510500,2026/07/15,29.67,30.66,29.38,30.48
510500,2026/07/16,31.36,32.47,30.81,32.19
510500,2026/07/17,32.93,38.32,31.05,33.93
510500,2026/07/20,34.32,38.86,31.88,36.69
510500,2026/07/21,33.48,40.18,32.40,32.40
510500,2026/07/22,32.51,32.84,29.66,30.01
510500,2026/07/23,27.54,28.32,26.34,27.21
510500,2026/07/24,29.36,30.61,28.16,29.97
510500,2026/07/27,32.99,33.24,29.94,30.24
510500,2026/07/28,31.81,34.40,31.67,33.54
510500,2026/07/29,33.63,36.50,33.06,34.67
510500,2026/07/30,34.97,41.19,34.78,39.86
510500,2026/07/31,36.57,36.57,32.97,35.18
588000,2023/06/05,23.50,23.50,22.00,22.00
588000,2023/06/06,24.95,25.81,24.00,25.80
588000,2023/06/07,25.69,27.94,24.77,25.06
588000,2023/06/08,23.73,27.65,23.73,25.40
588000,2023/06/09,27.00,27.00,24.00,24.00
588000,2023/06/12,25.71,26.53,23.19,23.37
588000,2023/06/13,27.05,27.34,26.00,26.40
588000,2023/06/14,25.69,26.00,24.80,25.06
588000,2023/06/15,25.49,25.49,22.64,24.42
588000,2023/06/16,25.84,27.59,22.14,22.24
588000,2023/06/19,23.25,25.55,23.19,23.42
588000,2023/06/20,23.79,24.21,22.12,22.27
588000,2023/06/21,22.71,24.29,22.31,24.25
588000,2023/06/26,24.00,24.50,23.00,23.00
588000,2023/06/27,25.00,25.00,24.10,24.30
588000,2023/06/28,24.20,24.90,22.00,22.30
588000,2023/06/29,24.72,25.39,23.68,23.81
588000,2023/06/30,22.00,23.67,22.00,23.25
588000,2023/07/03,22.00,23.88,21.74,23.71
588000,2023/07/04,22.81,23.54,22.69,22.77
588000,2023/07/05,22.00,22.85,21.64,22.41
588000,2023/07/06,22.00,22.52,21.95,22.28
588000,2023/07/07,22.00,22.51,21.76,22.23
588000,2023/07/10,22.20,22.62,22.01,22.04
588000,2023/07/11,20.70,22.14,20.68,21.69
588000,2023/07/12,21.57,22.05,21.57,21.91
588000,2023/07/13,21.70,21.70,21.50,21.60
588000,2023/07/14,21.00,21.80,20.64,21.35
588000,2023/07/17,21.93,22.15,21.39,21.39
588000,2023/07/18,21.00,22.00,20.75,21.30
588000,2023/07/19,22.00,23.30,22.00,23.00
588000,2023/07/20,25.41,25.55,24.02,24.66
588000,2023/07/21,24.00,24.50,24.00,24.10
588000,2023/07/24,24.40,26.00,24.00,24.90
588000,2023/07/25,24.00,24.00,21.50,22.00
588000,2023/07/26,21.00,22.00,21.00,21.20
588000,2023/07/27,20.83,20.85,19.61,19.61
588000,2023/07/28,19.71,21.08,19.30,19.30
588000,2023/07/31,21.17,22.92,21.17,22.16
588000,2023/08/01,21.00,22.11,21.00,22.00
588000,2023/08/02,21.00,22.13,20.93,21.69
588000,2023/08/03,20.57,21.83,20.57,21.67
588000,2023/08/04,21.00,22.13,20.93,21.69
588000,2023/08/07,19.90,22.11,19.80,21.00
588000,2023/08/08,21.52,22.07,21.51,21.51
588000,2023/08/09,21.00,21.91,20.65,21.63
588000,2023/08/10,19.80,21.74,19.80,21.26
588000,2023/08/11,19.00,21.51,18.41,21.45
588000,2023/08/14,19.80,22.81,19.54,21.58
588000,2023/08/15,20.00,22.37,19.39,21.88
588000,2023/08/16,22.00,23.53,21.46,23.38
588000,2023/08/17,21.96,24.69,21.96,24.17
588000,2023/08/18,24.60,25.81,24.04,25.31
588000,2023/08/21,25.00,27.00,25.00,26.00
588000,2023/08/22,25.20,26.50,25.10,26.30
588000,2023/08/23,24.89,28.00,24.89,27.00
588000,2023/08/24,28.03,28.03,26.45,26.66
588000,2023/08/25,26.64,28.08,26.64,26.64
588000,2023/08/28,27.00,28.90,27.00,28.00
588000,2023/08/29,30.27,31.11,29.68,30.53
588000,2023/08/30,30.27,31.11,29.68,30.53
588000,2023/08/31,29.88,30.64,29.69,29.69
588000,2023/09/01,28.00,29.00,27.50,28.00
588000,2023/09/04,25.14,26.81,25.14,26.81
588000,2023/09/05,24.61,26.74,24.61,26.40
588000,2023/09/06,24.73,26.49,24.73,26.30
588000,2023/09/07,24.62,26.83,24.62,26.30
588000,2023/09/08,27.07,27.07,26.57,26.81
588000,2023/09/11,24.90,26.80,24.80,25.00
588000,2023/09/12,26.00,26.77,25.14,25.51
588000,2023/09/13,24.61,26.74,24.61,26.40
588000,2023/09/14,24.62,26.83,24.62,26.30
588000,2023/09/15,24.00,25.96,24.00,25.00
588000,2023/09/18,26.93,29.00,26.37,28.70
588000,2023/09/19,29.88,30.00,29.00,29.07
588000,2023/09/20,29.53,30.67,28.73,29.20
588000,2023/09/21,28.86,29.00,28.34,28.52
588000,2023/09/22,26.70,27.50,26.10,26.20
588000,2023/09/25,24.73,26.49,24.73,26.30
588000,2023/09/26,25.50,26.70,25.50,26.50
588000,2023/09/27,25.00,26.00,24.20,26.00
588000,2023/09/28,25.34,27.21,25.21,25.46
588000,2023/10/09,26.29,26.49,23.42,23.61
588000,2023/10/10,22.50,23.53,22.36,22.66
588000,2023/10/11,22.00,23.12,21.84,22.37
588000,2023/10/12,21.07,22.56,21.07,22.45
588000,2023/10/13,22.10,22.72,21.71,21.73
588000,2023/10/16,21.35,23.41,21.30,22.95
588000,2023/10/17,21.23,23.41,21.23,22.82
588000,2023/10/18,21.72,23.39,21.72,23.34
588000,2023/10/19,24.00,25.50,24.00,25.50
588000,2023/10/20,25.00,26.10,25.00,26.10
588000,2023/10/23,26.30,27.40,26.10,26.70
588000,2023/10/24,26.70,27.00,26.10,26.30
588000,2023/10/25,25.00,25.40,24.90,25.10
588000,2023/10/26,24.30,24.81,22.32,23.09
588000,2023/10/27,22.92,23.58,22.57,23.26
588000,2023/10/30,23.22,24.18,23.05,23.77
588000,2023/10/31,22.83,23.53,22.83,23.12
588000,2023/11/01,22.22,23.15,22.13,22.83
588000,2023/11/02,22.50,23.04,22.38,22.71
588000,2023/11/03,22.00,22.84,21.97,22.26
588000,2023/11/06,22.12,23.43,22.12,23.24
588000,2023/11/07,22.40,23.61,22.19,23.20
588000,2023/11/08,22.50,24.01,22.19,23.58
588000,2023/11/09,22.94,23.57,22.59,23.21
588000,2023/11/10,22.46,23.47,22.01,23.06
588000,2023/11/13,22.35,23.98,22.35,23.55
588000,2023/11/14,22.79,24.17,22.75,23.75
588000,2023/11/15,24.33,24.33,23.55,23.76
588000,2023/11/16,23.09,23.52,22.55,22.98
588000,2023/11/17,22.28,24.00,22.28,22.92
588000,2023/11/20,25.00,25.00,24.99,24.99
588000,2023/11/21,24.00,24.30,23.20,23.30
588000,2023/11/22,23.10,23.80,23.10,23.30
588000,2023/11/23,21.71,21.71,20.53,20.69
588000,2023/11/24,20.01,20.84,20.01,20.56
588000,2023/11/27,21.00,21.40,20.68,21.10
588000,2023/11/28,20.58,21.28,20.50,21.09
588000,2023/11/29,20.32,21.30,20.32,21.13
588000,2023/11/30,19.10,21.01,19.10,20.79
588000,2023/12/01,19.71,21.09,19.71,20.95
588000,2023/12/04,20.00,21.27,20.00,21.13
588000,2023/12/05,20.12,21.72,20.12,21.50
588000,2023/12/06,20.37,21.71,20.37,21.38
588000,2023/12/07,20.93,21.72,20.50,21.16
588000,2023/12/08,20.35,21.55,20.35,21.23
588000,2023/12/11,21.69,22.66,21.69,22.19
588000,2023/12/12,21.30,22.63,21.30,22.04
588000,2023/12/13,21.35,22.51,21.35,22.23
588000,2023/12/14,21.35,22.51,21.35,22.23
588000,2023/12/15,21.35,22.51,21.35,22.23
588000,2023/12/18,22.77,24.05,22.69,23.68
588000,2023/12/19,21.35,22.51,21.35,22.23
588000,2023/12/20,24.30,25.00,24.00,24.40
588000,2023/12/21,24.40,25.30,24.00,24.40
588000,2023/12/22,25.50,26.00,25.10,25.20
588000,2023/12/25,26.00,26.20,25.00,25.10
588000,2023/12/26,25.00,25.00,24.00,24.00
588000,2023/12/27,24.36,24.89,23.84,24.20
588000,2023/12/28,24.36,24.89,23.84,24.20
588000,2023/12/29,22.94,24.13,22.94,23.42
588000,2024/01/02,22.19,23.52,22.19,22.39
588000,2024/01/03,20.97,23.00,20.97,21.62
588000,2024/01/04,20.42,22.66,20.42,22.41
588000,2024/01/05,21.91,23.63,21.91,23.28
588000,2024/01/08,24.36,24.89,23.84,24.20
588000,2024/01/09,27.28,27.85,25.62,26.68
588000,2024/01/10,27.28,27.85,25.62,26.68
588000,2024/01/11,25.73,27.14,25.43,26.13
588000,2024/01/12,25.96,27.11,25.28,26.20
588000,2024/01/15,26.67,27.29,25.21,25.92
588000,2024/01/16,25.23,26.15,24.65,25.27
588000,2024/01/17,24.76,27.20,24.29,27.15
588000,2024/01/18,26.87,32.29,25.11,25.97
588000,2024/01/19,26.26,28.01,25.54,26.52
588000,2024/01/22,26.26,28.01,25.54,26.52
588000,2024/01/23,27.70,28.70,27.00,27.30
588000,2024/01/24,27.10,28.00,27.10,27.10
588000,2024/01/25,27.00,27.50,26.55,27.11
588000,2024/01/26,27.56,28.20,27.30,27.50
588000,2024/01/29,27.86,31.14,27.86,30.53
588000,2024/01/30,30.91,32.68,30.43,32.11
588000,2024/01/31,32.78,37.57,31.31,34.58
588000,2024/02/01,35.60,35.81,31.87,34.57
588000,2024/02/02,33.77,41.49,33.33,36.52
588000,2024/02/05,38.09,49.00,37.66,40.37
588000,2024/02/06,38.14,39.11,33.54,38.14
588000,2024/02/07,34.32,35.48,33.20,33.36
588000,2024/02/08,33.93,36.25,33.14,34.23
588000,2024/02/19,36.00,36.00,33.30,34.94
588000,2024/02/20,34.77,36.00,31.86,32.84
588000,2024/02/21,32.01,34.69,31.46,31.51
588000,2024/02/22,33.16,34.92,32.40,34.19
588000,2024/02/23,37.16,37.16,33.92,34.47
588000,2024/02/26,39.27,39.47,36.79,37.87
588000,2024/02/27,37.33,40.34,35.09,38.64
588000,2024/02/28,40.00,40.40,38.19,38.72
588000,2024/02/29,35.26,37.71,35.26,37.67
588000,2024/03/01,34.38,36.43,34.38,35.05
588000,2024/03/04,35.74,36.19,34.62,34.79
588000,2024/03/05,34.66,35.00,32.61,33.02
588000,2024/03/06,32.79,32.98,31.89,32.01
588000,2024/03/07,32.00,32.29,32.00,32.29
588000,2024/03/08,29.34,31.75,29.34,30.20
588000,2024/03/11,29.69,30.36,28.66,29.53
588000,2024/03/12,30.02,30.02,28.31,28.45
588000,2024/03/13,34.23,35.43,32.59,32.73
588000,2024/03/14,34.19,34.19,31.02,31.23
588000,2024/03/15,33.87,33.87,30.36,30.96
588000,2024/03/18,34.59,35.00,32.65,33.03
588000,2024/03/19,33.01,34.49,30.86,31.32
588000,2024/03/20,31.69,32.97,30.50,31.25
588000,2024/03/21,32.45,32.64,30.11,31.04
588000,2024/03/22,31.87,35.74,31.73,33.20
588000,2024/03/25,41.72,44.07,37.03,39.26
588000,2024/03/26,27.14,29.21,27.14,28.95
588000,2024/03/27,28.00,32.02,28.00,31.58
588000,2024/03/28,31.97,31.97,28.90,29.74
588000,2024/03/29,26.29,29.00,26.29,27.88
588000,2024/04/01,26.99,27.83,26.79,26.99
588000,2024/04/02,26.68,27.44,26.68,26.96
588000,2024/04/03,26.97,27.61,26.42,26.46
588000,2024/04/08,27.47,27.87,26.83,27.56
588000,2024/04/09,26.52,27.57,26.05,26.81
588000,2024/04/10,26.68,28.14,26.34,27.33
588000,2024/04/11,26.44,27.44,26.44,27.44
588000,2024/04/15,33.54,35.08,31.02,32.74
588000,2024/04/16,35.33,37.52,34.98,36.66
588000,2024/04/18,27.14,29.21,27.14,28.95
588000,2024/04/19,34.23,35.43,32.59,32.73
588000,2024/04/22,29.47,29.47,28.45,28.76
588000,2024/04/23,28.84,28.84,27.81,28.24
588000,2024/04/24,26.52,27.57,26.05,26.81
588000,2024/04/25,28.48,28.48,26.51,26.84
588000,2024/04/26,25.13,25.23,23.69,24.99
588000,2024/04/29,25.05,28.90,25.00,27.41
588000,2024/04/30,27.56,28.11,25.48,25.56
588000,2024/05/06,28.80,29.15,26.89,26.89
588000,2024/05/07,24.82,25.93,24.77,24.77
588000,2024/05/08,25.48,25.48,24.76,25.18
588000,2024/05/09,25.27,25.89,25.12,25.43
588000,2024/05/10,25.75,25.75,24.54,25.52
588000,2024/05/13,26.97,27.61,26.42,26.46
588000,2024/05/14,26.47,26.47,25.49,25.49
588000,2024/05/15,26.08,26.23,25.47,25.80
588000,2024/05/16,25.47,25.97,24.94,25.46
588000,2024/05/17,24.97,25.19,24.41,24.41
588000,2024/05/20,26.76,26.97,25.07,25.07
588000,2024/05/21,24.70,25.28,24.39,25.05
588000,2024/05/28,24.70,25.28,24.39,25.05
588000,2024/06/03,23.84,24.82,23.84,23.84
588000,2024/06/04,24.00,24.86,23.83,24.21
588000,2024/06/05,22.41,24.54,22.41,24.31
588000,2024/06/06,23.70,25.82,23.49,25.33
588000,2024/06/07,25.11,27.43,25.11,25.31
588000,2024/06/11,25.64,26.45,24.95,25.52
588000,2024/06/12,17.93,25.26,24.45,25.22
588000,2024/06/13,24.32,24.94,24.04,24.28
588000,2024/06/14,23.51,25.24,23.51,24.61
588000,2024/06/17,32.35,33.80,31.11,31.11
588000,2024/06/18,30.08,32.70,30.08,30.08
588000,2024/06/19,31.12,33.03,31.12,32.07
588000,2024/06/20,34.42,34.55,30.73,33.07
588000,2024/06/21,29.00,30.00,29.00,29.50
588000,2024/06/24,28.00,30.00,28.00,28.00
588000,2024/06/25,28.31,30.12,27.26,29.59
588000,2024/06/26,29.80,30.33,28.03,28.32
588000,2024/06/27,29.11,29.11,27.47,27.89
588000,2024/06/28,27.47,28.52,26.74,28.06
588000,2024/07/01,25.00,28.13,25.00,27.10
588000,2024/07/02,25.55,27.37,25.55,27.15
588000,2024/07/03,26.29,27.53,26.29,26.55
588000,2024/07/04,22.30,27.48,22.30,26.67
588000,2024/07/05,26.13,28.22,26.12,26.56
588000,2024/07/08,26.44,27.86,26.44,26.98
588000,2024/07/09,24.02,27.55,24.02,26.31
588000,2024/07/10,25.00,28.00,25.00,27.00
588000,2024/07/11,25.27,26.21,25.21,25.61
588000,2024/07/12,24.45,25.94,24.12,25.01
588000,2024/07/15,24.15,25.96,24.15,24.94
588000,2024/07/16,23.58,24.97,23.57,24.06
588000,2024/07/17,23.98,25.13,23.87,25.08
588000,2024/07/18,25.67,25.67,24.26,25.44
588000,2024/07/19,24.77,40.01,24.37,25.28
588000,2024/07/22,25.28,26.46,25.28,26.04
588000,2024/07/23,26.05,27.14,25.54,26.74
588000,2024/07/24,26.55,28.22,26.35,27.53
588000,2024/07/25,27.02,29.00,27.02,27.51
588000,2024/07/26,26.44,27.86,26.44,26.98
588000,2024/07/29,26.00,26.68,25.99,26.49
588000,2024/07/30,25.66,26.82,25.66,26.41
588000,2024/07/31,25.76,26.55,25.72,26.19
588000,2024/08/01,25.03,26.76,25.03,26.19
588000,2024/08/02,26.05,27.33,25.98,27.09
588000,2024/08/05,27.85,31.63,27.85,31.50
588000,2024/08/06,29.84,30.06,28.71,28.73
588000,2024/08/07,26.88,28.99,26.88,27.82
588000,2024/08/08,26.10,28.31,26.10,27.11
588000,2024/08/09,26.41,27.07,26.25,26.90
588000,2024/08/12,26.31,27.40,26.24,26.60
588000,2024/08/13,25.20,26.70,25.11,26.48
588000,2024/08/14,26.10,28.31,26.10,27.11
588000,2024/08/15,26.31,27.40,26.24,26.60
588000,2024/08/16,32.84,32.90,30.40,30.40
588000,2024/08/19,29.10,34.58,29.10,31.38
588000,2024/08/20,31.13,33.77,31.13,32.65
588000,2024/08/21,34.88,34.88,33.80,33.80
588000,2024/08/22,31.85,36.34,31.85,35.10
588000,2024/08/23,36.50,37.62,35.59,36.77
588000,2024/08/26,24.88,26.43,24.88,26.39
588000,2024/08/27,24.88,26.86,24.51,26.31
588000,2024/08/28,26.08,26.97,25.99,26.44
588000,2024/08/29,24.58,26.66,24.58,26.26
588000,2024/08/30,24.42,26.82,24.42,25.50
588000,2024/09/02,26.08,28.08,26.08,27.22
588000,2024/09/03,32.84,32.90,30.40,30.40
588000,2024/09/04,25.22,25.67,24.56,24.61
588000,2024/09/05,23.20,25.36,23.11,24.74
588000,2024/09/06,26.05,27.33,25.98,27.09
588000,2024/09/09,29.10,34.58,29.10,31.38
588000,2024/09/10,24.50,26.59,24.14,26.10
588000,2024/09/11,27.85,31.63,27.85,31.50
588000,2024/09/12,24.81,25.22,24.53,24.86
588000,2024/09/13,25.00,25.80,25.00,25.20
588000,2024/09/18,25.27,25.94,24.71,25.45
588000,2024/09/19,24.92,26.33,24.54,24.93
588000,2024/09/20,24.65,25.30,24.36,25.16
588000,2024/09/23,25.66,26.12,24.83,25.48
588000,2024/09/24,25.80,27.96,25.06,27.09
588000,2024/09/25,28.76,32.25,27.06,27.41
588000,2024/09/26,28.63,33.31,26.73,33.31
588000,2024/09/27,39.21,77.04,37.66,51.17
588000,2024/09/30,74.33,88.61,57.57,86.28
588000,2024/10/08,28.35,116.34,28.35,97.40
588000,2024/10/09,108.86,125.16,86.44,88.42
588000,2024/10/10,90.85,90.85,69.03,69.91
588000,2024/10/11,69.59,69.59,58.30,66.27
588000,2024/10/14,65.78,65.78,53.47,54.29
588000,2024/10/15,39.21,39.21,37.66,37.66
588000,2024/10/16,44.90,47.35,44.90,45.61
588000,2024/10/17,45.00,49.00,45.00,46.00
588000,2024/10/18,45.00,47.00,44.76,47.00
588000,2024/10/21,45.00,49.00,45.00,46.00
588000,2024/10/22,68.42,69.77,63.86,67.34
588000,2024/10/23,64.77,67.72,58.32,61.31
588000,2024/10/24,58.07,59.20,55.37,56.95
588000,2024/10/25,56.96,66.73,56.96,58.60
588000,2024/10/28,60.04,63.21,59.68,62.04
588000,2024/10/29,62.50,65.28,61.78,61.78
588000,2024/10/30,61.13,62.90,60.64,62.51
588000,2024/10/31,62.52,67.53,62.30,64.35
588000,2024/11/01,64.00,67.15,64.00,65.62
588000,2024/11/04,45.00,49.00,45.00,46.00
588000,2024/11/05,45.00,50.00,44.76,50.00
588000,2024/11/06,45.00,49.00,45.00,46.00
588000,2024/11/07,68.42,69.77,63.86,67.34
588000,2024/11/08,64.77,67.72,58.32,61.31
588000,2024/11/11,56.48,58.00,56.00,57.00
588000,2024/11/12,54.64,56.17,53.68,55.53
588000,2024/11/13,55.08,55.18,53.57,53.57
588000,2024/11/14,50.06,51.60,48.26,49.68
588000,2024/11/15,55.39,56.26,52.70,54.29
588000,2024/11/18,59.27,60.85,55.36,58.70
588000,2024/11/19,59.33,63.08,56.39,56.95
588000,2024/11/20,58.17,58.55,50.63,50.63
588000,2024/11/21,50.70,51.44,47.37,48.17
588000,2024/11/22,49.09,51.64,46.96,50.11
588000,2024/11/25,50.38,51.07,46.94,47.25
588000,2024/11/26,47.04,47.17,45.31,45.79
588000,2024/11/27,45.55,49.42,45.47,47.00
588000,2024/11/28,46.27,46.86,44.44,44.57
588000,2024/11/29,45.09,49.69,44.52,45.18
588000,2024/12/02,43.65,47.03,43.65,45.02
588000,2024/12/03,41.11,45.67,41.11,44.96
588000,2024/12/04,45.72,46.70,45.15,45.26
588000,2024/12/05,38.67,45.36,38.67,44.77
588000,2024/12/06,44.50,46.22,43.76,43.91
588000,2024/12/09,44.87,44.89,42.13,42.20
588000,2024/12/11,43.45,44.40,41.74,42.11
588000,2024/12/12,41.56,42.11,40.64,41.21
588000,2024/12/13,39.21,39.21,37.75,37.84
588000,2024/12/16,38.54,38.54,35.49,36.20
588000,2024/12/17,36.56,37.53,35.97,37.39
588000,2024/12/18,45.45,45.58,40.46,41.32
588000,2024/12/19,42.99,45.02,41.80,42.94
588000,2024/12/20,43.65,47.90,40.66,41.69
588000,2024/12/23,38.08,38.28,36.99,37.96
588000,2024/12/24,37.88,37.93,36.76,37.03
588000,2024/12/25,37.04,37.67,36.18,36.18
588000,2024/12/26,35.92,36.68,33.78,34.01
588000,2024/12/27,32.66,33.48,32.37,32.54
588000,2024/12/30,33.50,33.80,33.04,33.37
588000,2024/12/31,29.91,34.77,29.91,33.91
588000,2025/01/02,41.40,41.40,34.63,39.83
588000,2025/01/03,40.00,40.28,39.60,39.60
588000,2025/01/06,38.69,40.33,38.66,38.88
588000,2025/01/07,32.23,38.97,32.23,35.33
588000,2025/01/08,33.99,36.34,33.99,35.51
588000,2025/01/09,35.45,35.61,34.04,34.06
588000,2025/01/10,33.88,33.67,35.28,35.61
588000,2025/01/13,37.52,37.93,36.27,37.02
588000,2025/01/14,36.40,39.29,34.96,39.29
588000,2025/01/15,38.72,38.83,37.58,38.01
588000,2025/01/16,37.51,39.99,37.51,39.63
588000,2025/01/17,39.24,41.64,39.24,40.67
588000,2025/01/20,40.95,42.40,40.28,40.37
588000,2025/01/21,40.22,40.53,38.18,38.54
588000,2025/01/22,36.94,38.90,36.51,36.96
588000,2025/01/23,37.60,38.81,35.46,35.61
588000,2025/01/24,34.89,35.93,33.61,33.78
588000,2025/01/27,34.99,35.04,33.69,33.69
588000,2025/02/05,39.41,39.41,35.52,35.78
588000,2025/02/06,35.46,36.02,34.30,34.98
588000,2025/02/07,35.00,36.80,34.69,35.41
588000,2025/02/10,36.30,37.44,36.30,36.89
588000,2025/02/11,32.06,32.19,30.25,30.68
588000,2025/02/12,35.23,35.99,34.90,35.74
588000,2025/02/13,35.13,35.90,34.75,35.31
588000,2025/02/14,34.51,35.00,33.93,34.12
588000,2025/02/17,34.49,35.83,34.39,35.38
588000,2025/02/18,34.37,35.24,34.23,34.80
588000,2025/02/19,34.38,35.39,34.33,34.64
588000,2025/02/20,33.98,34.63,33.55,34.16
588000,2025/02/21,33.88,42.32,33.63,40.46
588000,2025/02/24,40.57,41.71,39.18,39.64
588000,2025/02/25,40.69,41.48,38.80,39.52
588000,2025/02/26,39.46,41.89,38.81,40.93
588000,2025/02/27,41.48,41.76,39.18,39.55
588000,2025/02/28,37.98,38.93,37.63,38.25
588000,2025/03/03,37.84,37.84,35.80,36.06
588000,2025/03/04,33.88,42.32,33.63,40.46
588000,2025/03/05,35.33,36.10,35.04,35.15
588000,2025/03/06,35.08,36.87,35.08,35.77
588000,2025/03/07,36.09,36.09,33.69,33.94
588000,2025/03/10,34.19,34.48,33.71,33.90
588000,2025/03/11,35.08,36.87,35.08,35.77
588000,2025/03/12,34.67,34.67,33.35,33.37
588000,2025/03/13,34.32,34.32,33.42,33.53
588000,2025/03/14,31.51,35.86,31.51,35.11
588000,2025/03/17,36.27,36.27,34.02,34.83
588000,2025/03/18,33.84,35.29,33.50,33.67
588000,2025/03/19,34.71,34.96,31.85,32.17
588000,2025/03/20,32.06,32.19,30.25,30.68
588000,2025/03/21,30.88,32.99,29.93,32.37
588000,2025/03/24,30.40,31.95,29.77,30.94
588000,2025/03/25,34.67,34.67,33.35,33.37
588000,2025/03/26,35.38,35.38,30.30,30.78
588000,2025/03/27,27.74,30.01,27.64,29.49
588000,2025/03/28,28.00,28.05,27.57,28.05
588000,2025/03/31,27.36,29.05,27.36,28.08
588000,2025/04/01,28.11,28.33,27.10,27.13
588000,2025/04/02,26.18,27.43,26.18,27.36
588000,2025/04/03,28.66,28.66,27.29,27.34
588000,2025/04/07,34.25,65.82,34.22,57.21
588000,2025/04/08,50.81,51.82,43.38,46.10
588000,2025/04/09,47.30,47.98,41.97,42.15
588000,2025/04/10,42.40,42.81,36.89,37.33
588000,2025/04/11,37.60,38.81,35.46,35.61
588000,2025/04/14,37.00,37.50,36.00,36.00
588000,2025/04/15,32.16,32.16,31.05,31.20
588000,2025/04/16,31.00,31.98,31.00,31.77
588000,2025/04/17,31.10,32.00,31.00,31.20
588000,2025/04/18,31.54,31.54,30.00,30.65
588000,2025/04/21,30.30,31.50,29.68,29.68
588000,2025/04/22,30.00,30.00,27.94,28.81
588000,2025/04/23,29.34,29.34,28.26,28.76
588000,2025/04/24,27.93,29.00,27.53,27.53
588000,2025/04/25,28.34,28.85,27.99,28.59
588000,2025/04/28,32.13,32.13,31.75,31.75
588000,2025/04/29,30.92,32.59,30.76,32.47
588000,2025/04/30,29.74,33.15,29.74,33.15
588000,2025/05/06,33.90,33.90,29.09,29.26
588000,2025/05/07,30.45,31.20,29.05,29.32
588000,2025/05/08,28.52,29.15,28.52,29.15
588000,2025/05/09,27.20,30.41,27.20,29.99
588000,2025/05/12,28.88,31.39,28.88,31.33
588000,2025/05/13,31.71,31.71,30.27,30.47
588000,2025/05/14,31.71,32.00,30.27,31.00
588000,2025/05/15,30.68,31.61,30.28,30.66
588000,2025/05/16,27.36,29.05,27.36,28.08
588000,2025/05/19,29.98,30.56,28.03,28.97
588000,2025/05/20,29.73,30.06,27.73,29.25
588000,2025/05/21,28.36,30.41,28.17,29.77
588000,2025/05/22,30.12,32.15,30.12,31.70
588000,2025/05/23,30.98,33.61,30.05,32.19
588000,2025/05/26,28.67,30.80,28.67,29.29
588000,2025/05/27,28.50,29.98,28.39,29.33
588000,2025/05/28,27.29,29.78,27.29,28.41
588000,2025/05/29,27.84,28.43,27.05,27.24
588000,2025/05/30,26.89,27.52,26.61,26.84
588000,2025/06/03,27.29,27.31,25.60,25.70
588000,2025/06/04,24.88,25.41,24.53,25.33
588000,2025/06/05,24.35,25.75,24.22,24.88
588000,2025/06/06,23.18,25.40,23.18,25.16
588000,2025/06/09,23.73,25.63,23.73,24.85
588000,2025/06/10,23.53,25.58,23.53,25.38
588000,2025/06/11,23.61,24.69,23.61,24.54
588000,2025/06/12,23.40,25.39,23.40,25.39
588000,2025/06/13,24.09,26.50,24.09,26.20
588000,2025/06/16,26.25,26.84,25.49,25.76
588000,2025/06/17,25.93,25.93,25.09,25.17
588000,2025/06/18,22.76,25.97,22.58,25.54
588000,2025/06/19,22.05,26.31,22.05,25.80
588000,2025/06/20,24.08,25.55,23.78,25.06
588000,2025/06/23,24.00,25.96,24.00,24.27
588000,2025/06/24,23.71,24.85,23.57,24.65
588000,2025/06/25,23.14,29.73,23.14,29.73
588000,2025/06/26,28.38,28.84,25.75,25.84
588000,2025/06/27,26.06,27.29,25.31,25.31
588000,2025/06/30,26.12,26.46,25.20,25.66
588000,2025/07/01,25.65,25.68,24.93,25.08
588000,2025/07/02,21.85,24.69,21.85,24.14
588000,2025/07/03,21.89,24.53,21.89,24.31
588000,2025/07/04,25.65,25.68,24.93,25.08
588000,2025/07/07,22.10,25.02,22.10,24.77
588000,2025/07/08,21.46,25.93,21.46,25.89
588000,2025/07/09,24.66,26.78,24.60,26.15
588000,2025/07/10,26.18,26.91,25.51,26.54
588000,2025/07/11,25.89,29.37,25.89,28.61
588000,2025/07/14,29.32,29.73,28.66,28.85
588000,2025/07/15,27.79,29.23,27.66,28.53
588000,2025/07/16,26.36,28.69,26.36,26.96
588000,2025/07/17,25.33,27.19,25.33,26.38
588000,2025/07/18,26.42,27.01,25.15,25.20
588000,2025/07/21,25.64,26.44,25.17,25.65
588000,2025/07/22,26.04,27.09,25.88,26.96
588000,2025/07/23,27.48,29.68,27.37,28.74
588000,2025/07/24,28.05,28.44,27.17,27.29
588000,2025/07/25,26.46,30.51,26.46,30.00
588000,2025/07/28,31.25,32.79,31.08,31.64
588000,2025/07/29,31.18,31.71,30.74,31.18
588000,2025/07/30,30.60,31.86,30.25,30.30
588000,2025/07/31,30.35,30.75,29.23,29.84
588000,2025/08/01,30.24,30.36,28.71,28.75
588000,2025/08/04,28.25,29.76,28.21,28.46
588000,2025/08/05,26.31,28.45,26.31,28.30
588000,2025/08/06,27.64,28.77,27.27,28.45
588000,2025/08/07,28.00,28.81,27.93,28.50
588000,2025/08/08,26.72,28.66,26.69,27.97
588000,2025/08/11,26.37,28.82,26.37,28.71
588000,2025/08/12,27.00,29.83,27.00,29.08
588000,2025/08/13,30.35,30.75,29.23,29.84
588000,2025/08/14,33.17,33.17,31.50,31.57
588000,2025/08/15,30.63,34.00,30.63,33.47
588000,2025/08/18,33.17,33.17,31.50,31.57
588000,2025/08/19,35.75,38.95,35.75,36.45
588000,2025/08/20,40.00,41.00,40.00,40.00
588000,2025/08/21,45.17,45.17,34.10,36.51
588000,2025/08/22,40.73,57.00,38.45,56.47
588000,2025/08/25,56.35,56.35,49.75,52.42
588000,2025/08/26,52.38,53.93,49.15,49.44
588000,2025/08/27,50.14,51.11,46.28,46.28
588000,2025/08/28,48.40,55.19,47.19,55.19
588000,2025/08/29,54.34,56.64,53.81,54.31
588000,2025/09/01,56.53,57.80,51.03,51.04
588000,2025/09/02,47.45,51.40,47.45,47.90
588000,2025/09/03,47.58,47.58,44.55,44.55
588000,2025/09/04,43.54,46.41,43.54,46.41
588000,2025/09/05,43.41,47.56,43.19,45.45
588000,2025/09/08,44.90,45.84,43.67,44.08
588000,2025/09/09,43.41,47.56,43.19,45.45
588000,2025/09/10,41.03,42.92,40.92,40.92
588000,2025/09/11,39.81,47.85,39.81,39.81
588000,2025/09/12,45.51,48.58,44.79,44.83
588000,2025/09/15,46.72,47.69,46.18,46.90
588000,2025/09/16,46.90,48.14,46.41,47.72
588000,2025/09/17,42.76,50.40,42.76,42.76
588000,2025/09/18,50.03,51.02,48.82,50.39
588000,2025/09/19,50.11,50.95,47.81,47.81
588000,2025/09/22,49.08,49.08,46.76,47.75
588000,2025/09/23,46.90,48.14,46.41,47.72
588000,2025/09/24,46.96,48.89,45.47,47.78
588000,2025/09/25,48.32,49.06,45.26,45.47
588000,2025/09/26,46.94,47.48,46.47,46.65
588000,2025/09/29,48.13,49.27,46.67,46.73
588000,2025/09/30,46.96,48.89,45.47,47.78
588000,2025/10/09,45.00,48.14,45.00,47.72
588000,2025/10/10,44.53,47.11,43.86,44.93
588000,2025/10/13,61.36,61.36,50.62,51.86
588000,2025/10/14,52.78,53.97,47.62,53.14
588000,2025/10/15,53.36,54.67,47.14,47.27
588000,2025/10/16,53.36,54.67,47.14,47.27
588000,2025/10/17,45.57,48.18,44.05,45.50
588000,2025/10/20,42.76,50.40,42.76,43.00
588000,2025/10/21,45.17,45.17,34.10,36.51
588000,2025/10/22,40.73,46.00,38.45,46.00
588000,2025/10/23,38.00,39.00,36.50,37.00
588000,2025/10/24,36.32,36.65,35.18,35.49
588000,2025/10/27,37.88,38.98,37.56,37.56
588000,2025/10/28,38.39,38.78,37.81,37.88
588000,2025/10/29,38.03,39.64,38.00,39.64
588000,2025/10/30,39.89,40.79,38.27,38.49
588000,2025/10/31,39.15,39.30,38.31,38.31
588000,2025/11/03,39.67,40.21,38.22,38.68
588000,2025/11/04,38.88,38.93,38.12,38.72
588000,2025/11/05,39.40,40.20,38.12,38.57
588000,2025/11/06,38.60,38.60,37.23,37.52
588000,2025/11/07,37.63,37.85,36.86,36.92
588000,2025/11/11,37.83,37.95,37.03,37.69
588000,2025/11/12,38.00,38.20,37.53,37.71
588000,2025/11/13,36.78,37.00,35.82,36.37
588000,2025/11/14,36.30,36.50,35.69,36.48
588000,2025/11/17,36.86,37.45,35.84,36.17
588000,2025/11/18,36.25,36.88,35.61,36.69
588000,2025/11/19,35.48,36.74,35.48,35.93
588000,2025/11/20,35.41,35.72,34.50,34.56
588000,2025/11/21,35.70,37.72,34.99,35.48
588000,2025/11/24,35.00,36.00,34.00,35.00
588000,2025/11/25,36.78,37.00,35.82,36.37
588000,2025/11/26,33.00,35.00,33.00,34.00
588000,2025/11/27,31.31,31.68,30.33,31.07
588000,2025/11/28,29.83,31.39,29.83,30.21
588000,2025/12/01,31.01,32.13,29.71,29.85
588000,2025/12/02,28.08,30.63,28.08,30.00
588000,2025/12/03,32.01,32.27,30.91,31.33
588000,2025/12/04,31.00,31.00,30.00,30.00
588000,2025/12/05,29.44,31.83,29.26,30.89
588000,2025/12/08,32.83,35.10,32.38,33.40
588000,2025/12/09,33.78,34.49,31.75,32.17
588000,2025/12/10,32.00,35.00,32.00,33.00
588000,2025/12/11,36.48,41.58,35.08,40.11
588000,2025/12/12,40.93,40.93,32.29,32.29
588000,2025/12/15,44.92,46.77,42.50,46.09
588000,2025/12/16,47.38,56.90,45.73,51.44
588000,2025/12/17,53.82,53.82,39.57,44.73
588000,2025/12/18,46.04,52.62,43.51,51.22
588000,2025/12/19,44.00,44.00,40.00,41.00
588000,2025/12/22,38.00,38.00,33.00,33.00
588000,2025/12/23,29.00,32.00,28.00,30.00
588000,2025/12/24,24.82,26.30,24.71,26.07
588000,2025/12/25,26.15,26.69,26.03,26.25
588000,2025/12/26,25.87,27.95,25.87,26.32
588000,2025/12/29,27.08,27.96,27.08,27.67
588000,2025/12/30,27.61,30.00,27.55,27.58
588000,2025/12/31,32.00,33.00,31.00,33.00
588000,2026/01/05,35.41,35.72,34.50,34.56
588000,2026/01/06,35.70,37.72,34.99,35.48
588000,2026/01/07,35.00,36.00,34.00,34.00
588000,2026/01/08,36.78,37.00,35.82,36.37
588000,2026/01/09,31.95,34.24,31.95,33.10
588000,2026/01/12,35.64,41.11,33.63,40.71
588000,2026/01/13,41.71,42.92,35.49,36.64
588000,2026/01/14,37.59,39.75,35.17,39.56
588000,2026/01/15,38.06,38.49,33.24,33.80
588000,2026/01/16,34.83,34.83,32.58,33.28
588000,2026/01/19,37.32,37.32,31.14,31.59
588000,2026/01/20,31.47,31.47,28.47,28.98
588000,2026/01/21,28.83,31.98,28.75,30.79
588000,2026/01/22,32.18,33.45,30.62,31.15
588000,2026/01/23,31.92,34.30,31.13,33.98
588000,2026/01/26,36.74,37.11,33.78,34.44
588000,2026/01/27,34.84,34.84,32.05,33.33
588000,2026/01/28,34.03,34.22,32.58,32.76
588000,2026/01/29,33.31,33.35,31.67,32.95
588000,2026/01/30,33.67,36.42,32.22,32.61
588000,2026/02/02,31.97,37.32,31.54,36.01
588000,2026/02/03,34.67,34.67,29.90,30.23
588000,2026/02/04,32.00,32.00,31.00,31.50
588000,2026/02/05,33.88,35.07,33.47,33.80
588000,2026/02/06,33.67,36.42,32.22,32.61
588000,2026/02/09,35.51,35.51,32.96,33.03
588000,2026/02/10,33.43,33.70,30.43,30.38
588000,2026/02/11,35.00,36.00,34.00,34.00
588000,2026/02/12,30.33,31.17,29.17,31.01
588000,2026/02/13,31.96,32.42,31.15,32.49
588000,2026/02/24,35.68,35.68,29.84,30.14
588000,2026/02/25,30.55,30.55,28.58,29.09
588000,2026/02/26,29.66,29.66,27.31,27.91
588000,2026/02/27,28.29,28.43,26.88,27.03
588000,2026/03/02,29.80,30.05,28.41,28.65
588000,2026/03/03,28.78,36.39,28.14,36.07
588000,2026/03/04,38.77,38.77,33.78,35.51
588000,2026/03/05,33.48,33.48,29.95,30.51
588000,2026/03/06,30.69,30.69,27.61,27.87
588000,2026/03/09,33.39,39.95,32.12,32.76
588000,2026/03/10,30.18,30.56,28.80,28.97
588000,2026/03/11,35.00,36.00,34.00,34.00
588000,2026/03/12,33.48,33.48,29.95,30.51
588000,2026/03/13,35.00,36.00,34.00,34.00
588000,2026/03/16,36.84,38.79,34.25,34.67
588000,2026/03/17,33.39,39.95,32.12,32.76
588000,2026/03/18,37.07,37.66,37.07,37.66
588000,2026/03/19,33.39,39.95,32.12,32.76
588000,2026/03/20,36.51,38.35,34.85,36.51
588000,2026/03/23,60.06,72.18,52.84,69.75
588000,2026/03/24,61.15,69.41,51.91,56.58
588000,2026/03/25,33.66,33.66,30.32,30.51
588000,2026/03/26,30.78,32.20,30.05,32.06
588000,2026/03/27,33.96,34.01,31.21,31.59
588000,2026/03/30,36.84,39.00,34.00,34.67
588000,2026/03/31,33.67,36.42,32.22,32.61
588000,2026/04/01,33.00,33.17,31.94,32.14
588000,2026/04/02,32.45,35.62,32.21,34.17
588000,2026/04/03,33.87,35.89,33.70,34.88
588000,2026/04/07,34.90,34.90,32.24,33.50
588000,2026/04/08,29.47,30.12,27.00,29.40
588000,2026/04/09,29.25,30.17,28.98,29.16
588000,2026/04/10,29.23,29.99,28.51,29.49
588000,2026/04/13,31.27,32.00,30.34,30.76
588000,2026/04/14,31.24,32.11,30.27,31.63
588000,2026/04/15,33.22,33.22,31.26,31.35
588000,2026/04/16,31.99,32.69,31.44,31.96
588000,2026/04/17,31.99,33.13,29.94,30.03
588000,2026/04/20,31.35,31.61,28.76,29.40
588000,2026/04/21,29.52,29.86,29.10,29.86
588000,2026/04/22,30.00,29.20,31.00,30.20
588000,2026/04/23,30.26,32.07,30.25,31.29
588000,2026/04/24,32.18,32.97,31.54,31.54
588000,2026/04/27,33.28,33.83,32.96,33.18
588000,2026/04/28,33.68,34.02,31.76,31.87
588000,2026/04/29,32.57,32.57,31.05,31.05
588000,2026/04/30,32.00,35.21,31.92,33.47
588000,2026/05/06,32.18,33.45,30.62,31.15
588000,2026/05/07,33.66,33.66,30.32,30.51
588000,2026/05/08,36.84,39.00,34.00,34.67
588000,2026/05/11,42.07,42.64,40.32,40.60
588000,2026/05/12,41.10,42.46,40.36,41.14
588000,2026/05/13,41.00,42.00,41.00,42.00
588000,2026/05/14,43.14,43.33,40.06,40.22
588000,2026/05/15,40.94,41.91,39.59,41.09
588000,2026/05/18,43.43,43.78,40.11,40.41
588000,2026/05/19,41.12,42.14,38.88,41.96
588000,2026/05/20,42.00,43.48,37.50,38.13
588000,2026/05/21,38.00,41.49,34.90,41.49
588000,2026/05/22,40.20,41.65,38.67,38.70
588000,2026/05/25,40.88,41.17,37.61,39.95
588000,2026/05/26,40.61,43.48,40.58,40.60
588000,2026/05/27,41.66,44.71,41.13,44.30
588000,2026/05/28,45.51,45.79,42.71,43.61
588000,2026/05/29,48.13,49.27,46.67,46.73
588000,2026/06/01,46.95,47.45,44.02,45.63
588000,2026/06/02,45.61,46.51,43.30,43.52
588000,2026/06/03,45.20,46.30,45.00,46.00
588000,2026/06/04,45.64,46.61,45.06,45.33
588000,2026/06/05,46.99,46.99,44.14,44.60
588000,2026/06/08,48.74,49.76,46.54,46.97
588000,2026/06/09,47.57,47.64,43.95,44.14
588000,2026/06/10,46.99,47.00,44.14,44.60
588000,2026/06/11,46.35,46.47,46.35,46.47
588000,2026/06/12,44.99,46.13,44.44,44.54
588000,2026/06/15,45.92,46.36,43.86,44.81
588000,2026/06/16,45.48,46.26,45.04,45.35
588000,2026/06/17,45.58,49.21,45.49,48.37
588000,2026/06/18,49.66,51.31,48.77,49.70
588000,2026/06/22,52.00,53.33,51.58,52.67
588000,2026/06/23,53.66,54.74,52.78,54.66
588000,2026/06/24,54.70,55.10,51.34,51.89
588000,2026/06/25,53.31,53.53,51.28,51.41
588000,2026/06/26,52.49,56.34,52.30,53.66
588000,2026/06/29,49.66,51.31,48.77,49.70
588000,2026/06/30,52.00,53.33,51.58,52.67
588000,2026/07/01,54.70,55.10,51.34,51.89
588000,2026/07/02,52.00,53.33,51.58,52.67
588000,2026/07/03,53.66,54.74,52.78,54.66
588000,2026/07/06,52.00,52.30,51.00,51.10
588000,2026/07/07,52.17,52.17,50.51,50.70
588000,2026/07/08,51.06,51.43,51.06,51.43
588000,2026/07/09,52.02,56.48,51.45,56.17
588000,2026/07/10,57.02,57.02,53.39,53.53
588000,2026/07/13,55.57,56.53,54.32,55.64
588000,2026/07/14,55.72,58.20,54.69,55.71
588000,2026/07/15,56.64,58.50,55.67,56.99
588000,2026/07/16,58.72,60.93,56.46,58.34
588000,2026/07/17,59.27,63.98,59.00,59.07
588000,2026/07/20,60.69,61.42,57.30,57.30
588000,2026/07/21,59.35,59.35,54.76,57.28
588000,2026/07/22,57.42,60.83,55.83,56.17
588000,2026/07/23,46.95,47.45,44.02,45.63
588000,2026/07/24,50.86,55.46,50.86,55.03
588000,2026/07/27,54.00,54.00,53.20,53.90
588000,2026/07/28,55.33,56.74,55.33,56.74
588000,2026/07/29,56.57,66.48,56.57,58.67
588000,2026/07/30,59.78,66.69,59.78,64.23
588000,2026/07/31,61.85,63.59,28.56,60.08
